Unnamed: 0,smiles,solvent,peakwavs_max,split
4,B1Nc2cccc3c2-n2c1ccc2BN3,ClCCl,3.6753082,val
9,C#CC(=O)c1ccc2c(c1)C(C)(C)c1cc(N(C)C)ccc1-2,C1COCCO1,3.112791,val
10,C#CC(=O)c1ccc2c(c1)C(C)(C)c1cc(N(C)C)ccc1-2,CC#N,3.1159973,val
14,C#CC(C#C)=c1s/c(=c2/s/c(=C\c3ccc(N4c5ccccc5C5CCCC54)cc3)c(=O)n2CC(=O)O)c(=O)n1CCCCCCCC,ClC(Cl)Cl,2.6125617,val
15,C#CC1=CN2C(=N/[N+](=C/c3ccc(-c4cccs4)cc3)[B-]2(F)F)C=C1,CO,2.5193157,val
19,C#CCN(C)c1ccc2c(c1)C(C)(C)c1cc(C(C)=O)ccc1-2,CC#N,3.3952224,val
25,C#CCN(C)c1ccc2c(c1)C(C)(C)c1cc(C(C)=O)ccc1-2,CO,3.4157434,val
31,C#CCN1C(=O)/C(=C/c2cc(OC(C)C)ccc2OC(C)C)N=C1C,CC#N,3.188679,val
34,C#CCN1C(=O)/C(=C/c2cc(OC(C)C)ccc2OC(C)C)N=C1C,CCCCO,3.1651335,val
47,C#CCNC1=C2C=C(c3cc4n(c3)[B-](F)(F)[N+]3=CC=CC3=C4c3c(C)cc(C)cc3C)C(C)=[N+]2[B-](F)(F)n2c(C)ccc21,CCOC(C)=O,2.2163448,val
48,C#CCNC1=C2C=CC=[N+]2[B-](F)(F)n2cccc21,C1CCCCC1,3.0362039,val
61,C#CCOc1ccc(/C=C/C2=[N+]3C(=C(c4ccc(N(C)C)cc4)c4c(C)cc(C)n4[B-]3(F)F)C(C)=C2)cc1,CO,2.2211742,val
103,C(#Cc1c2ccccc2c(C#Cc2ccccc2)c2ccccc12)c1ccccc1,C1CCCCC1,2.6222806,val
109,C(#Cc1cc(C#Cc2cccs2)c(C#Cc2cccs2)c(C#Cc2cccs2)c1C#Cc1cccs1)c1cccs1,ClCCl,3.387037,val
111,C(#Cc1ccc(-n2c3ccccc3c3ccccc32)cc1)c1ccc(-c2nc(-c3ccc(C#Cc4ccc(-n5c6ccccc6c6ccccc65)cc4)cc3)nc(-c3ccc(C#Cc4ccc(-n5c6ccccc6c6ccccc65)cc4)cc3)n2)cc1,ClCCl,3.3912718,val
123,C(#Cc1ccc2c(c1)Cc1ccccc1-2)c1ccc(-n2c3ccccc3c3ccccc32)cc1,ClCCl,3.6240215,val
124,C(#Cc1ccc2c(c1)c1cc(C#Cc3ccccc3)ccc1n2-c1cc2ccccc2c2ccccc12)c1ccccc1,ClCCl,3.7302,val
126,C(#Cc1ccc2ccccc2c1)c1ccc(-n2c3ccccc3c3ccccc32)cc1,ClCCl,3.7026,val
144,C(#Cc1ccccc1)C(C#Cc1ccccc1)=c1c2ccccc2c(=C(C#Cc2ccccc2)C#Cc2ccccc2)c2ccccc12,ClC(Cl)Cl,2.7920437,val
155,C(#Cc1cccs1)c1ncc(-c2ccccc2)o1,ClCCl,3.7050297,val
163,C(#Cc1ncc(-c2ccccc2)o1)c1cccnc1,ClCCl,3.7187593,val
166,C(#Cc1ncnc2ccccc12)c1ccc(N(c2ccccc2)c2ccccc2)cc1,ClCCl,3.111959,val
170,C(/C=C/c1cc2c3c(c1)CCCN3CCC2)=C\c1ccncc1,CO,2.9661565,val
173,C(/C=C/c1ccc(-n2c3ccccc3c3ccccc32)cc1)=C\c1ccncc1,CCCCCCC,3.5050402,val
177,C(/C=C/c1ccc(N(c2ccccc2)c2ccccc2)cc1)=C\c1ccncc1,CCCCCCC,3.2652323,val
192,C(=C/c1c2ccccc2cc2ccccc12)\c1ccc(/C=C/c2ccc3ccc4cccc5ccc2c3c45)cc1,CCCCCC,3.0419102,val
210,C(=C/c1c2ccccc2cc2ccccc12)\c1cnc2ccccc2c1,CC1CCCCC1,3.1705236,val
212,C(=C/c1cc(-c2ccccc2)c(/C=C/c2ccc(N(c3ccccc3)c3ccccc3)cc2)cc1-c1ccccc1)\c1ccc(N(c2ccccc2)c2ccccc2)cc1,ClCCl,3.0718746,val
224,C(=C/c1ccc(-c2nc3c4cccnc4c4ncccc4c3[nH]2)cc1)\c1ccncc1,C1CCOC1,3.4225657,val
228,C(=C/c1ccc(-c2nnc(-c3ccc(/C=C/c4ccc(-c5nc(-c6ccccc6)c(-c6ccccc6)[nH]5)cc4)cc3)o2)cc1)\c1ccc(-c2nc(-c3ccccc3)c(-c3ccccc3)[nH]2)cc1,C1CCOC1,3.237643,val
251,C(=C/c1ccc(N(c2ccc(/C=C/c3ccc(N(c4ccccc4)c4ccccc4)cc3)cc2)c2ccc(/C=C/c3ccc(/C=C/c4ccc(N(c5ccc(/C=C/c6ccc(N(c7ccccc7)c7ccccc7)cc6)cc5)c5ccc(/C=C/c6ccc(N(c7ccccc7)c7ccccc7)cc6)cc5)cc4)c4nsnc34)cc2)cc1)\c1ccc(N(c2ccccc2)c2ccccc2)cc1,ClC(Cl)Cl,2.5683496,val
253,C(=C/c1ccc(N(c2ccccc2)c2ccccc2)cc1)\c1ccc(-c2cc(-c3ccccn3)nc(-c3ccccn3)c2)cc1,C1COCCO1,3.27404,val
260,C(=C/c1ccc(N(c2ccccc2)c2ccccc2)cc1)\c1ccccc1,CC#N,3.398329,val
261,C(=C/c1ccc(N(c2ccccc2)c2ccccc2)cc1)\c1ccccc1,CCCCCC,3.4125009,val
267,C(=C/c1ccc2ccccc2c1)\c1ccc(N(c2ccccc2)c2ccccc2)cc1,CCCCCC,3.3264039,val
271,C(=C/c1ccc2ccccc2n1)\c1ccc(N(c2ccccc2)c2ccccc2)cc1,ClCCl,3.0666313,val
276,C(=C/c1cccc2ccccc12)\c1ccc(-c2nnc(-c3ccc(-c4cc5ccccc5s4)cc3)o2)cc1,CCCCCCCC,3.5678496,val
277,C(=C/c1cccc2ccccc12)\c1ccc(-c2nnc(-c3ccc(-c4cc5ccccc5s4)cc3)o2)cc1,CCCCCCCCCCO,3.5641425,val
303,C(=C/c1ccnc2ccccc12)\c1ccc(/C=C/c2ccnc3ccccc23)cc1,CCO,3.3000057,val
305,C(=C/c1ccnc2ccccc12)\c1ccc(/C=C/c2ccnc3ccccc23)cc1,CO,3.3096411,val
307,C(=C/c1ccnc2ccccc12)\c1ccc(/C=C/c2ccnc3ccccc23)cc1,ClC(Cl)Cl,3.2756166,val
319,C(=C/c1ccncn1)\c1ccc(N(c2ccccc2)c2ccccc2)cc1,CC#N,3.2287185,val
320,C(=C/c1ccncn1)\c1ccc(N(c2ccccc2)c2ccccc2)cc1,CCCCCCC,3.2517004,val
322,C(=C/c1ccncn1)\c1ccc(N(c2ccccc2)c2ccccc2)cc1,ClCCl,3.234474,val
339,C(=C/c1cnccn1)\c1ccc(N(c2ccccc2)c2ccccc2)cc1,CC#N,3.2178586,val
344,C(=C/c1nc(/C=C/c2ccc(-n3c4ccccc4c4ccccc43)cc2)nc(/C=C/c2ccc(-n3c4ccccc4c4ccccc43)cc2)n1)\c1ccc(-n2c3ccccc3c3ccccc32)cc1,C1CCOC1,3.3661356,val
346,C(=C/c1nc(/C=C/c2ccc(-n3c4ccccc4c4ccccc43)cc2)nc(/C=C/c2ccc(-n3c4ccccc4c4ccccc43)cc2)n1)\c1ccc(-n2c3ccccc3c3ccccc32)cc1,ClCCl,3.3333132,val
349,C(=C/c1nc2ccccc2[nH]1)\c1ccc(-c2nc3c4cccnc4c4ncccc4c3[nH]2)cc1,C1CCOC1,3.3025143,val
352,C(=C/c1nc2ccccc2[nH]1)\c1ccc(-c2nc3c4cccnc4c4ncccc4c3[nH]2)cc1,ClCCl,3.2659943,val
357,C(=C/c1nc2ccccc2[nH]1)\c1ccc(/C=C/c2nc3ccccc3[nH]2)cc1,CO,3.1972718,val
358,C(=C/c1nc2ccccc2[nH]1)\c1ccc(/C=C/c2nc3ccccc3[nH]2)cc1,CS(C)=O,3.1417527,val
374,C(=C/c1nc2ccccc2s1)\c1ccccc1,CO,3.6495543,val
385,C(=C/c1ncnc2ccccc12)\c1ccc(N2CCCCC2)cc1,ClCCl,3.042006,val
390,C(=C1c2ccccc2CCc2ccccc21)c1ccc(C=C2c3ccccc3CCc3ccccc32)cc1,C1CCOC1,3.5603604,val
395,C(=C\c1ccc2ccc3cccc4ccc1c2c34)\c1ccc(/C=C/c2c3ccccc3cc3ccccc23)cc1,CCCCCC,3.0958028,val
413,C(=Cc1ccccc1C=Cc1ccccc1)c1ccccc1,c1ccccc1,3.8034656,val
414,C(=Cc1cccnn1)C=C1C=C(c2ccccc2)OC(c2ccccc2)=C1,ClCCl,2.6881826,val
417,C(=Cc1ccnc(-n2ccnc2)n1)c1ccc(N(c2ccccc2)c2ccccc2)cc1,CN(C)C=O,3.324586,val
424,C(=N/c1ccc(-c2cn3nc(-c4cccs4)sc3n2)cc1)\c1ccc2ccc3cccc4ccc1c2c34,ClC(Cl)Cl,3.1592062,val
428,C(C#Cc1ccc2ccc3cccc4ccc1c2c34)#Cc1cccc2ccccc12,CC#N,3.207657,val
437,C(S/C=C/c1ccc(/C=C/SC=C(c2ccccc2)c2ccccc2)cc1)=C(c1ccccc1)c1ccccc1,ClCCl,3.431152,val
440,C(S/C=C/c1ccc(/C=C/SC=C2CCCCCC2)cc1)=C1CCCCCC1,ClCCl,3.4951074,val
442,C(\c1ccccc1)=c1\o/c(=C\c2ccc(N3CCCC3)cc2)c2ccccc12,ClCCl,3.0335865,val
455,C/C(=N\Nc1ccc(C#N)cc1)c1cccc(/C(C)=N/Nc2ccc(C#N)cc2)c1,CO,3.466935,val
470,C/N=N/C,CCO,5.258544,val
473,C1=C(/C=C/c2ccccc2)B(c2ccccc2)N2CCN3B(c4ccccc4)C(/C=C/c4ccccc4)=Cc4ccc1c2c43,ClCCl,3.233169,val
474,C1=C(c2ccc(-c3cccs3)s2)CCC(c2ccccc2)C1,C1CCOC1,3.6385384,val
482,C1=C(c2ccc(-c3cccs3)s2)CCCC1,C1CCOC1,3.5985832,val
485,C1=C(c2ccc(-c3cccs3)s2)CCCC1,CCO,3.5977542,val
488,C1=C(c2ccccc2)B(c2ccccc2)N2CCN3B(c4ccccc4)C(c4ccccc4)=Cc4ccc1c2c43,ClCCl,3.5221133,val
498,C1=C(c2ccccc2)C=C(c2ccccc2)/C1=C/c1ccccc1,C1CCOC1,3.1527262,val
499,C1=C(c2ccccc2)C=C(c2ccccc2)SC1(Cc1ccccc1)c1ccccc1,CCO,3.5343575,val
500,C1=C(c2ccccc2)Cc2ccccc21,CCOC(C)=O,4.034712,val
506,C1=C2B(Nc3ccc(N(c4ccccc4)c4ccccc4)cc31)c1cc(N(c3ccccc3)c3ccccc3)ccc1C(c1ccccc1)=C2c1ccccc1,Cc1ccccc1,2.9457257,val
507,C1=C2B(Nc3ccc(N(c4ccccc4)c4ccccc4)cc31)c1cc(N(c3ccccc3)c3ccccc3)ccc1C(c1ccccc1)=C2c1ccccc1,ClCCl,2.8897088,val
509,C1=C2B(Nc3ccccc31)c1cc(-c3ccc4c(c3)B3Nc5ccccc5C=C3C(c3ccccc3)=C4c3ccccc3)ccc1C(c1ccccc1)=C2c1ccccc1,ClCCl,3.1151526,val
510,C1=C2B(Nc3ccccc31)c1cc(-c3ccc4c(c3)C=C3B(N4)c4cc(-c5ccc6c(c5)B5Nc7ccccc7C=C5C(c5ccccc5)=C6c5ccccc5)ccc4C(c4ccccc4)=C3c3ccccc3)ccc1C(c1ccccc1)=C2c1ccccc1,ClCCl,3.075616,val
517,C1=C2C3=C(C4=[N+]2[B-]2(Oc5ccccc54)Oc4ccccc4-c4c5c(c1n42)C1CCC5CC1)C1CCC3CC1,ClCCl,1.9850872,val
521,C1=CB2C=Cc3cc4ccccc4cc3N2C=C1,ClCCl,3.5133827,val
523,C1=CC(=NC2c3cccnc3-c3ncccc32)C(OCC(COC2C=CC=CC2=NC2c3cccnc3-c3ncccc32)(COC2C=CC=CC2=NC2c3cccnc3-c3ncccc32)COC2C=CC=CC2=NC2c3cccnc3-c3ncccc32)C=C1,ClC(Cl)Cl,3.3625746,val
535,C1=CSC(=C2SC=C(/C=C/C=C/C=C/C3=CSC(=C4SC=CS4)S3)S2)S1,C1CCOC1,2.564056,val
536,C1=CSC(=C2SC=C(/C=C/C=C/C=C/C3=CSC(=C4SC=CS4)S3)S2)S1,C1COCCO1,2.5650694,val
537,C1=CSC(=C2SC=C(/C=C/C=C/C=C/C3=CSC(=C4SC=CS4)S3)S2)S1,CC#N,2.5724378,val
538,C1=CSC(=C2SC=C(/C=C/C=C/C=C/C3=CSC(=C4SC=CS4)S3)S2)S1,CC(C)=O,2.5826788,val
539,C1=CSC(=C2SC=C(/C=C/C=C/C=C/C3=CSC(=C4SC=CS4)S3)S2)S1,CC1CCCCC1,2.579013,val
540,C1=CSC(=C2SC=C(/C=C/C=C/C=C/C3=CSC(=C4SC=CS4)S3)S2)S1,CCCCCC,2.5902524,val
562,C1=Cc2ccccc2C(=Cc2ccc(-c3ccc(C=C4c5ccccc5-c5ccccc54)cc3)cc2)c2ccccc21,C1CCOC1,3.5218527,val
563,C1=Cc2ccccc2C(=Cc2ccc(-c3ccc(C=C4c5ccccc5C=Cc5ccccc54)cc3)cc2)c2ccccc21,C1CCOC1,3.543056,val
567,C1=Cc2nc1c(-c1ccccc1)c1ccc([nH]1)c(-c1ccccc1)c1cc(c(-c3ccccc3)c3ccc([nH]3)c2-c2ccccc2)N=C1,ClCCl,2.9482963,val
583,C1=[N+](c2ccccc2)[B-]2(Oc3c1ccc1c4c(ccc31)C=[N+](c1ccccc1)[B-]1(O4)c3ccccc3Oc3ccccc31)c1ccccc1Oc1ccccc12,Cc1ccccc1,2.2841787,val
597,C=C(C)C(CN1C(=O)c2cccc3cccc(c23)C1=O)OO,CCO,3.5843172,val
614,C=CC1CN2CCC1CC2[C@@H](OCc1ccccc1)c1ccnc2ccc(O)cc12,ClCCl,3.664062,val
615,C=CC1CN2CCC1CC2[C@H](O)c1ccnc2ccc(OC)cc12,O,3.8366656,val
616,C=CCCC(=O)Nc1ccc(C(=O)/C=C/c2ccc(N(C)CCO)cc2)cc1,CS(C)=O,2.9964607,val
618,C=CCCc1c2ccccc2cc2ccccc12,CC#N,3.269758,val
622,C=CCN1c2ccccc2C(C)(C)C12C=Cc1c(c(-c3nc(-c4ccccc4)c(-c4ccccc4)o3)cc3ccccc13)O2,Cc1ccccc1,3.8687034,val
627,C=CCNc1cc2c3c(c(NC=C)cc4c3c1C(=O)N(CC=C)C4=O)C(=O)N(CC=C)C2=O,Cc1ccccc1,2.103635,val
651,C=CCn1c2ccccc2c2cc(C(=O)OC)nc(-c3nc4ccccc4s3)c21,ClC(Cl)Cl,3.3018384,val
657,C=Cc1c2ccccc2cc2ccccc12,CC#N,3.5086591,val
658,C=Cc1cc(OC)cc(OC)c1,C1CCCCC1,4.1580105,val
659,C=Cc1cc2cc3c(cc2oc1=O)OCO3,CC#N,3.542163,val
665,C=Cc1ccc(-c2ccc(-c3nnc(-c4ccc(-c5nnc(-c6ccc(-c7ccc(C=C)cc7)s6)o5)cc4)o3)s2)cc1,CC#N,3.62104,val
669,C=Cc1ccc(-c2ccc(-c3nnc(-c4ccc(-c5nnc(-c6ccc(-c7ccc(C=C)cc7)s6)o5)cc4)o3)s2)cc1,CCCCCCO,3.612703,val
679,C=Cc1ccc(N(c2ccccc2)c2ccc(C=CC=C(C#N)C(=O)O)cc2)cc1,CO,2.7497582,val
688,C=Cc1ccnc(-c2cc(-c3cc(C=C)ccn3)cc(-c3cc(C=C)ccn3)c2)c1,CC1COC(=O)O1,3.6500487,val
696,CC#CCCCCC,CCCCCC,4.9290223,val
699,CC(=C1C=C(c2ccccc2)OC(c2ccccc2)=C1)c1ccc(-c2ccc(/C=C(\C#N)C(=O)O)cc2)cc1,ClCCl,2.7731924,val
701,CC(=O)/C(=C(/C)O)c1ccc(C#Cc2ccc3c4c(Oc5ccc(C(C)(C)C)cc5)cc5c6c(cc(Oc7ccc(C(C)(C)C)cc7)c(c7cccc2c73)c64)C(=O)N(c2cc(C(C)(C)C)ccc2C(C)(C)C)C5=O)cc1,CN(C)C=O,2.3701031,val
710,CC(=O)CCc1ccc2c(N=Nc3c([N+](=O)[O-])cc(C(=O)O)cc3[N+](=O)[O-])c(O)ccc2c1,CCOC(C)=O,2.620072,val
715,CC(=O)N(Cc1ccccn1)c1c2ccccc2c2c3c(cccc13)C(=O)N(Cc1ccccn1)C2=O,C1CCOC1,2.691854,val
718,CC(=O)N(Cc1ccccn1)c1c2ccccc2c2c3c(cccc13)C(=O)N(Cc1ccccn1)C2=O,Cc1ccccc1,2.6792316,val
726,CC(=O)Nc1cc2ccc3cccc4ccc(c1)c2c34,CC#N,3.7015748,val
732,CC(=O)Nc1ccc(C2=C/C(=C\c3ccc(C#N)cc3)C(=O)N2)cc1,C1COCCO1,2.7051451,val
733,CC(=O)Nc1ccc(C2=C/C(=C\c3ccc(C#N)cc3)C(=O)N2CC(C)C)cc1,C1COCCO1,2.7307198,val
739,CC(=O)Nc1ccc(N=Nc2nc3ccc([N+](=O)[O-])cc3s2)cc1,CO,3.2933927,val
741,CC(=O)Nc1ccc(O)cc1,C1CCOC1,4.274351,val
748,CC(=O)Nc1ccc2c3cccc4cccc(c5cccc1c52)c43,CCOC(C)=O,2.6966043,val
750,CC(=O)Nc1ccc2ccc3cccc4ccc1c2c34,CCCCOCCCC,3.668525,val
760,CC(=O)Nc1ccccc1C(=O)OC1CC(C)CCC1C(C)C,ClCCl,3.9304082,val
787,CC(=O)O[B-]1(OC(C)=O)OC(/C=C/c2ccc(C)cc2)=CC(/C=C/c2ccc(C)cc2)=[O+]1,CC(C)=O,2.8191855,val
796,CC(=O)O[B-]1(OC(C)=O)OC(/C=C/c2cccc3ccccc23)=CC(/C=C/c2cccc3ccccc23)=[O+]1,Cc1ccccc1,2.7163801,val
804,CC(=O)O[B-]1(OC(C)=O)OC(/C=C/c2ccccc2)=CC(/C=C/c2ccccc2)=[O+]1,ClC(Cl)Cl,2.8437166,val
806,CC(=O)Oc1ccc(/C=C/c2nc3c(c(=O)n(C)c(=O)n3C)n2C)cc1,ClCCl,3.5403433,val
810,CC(=O)[B-]1(C(C)=O)OC(c2ccc3ccccc3c2)=CC(c2ccc3ccccc3c2)=[O+]1,CC#N,3.0071614,val
811,CC(=O)[B-]1(C(C)=O)OC(c2ccc3ccccc3c2)=CC(c2ccc3ccccc3c2)=[O+]1,ClC(Cl)(Cl)Cl,2.9370418,val
817,CC(=O)c1c(N[C@@H](CS)C(=O)O)c2ccc(N(C)C)cc2oc1=O,ClCCl,3.2440517,val
818,CC(=O)c1c(N[C@@H](Cc2ccc(O)cc2)C(=O)O)c2ccc(N(C)C)cc2oc1=O,ClCCl,3.2815218,val
829,CC(=O)c1c2c(cc3c(N(C)C)cccc13)CCC2,ClC(Cl)Cl,3.7761385,val
834,CC(=O)c1c2c(cc3cc(N(C)C)ccc13)CCC2,CCO,3.3305614,val
837,CC(=O)c1c2c(cc3cc(N(C)C)ccc13)CCC2,ClC(Cl)Cl,3.339959,val
844,CC(=O)c1c2c(cc3ccc(N(C)C)cc13)CCC2,CS(C)=O,3.3041556,val
853,CC(=O)c1c2ccccc2n2c(-c3ccc(C)cc3)c(-c3ccc(C)cc3)c(-c3ccc(C)cc3)c(-c3ccc(C)cc3)c12,CC#N,3.1436727,val
864,CC(=O)c1ccc(-c2c3cc([N+](=O)[O-])ccc3nn2C)s1,CC#N,3.1906304,val
871,CC(=O)c1ccc(-c2cccc3ncc(-c4ccccc4)n23)cc1,ClCCl,3.4805102,val
873,CC(=O)c1ccc(-c2cnc3nn4ccccc4c3n2)cc1,C1CCOC1,3.0452733,val
874,CC(=O)c1ccc(-c2scc3c2OCCO3)cc1,ClCCl,3.4086626,val
875,CC(=O)c1ccc(/C=C/N(c2ccccc2)c2ccccc2)cc1,Cc1ccccc1,3.1429322,val
891,CC(=O)c1ccc(NC(=O)c2ccc(N(C)C)cc2)cc1,CC#N,3.7968516,val
894,CC(=O)c1ccc([N+]([O-])=Cc2ccc3c(c2)Sc2ccccc2N3C)cc1,ClCCl,3.4141538,val
896,CC(=O)c1ccc2c(c1)C(C)(C)c1cc(N(C)CC#Cc3cn([C@H]4C[C@H](O)[C@@H](CO)O4)c(=O)nc3N)ccc1-2,CCOC(C)=O,3.4485276,val
907,CC(=O)c1ccc2ccc3c(NCCC(=O)NCCCCCCc4nc5c(=O)[nH]c(N)nc5n4[C@H]4C[C@H](O)[C@@H](CO)O4)ccc4ccc1c2c43,CC(C)O,2.7797263,val
909,CC(=O)c1ccc2ccc3c(NCCC(=O)NCCCCCCc4nc5c(=O)[nH]c(N)nc5n4[C@H]4C[C@H](O)[C@@H](CO)O4)ccc4ccc1c2c43,CO,2.7828412,val
917,CC(=O)c1ccc2nn(C)c(-c3ccc(C(C)=O)o3)c2c1,CC#N,3.3906016,val
919,CC(=O)c1ccc2nn(C)c(-c3ccc(C)o3)c2c1,CC#N,3.4630077,val
921,CC(=O)c1ccc2nn(C)c(-c3ccc(C)s3)c2c1,CC#N,3.5329032,val
923,CC(=O)c1ccc2nn(C)c(-c3ccc(C=O)o3)c2c1,CC#N,3.3255072,val
931,CC(=O)c1ccn2c3c(c(-c4ccc(F)cc4)c2c1)CN(CCCNC(=O)OC(C)(C)C)C3=O,CO,3.037482,val
942,CC(=O)c1nc(-c2ccc(C)cc2)oc1C,CCCCCC,4.5628686,val
949,CC(=O)c1nc(-c2ccc(N(C)C)cc2)oc1C,CCO,3.917165,val
957,CC(=O)c1nc(-c2ccc(N(c3ccccc3)c3ccccc3)cc2)oc1C,CCOCC,3.7318478,val
970,CC(C)(C)C#Cc1ccc2c3cccc4cccc(c5cccc1c52)c43,C1CCCCC1,2.7264543,val
975,CC(C)(C)C(Cc1ccc2ccccc2n1)=NN=C(Cc1ccc2ccccc2n1)C(C)(C)C,CCO,3.6180153,val
1006,CC(C)(C)C1Nc2ccccc2C(=O)N1Cc1ccccc1,CC#N,3.5547771,val
1010,CC(C)(C)C1Nc2ccccc2C(=O)N1Cc1ccccc1,c1ccccc1,3.558494,val
1011,CC(C)(C)C1Nc2ccccc2C(=O)N1c1ccccc1,CC#N,3.5841446,val
1015,CC(C)(C)C1Nc2ccccc2C(=O)N1c1ccccc1,c1ccccc1,3.5789962,val
1019,CC(C)(C)CC(C)(C)c1ccc(N(c2ccc(C(C)(C)CC(C)(C)C)cc2)c2ccc3c4ccc5c6c(ccc(c7cccc2c73)c64)C(=O)N(CC(=O)O)C5=O)cc1,ClCCl,2.3459308,val
1020,CC(C)(C)CC(C)(C)c1ccc(N(c2ccc(C(C)(C)CC(C)(C)C)cc2)c2ccc3c4ccc5c6c(ccc(c7cccc2c73)c64)C(=O)OC5=O)cc1,ClCCl,2.3054738,val
1021,CC(C)(C)CC(C)(C)c1ccc(Oc2cc3c4c(cc(Oc5ccc(C(C)(C)CC(C)(C)C)cc5)c5c6ccc(N(c7ccc(C(C)(C)CC(C)(C)C)cc7)c7ccc(C(C)(C)CC(C)(C)C)cc7)c7cccc(c2c45)c76)C(=O)OC3=O)cc1,ClCCl,2.2046947,val
1032,CC(C)(C)NC(=O)C(OC(=O)c1ccccc1)C1=CC2=C(c3cccs3)c3cccn3[B-](F)(F)[N+]2=C1,CCOC(C)=O,2.451744,val
1040,CC(C)(C)NC(=O)C(OC(=O)c1ccccc1)c1ccc(C2=C3C=CC=[N+]3[B-](F)(F)n3cccc32)s1,CCOC(C)=O,2.4679704,val
1041,CC(C)(C)NC(=O)C(OC(=O)c1ccccc1)c1cccc(C2=C3C=CC(c4ccc([N+](=O)[O-])cc4)=[N+]3[B-](F)(F)n3cccc32)c1,C1CCOC1,2.3483334,val
1062,CC(C)(C)NC1=C2C=CC=[N+]2[B-](F)(F)n2cccc21,C1CCCCC1,2.9598396,val
1076,CC(C)(C)Nc1c(-c2ccc(-c3cc(=O)cc(-c4ccccc4)o3)cc2)nc2ccccn12,ClCCl,3.3515701,val
1091,CC(C)(C)OC(=O)NC(Cc1ccccc1)C(=O)OCc1ccc2c3cccc4cccc(c5cccc1c52)c43,CCO,2.8492007,val
1092,CC(C)(C)OC(=O)NCCCC(=O)OCc1ccc2c3cccc4cccc(c5cccc1c52)c43,CCO,2.7700794,val
1098,CC(C)(C)OC(=O)NCCCN1Cc2c(-c3ccccc3)c3ccc4occc4n3c2C1=O,ClCCl,3.299513,val
1099,CC(C)(C)OC(=O)NCCCN1Cc2cc3ccc4oc(-c5ccc(C#N)cc5)cc4n3c2C1=O,ClCCl,3.0480871,val
1100,CC(C)(C)OC(=O)NCCCN1Cc2cc3ccc4oc(-c5ccccc5)cc4n3c2C1=O,ClCCl,3.2019372,val
1102,CC(C)(C)OC(=O)c1ccc(OCCCCCCn2c(/C=C/c3ccc(N(c4ccccc4)c4ccccc4)cc3)ccc2/C=C(\C#N)C(=O)O)cc1,ClCCl,2.7258472,val
1114,CC(C)(C)[Si](C)(C)c1cccc2ccccc12,C1CCCCC1,4.1991286,val
1128,CC(C)(C)c1cc(/C=C/C=C2\N(CCC[SH](=O)(O)O)c3ccc(S(=O)(=O)O)cc3C2(C)CCCC(=O)O)c2ccc(N(CCCS(=O)(=O)[O-])CCCS(=O)(=O)O)cc2[o+]1,CCO,1.8501589,val
1135,CC(C)(C)c1cc(CN2C(=O)/C(=c3\s/c(=C/c4ccc(-c5ccc6c(c5)C5CCCC5N6c5ccc(C=C(c6ccccc6)c6ccccc6)cc5)s4)c(=O)n3CC(=O)O)SC2=S)cc(C(C)(C)C)c1,ClC(Cl)Cl,2.233114,val
1139,CC(C)(C)c1cc2c(c(C(C)(C)C)c1)O[B-](F)(F)[n+]1c-2nc(-c2ccccc2)c2ccccc21,Cc1ccccc1,3.1222372,val
1141,CC(C)(C)c1cc2c3c(c1)-c1cccc4c1N(B3N1c3ccccc3Sc3cccc-2c31)c1ccccc1S4,C1CCOC1,3.3869066,val
1144,CC(C)(C)c1cc2c3c(c1)C(C)(C)c1cc(C(C)(C)C)cc4c1N3c1c(cc(-c3cc5sc(C=C(C#N)C(=O)O)cc5s3)cc1C4(C)C)C2(C)C,C1CCOC1,2.6198847,val
1148,CC(C)(C)c1cc2c3c(c1)c1cc(C(C)(C)C)cc4c1n3B1c3c-2cccc3-c2cc(C(C)(C)C)cc3c5cc(C(C)(C)C)cc-4c5n1c23,ClCCl,2.9509423,val
1149,CC(C)(C)c1cc2c3cc(C(C)(C)C)c(-c4cc5cc6c7cccc8cccc(c9cc(C(C)(C)C)cc(c5cc4C(C)(C)C)c96)c87)cc3cc3c4cccc5cccc(c(c1)c23)c54,CC1CCCCC1,2.6243026,val
1159,CC(C)(C)c1cc2ccc3cc(C(C)(C)C)cc4c3c2c(c1)c(=O)n1c4nc2c3cc(C(C)(C)C)cc4ccc5cc(C(C)(C)C)cc(c5c43)c21,CCOC(C)=O,3.2112997,val
1162,CC(C)(C)c1cc2ccc3cc(C(C)(C)C)cc4c3c2c(c1)c(=O)n1c4nc2c3cc(C(C)(C)C)cc4ccc5cc(C(C)(C)C)cc(c5c43)c21,Cc1ccc(C)cc1,3.1864512,val
1168,CC(C)(C)c1cc2ccc3cc(C(C)(C)C)cc4c3c2c(c1)c(=O)n1c4nc2c3ccccc3c3ccccc3c21,CC(C)=O,3.2712436,val
1170,CC(C)(C)c1cc2ccc3cc(C(C)(C)C)cc4c3c2c(c1)c(=O)n1c4nc2c3ccccc3c3ccccc3c21,CCO,3.2788606,val
1175,CC(C)(C)c1cc2ccc3cc(C(C)(C)C)cc4c3c2c(c1)c(=O)n1c4nc2c3ccccc3c3ccccc3c21,ClC(Cl)(Cl)Cl,3.2923527,val
1189,CC(C)(C)c1cc2ccc3cccc4c3c2c(c1)c1nc2c3cc(C(C)(C)C)cc5ccc6cccc(c(=O)n2c41)c6c53,Cc1ccc(C)cc1,3.1683924,val
1191,CC(C)(C)c1cc2ccc3cccc4c3c2c(c1)c1nc2c3cc(C(C)(C)C)cc5ccc6cccc(c(=O)n2c41)c6c53,ClC(Cl)Cl,3.215902,val
1197,CC(C)(C)c1ccc(-c2c3ccccc3c3n2[B-](F)(F)[N+]2=Cc4c5ccccc5c(-c5ccc(C(C)(C)C)cc5)n4[B-](F)(F)[N+]2=C3)cc1,CC#N,2.2305095,val
1202,CC(C)(C)c1ccc(-c2cc(-c3ccc(-c4cc(-c5ccc(C(C)(C)C)cc5)c(C#N)s4)s3)sc2C#N)cc1,ClCCl,3.2663157,val
1203,CC(C)(C)c1ccc(-c2cc(-c3ccc(-c4cc(-c5ccc(C(C)(C)C)cc5)c(C(=O)N5CCOCC5)s4)s3)sc2C(=O)N2CCOCC2)cc1,ClCCl,3.0295124,val
1204,CC(C)(C)c1ccc(-c2cc(-c3ccc(-c4cc(-c5ccc(C(C)(C)C)cc5)c(C(=O)NCc5cccs5)s4)s3)sc2C(=O)NCc2cccs2)cc1,ClCCl,2.8552423,val
1206,CC(C)(C)c1ccc(-c2cc3c(-c4ccc(F)cc4)c(-c4ccc(F)cc4)oc4c5oc(-c6ccc(F)cc6)c(-c6ccc(F)cc6)c6cc(-c7ccc(C(C)(C)C)cc7)cc(c(c2)c34)c65)cc1,ClCCl,3.3381355,val
1207,CC(C)(C)c1ccc(-c2cc3c(-c4ccccc4)c(-c4ccccc4)oc4c5oc(-c6ccccc6)c(-c6ccccc6)c6cc(-c7ccc(C(C)(C)C)cc7)cc(c(c2)c34)c65)cc1,ClCCl,3.2926407,val
1212,CC(C)(C)c1ccc(-c2ccc(-c3ccc(C(C)(C)C)cc3)c3nsnc23)cc1,ClCCl,3.225455,val
1215,CC(C)(C)c1ccc(-c2ccc(C3=C4C(=O)NC(c5ccc(-c6ccc(C(C)(C)C)cc6)cc5)=C4C(=O)N3)cc2)cc1,ClCCl,2.4473813,val
1220,CC(C)(C)c1ccc(-c2ccc(N(c3ccc(/C=C/c4ccc(/C=C(/C#N)C(=O)O)s4)cc3)c3ccc(/C=C/c4ccc(/C=C(\C#N)C(=O)O)s4)cc3)cc2)cc1,ClCCl,2.4284966,val
1223,CC(C)(C)c1ccc(-c2cnc3cccc(-c4ccccc4)n23)cc1,ClCCl,3.7845142,val
1224,CC(C)(C)c1ccc(-c2nc(-c3ccc(-n4c5ccccc5c5c6oc7ccccc7c6ccc54)cc3)nc(-c3ccc(C(C)(C)C)cc3)n2)cc1,C1CCOC1,3.3890944,val
1233,CC(C)(C)c1ccc(-c2nc3c4ccc(-c5c6ccccc6cc6ccccc56)cc4c4cc(-c5c6ccccc6cc6ccccc56)ccc4c3n2-c2ccc(C(C)(C)C)cc2)cc1,CCOC(C)=O,3.3433347,val
1261,CC(C)(C)c1ccc(-c2nc3c4ccc(-c5ccc6ccc7cccc8ccc5c6c78)cc4c4cc(-c5ccc6ccc7cccc8ccc5c6c78)ccc4c3n2-c2ccc(C(C)(C)C)cc2)cc1,ClC=C(Cl)Cl,3.5186372,val
1262,CC(C)(C)c1ccc(-c2nc3c4ccc(-c5ccc6ccc7cccc8ccc5c6c78)cc4c4cc(-c5ccc6ccc7cccc8ccc5c6c78)ccc4c3n2-c2ccc(C(C)(C)C)cc2)cc1,ClCCl,3.5341575,val
1265,CC(C)(C)c1ccc(-c2nc3c4ccc(-c5ccc6ccccc6c5)cc4c4cc(-c5ccc6ccccc6c5)ccc4c3n2-c2ccc(C(C)(C)C)cc2)cc1,CC#N,3.8201818,val
1275,CC(C)(C)c1ccc(-c2nc3c4ccc(-c5cccc6ccccc56)cc4c4cc(-c5cccc6ccccc56)ccc4c3n2-c2ccc(C(C)(C)C)cc2)cc1,C1CCOC1,3.8227823,val
1279,CC(C)(C)c1ccc(-c2nc3c4ccc(-c5cccc6ccccc56)cc4c4cc(-c5cccc6ccccc56)ccc4c3n2-c2ccc(C(C)(C)C)cc2)cc1,CCCCOCCCC,3.8303077,val
1280,CC(C)(C)c1ccc(-c2nc3c4ccc(-c5cccc6ccccc56)cc4c4cc(-c5cccc6ccccc56)ccc4c3n2-c2ccc(C(C)(C)C)cc2)cc1,CCN(CC)CC,3.8316941,val
1285,CC(C)(C)c1ccc(-c2nc3c4ccc(-c5cccc6ccccc56)cc4c4cc(-c5cccc6ccccc56)ccc4c3n2-c2ccc(C(C)(C)C)cc2)cc1,ClC=C(Cl)Cl,3.7971501,val
1289,CC(C)(C)c1ccc(-c2nc3c4ccc(-c5ccccc5)cc4c4cc(-c5ccccc5)ccc4c3n2-c2ccc(C(C)(C)C)cc2)cc1,CC#N,3.7926803,val
1291,CC(C)(C)c1ccc(-c2nc3c4ccc(-c5ccccc5)cc4c4cc(-c5ccccc5)ccc4c3n2-c2ccc(C(C)(C)C)cc2)cc1,CCCCOCCCC,3.80232,val
1293,CC(C)(C)c1ccc(-c2nc3c4ccc(-c5ccccc5)cc4c4cc(-c5ccccc5)ccc4c3n2-c2ccc(C(C)(C)C)cc2)cc1,CCOC(C)=O,3.8041265,val
1298,CC(C)(C)c1ccc(-c2nc3c4ccc(-c5ccccc5)cc4c4cc(-c5ccccc5)ccc4c3n2-c2ccc(C(C)(C)C)cc2)cc1,ClCCl,3.7751865,val
1307,CC(C)(C)c1ccc(-c2nc3c4ccccc4c4ccccc4c3n2-c2ccc(C(C)(C)C)cc2)cc1,CCOCC,3.944385,val
1316,CC(C)(C)c1ccc(-c2nnc(-c3c(-n4c5ccccc5c5ccccc54)c(-n4c5ccccc5c5ccccc54)c(-c4nnc(-c5ccc(C(C)(C)C)cc5)o4)c(-n4c5ccccc5c5ccccc54)c3-n3c4ccccc4c4ccccc43)o2)cc1,Cc1ccccc1,3.601808,val
1322,CC(C)(C)c1ccc(-c2oc3c4oc(-c5ccc(C(C)(C)C)cc5)c(-c5ccc(C(C)(C)C)cc5)c5cccc(c6cccc(c2-c2ccc(C(C)(C)C)cc2)c63)c54)cc1,ClCCl,3.295739,val
1323,CC(C)(C)c1ccc(-c2sc(-c3ccc(C(C)(C)C)cc3)c3[nH]c(-c4ccc(-c5ccc(/C=C(\C#N)C(=O)O)cc5)cc4)nc23)cc1,C1CCOC1,3.2457275,val
1324,CC(C)(C)c1ccc(-c2sc(-c3ccc(C(C)(C)C)cc3)c3[nH]c(-c4ccc(-c5ccc(/C=C(\C#N)C(=O)O)s5)cc4)nc23)cc1,C1CCOC1,3.0698562,val
1338,CC(C)(C)c1ccc(-n2c3ccc(-c4ccc(-c5ccc(/C=C(\C#N)C(=O)O)s5)s4)cc3c3cc(C(C)(C)C)ccc32)cc1,C1CCOC1,2.7095783,val
1340,CC(C)(C)c1ccc(/C=C/c2ccc(N(c3ccc(/C=C/c4ccc(C(C)(C)C)cc4)cc3)c3ccc(-c4nc5ccccc5nc4-c4ccc(N(c5ccc(/C=C/c6ccc(C(C)(C)C)cc6)cc5)c5ccc(/C=C/c6ccc(C(C)(C)C)cc6)cc5)cc4)cc3)cc2)cc1,C1CCOC1,3.2489374,val
1341,CC(C)(C)c1ccc(/C=C/c2ccc(N(c3ccc(/C=C/c4ccc(C(C)(C)C)cc4)cc3)c3ccc(-c4nc5ccccc5nc4-c4ccc(N(c5ccc(/C=C/c6ccc(C(C)(C)C)cc6)cc5)c5ccc(/C=C/c6ccc(C(C)(C)C)cc6)cc5)cc4)cc3)cc2)cc1,Cc1ccccc1,3.2428076,val
1356,CC(C)(C)c1ccc(C(C)(C)C)c(N2C(=O)c3cccc4c(-c5ccc(-c6ccccc6)s5)ccc(c34)C2=O)c1,CO,3.156628,val
1357,CC(C)(C)c1ccc(C(C)(C)C)c(N2C(=O)c3cccc4c(-c5ccc(-c6ccccc6)s5)ccc(c34)C2=O)c1,CS(C)=O,3.1154752,val
1365,CC(C)(C)c1ccc(C2=C(c3ccc(C(C)(C)C)cc3)[Si](c3ccccc3)(c3ccccc3)c3ccccc32)cc1,C1CCOC1,3.9162922,val
1369,CC(C)(C)c1ccc(C2=CC(=Cc3ncc(/C=C(\C#N)C(=O)O)s3)C=C(c3ccc(C(C)(C)C)cc3)O2)cc1,ClCCl,2.3055508,val
1374,CC(C)(C)c1ccc(C2=CC3=C(c4ccccc4)c4cc(-c5ccc(C(C)(C)C)cc5)c(-c5ccc(C(C)(C)C)cc5)n4[B-](F)(F)[N+]3=C2c2ccc(C(C)(C)C)cc2)cc1,C1CCCCC1,2.0998077,val
1379,CC(C)(C)c1ccc(C2=Cc3cc4c(cc3P2(=O)c2ccccc2)C=C(c2ccc(C(C)(C)C)cc2)P4(=O)c2ccccc2)cc1,C1CCOC1,2.9374235,val
1385,CC(C)(C)c1ccc(C2=c3c(c4ccc(C(C)(C)C)cc4c4cc(C(C)(C)C)ccc34)=[N+]3C2=C(c2ccccc2)c2c(-c4ccc(C(C)(C)C)cc4)c4c5ccc(C(C)(C)C)cc5c5cc(C(C)(C)C)ccc5c4n2[B-]3(F)F)cc1,ClCCl,1.8724227,val
1388,CC(C)(C)c1ccc(C2=c3sc4ccccc4c3=[N+]3C2=Nc2c(-c4ccc(C(C)(C)C)cc4)c4sc5ccccc5c4n2[B-]3(F)F)cc1,C1CCOC1,1.636552,val
1390,CC(C)(C)c1ccc(C2=c3sc4ccccc4c3=[N+]3C2=Nc2c(-c4ccc(C(C)(C)C)cc4)c4sc5ccccc5c4n2[B-]3(F)F)cc1,ClC(Cl)Cl,1.604977,val
1402,CC(C)(C)c1ccc(N(c2ccc(-c3nnc(-c4ccc(C=C(C#N)C(=O)O)cc4)o3)cc2)c2ccc(C(C)(C)C)cc2)cc1,CCCCCC,3.1124291,val
1405,CC(C)(C)c1ccc(N(c2ccc(C(C)(C)C)cc2)c2cc(N(c3ccc(C(C)(C)C)cc3)c3ccc(C(C)(C)C)cc3)c3ccc4cc(C(C)(C)C)cc5ccc2c3c54)cc1,ClCCl,2.8715038,val
1407,CC(C)(C)c1ccc(N(c2ccc(C3=[O+][B-](F)(F)OC(c4ccc(-c5ccc(C(=O)O)cc5)cc4)=C3)cc2)c2ccc(C(C)(C)C)cc2)cc1,CC#N,2.5534415,val
1408,CC(C)(C)c1ccc(N(c2ccc(C3=[O+][B-](F)(F)OC(c4ccc(C(=O)O)cc4)=C3)cc2)c2ccc(C(C)(C)C)cc2)cc1,CC#N,2.4709177,val
1415,CC(C)(C)c1ccc(N2c3ccc(C(C)(C)C)cc3B3c4cc(C(C)(C)C)ccc4N(c4ccc(C(C)(C)C)cc4)c4cc(-n5c6ccc(C(C)(C)C)cc6c6cc(C(C)(C)C)ccc65)cc2c43)cc1,Cc1ccccc1,2.836068,val
1417,CC(C)(C)c1ccc(O)c(O)c1,C1CCOC1,4.506653,val
1422,CC(C)(C)c1ccc(Oc2cc3c4c(cc(Oc5ccc(C(C)(C)C)cc5)c5c6ccc(C#Cc7ccc(C(=O)O)cc7)c7cccc(c2c45)c76)C(=O)N(c2cc(C(C)(C)C)ccc2C(C)(C)C)C3=O)cc1,ClCCl,2.3012147,val
1430,CC(C)(C)c1ccc(Oc2cc3c4c(cc(Oc5cccc(C(C)(C)C)c5)c5c6cccc7c(C#Cc8ccc(O)c9ncccc89)ccc(c2c45)c76)C(=O)N(c2cc(C(C)(C)C)ccc2C(C)(C)C)C3=O)cc1,CN(C)C=O,2.340659,val
1431,CC(C)(C)c1ccc(Oc2cc3c4c(cc(Oc5cccc(C(C)(C)C)c5)c5c6cccc7c(C#Cc8ccc(P(=O)(O)O)cc8)ccc(c2c45)c76)C(=O)N(c2cc(C(C)(C)C)ccc2C(C)(C)C)C3=O)cc1,CN(C)C=O,2.3283255,val
1443,CC(C)(C)c1ccc2c(N(c3ccccc3)c3cccc4ccccc34)c3cc(C(C)(C)C)ccc3c(-c3ccc(/C=C(\C#N)C(=O)O)s3)c2c1,C1CCOC1,2.7455006,val
1457,CC(C)(C)c1ccc2c(c1)c1cc(C(C)(C)C)cc3c1n2-c1cc(-c2cccc(F)c2)cc2c1B3c1cc(C(C)(C)C)cc3c4cc(C(C)(C)C)ccc4n-2c13,Cc1ccccc1,2.7327423,val
1461,CC(C)(C)c1ccc2c(c1)c1cc(C(C)(C)C)cc3c4ccc(-c5ccc(-c6ccc(/C=C(\C#N)C(=O)O)s6)s5)cc4n2c13,C1CCOC1,2.6225102,val
1463,CC(C)(C)c1ccc2c(c1)c1cc(C(C)(C)C)ccc1n2-c1cc(-n2c3ccc(C(C)(C)C)cc3c3cc(C(C)(C)C)ccc32)c(-n2c3ccc(C(C)(C)C)cc3c3cc(C(C)(C)C)ccc32)c(C#N)c1-n1c2ccc(C(C)(C)C)cc2c2cc(C(C)(C)C)ccc21,Cc1ccccc1,3.1406438,val
1465,CC(C)(C)c1ccc2c(c1)c1cc(C(C)(C)C)ccc1n2-c1cc(C(=O)c2ccccn2)cc(-n2c3ccc(C(C)(C)C)cc3c3cc(C(C)(C)C)ccc32)c1,Cc1ccccc1,3.4665341,val
1469,CC(C)(C)c1ccc2c(c1)c1cc(C(C)(C)C)ccc1n2-c1cc[n+]2c(c1)-c1ccccc1O[B-]2(F)F,Cc1ccccc1,3.4202225,val
1473,CC(C)(C)c1ccc2c(c1)c1cc(C(C)(C)C)ccc1n2-c1ccc(-c2ccc(/C=C(/C#N)C(=O)O)s2)cc1,ClC(Cl)Cl,3.0008538,val
1477,CC(C)(C)c1ccc2c(c1)c1cc(C(C)(C)C)ccc1n2-c1ccc(-c2nc(-c3ccc(-n4c5ccc(C(C)(C)C)cc5c5cc(C(C)(C)C)ccc54)cc3)nc(-c3ccc(P(=O)(c4ccccc4)c4ccccc4)cc3)n2)cc1,C1CCOC1,3.3406057,val
1478,CC(C)(C)c1ccc2c(c1)c1cc(C(C)(C)C)ccc1n2-c1ccc(-c2nc(-c3ccc(-n4c5ccc(C(C)(C)C)cc5c5cc(C(C)(C)C)ccc54)cc3)nc(-c3ccc(P(=O)(c4ccccc4)c4ccccc4)cc3)n2)cc1,CC#N,3.337983,val
1491,CC(C)(C)c1ccc2c(c1)c1cc(C(C)(C)C)ccc1n2-c1ccc(-c2nc(-c3ccccc3)nc(-c3ccccc3)n2)c2c1c1ccccc1n2-c1ccccc1,Cc1ccccc1,3.3467038,val
1499,CC(C)(C)c1ccc2c(c1)c1cc(C(C)(C)C)ccc1n2-c1ccc(C#Cc2ccc(C#Cc3ccc(-n4c5ccc(C(C)(C)C)cc5c5cc(C(C)(C)C)ccc54)cc3)cc2)cc1,CCCCC,3.5257297,val
1508,CC(C)(C)c1ccc2c(c1)c1cc(C(C)(C)C)ccc1n2-c1ccc(C#Cc2ccc(C=C(C#N)C#N)cc2)cc1,ClCCl,3.1955311,val
1509,CC(C)(C)c1ccc2c(c1)c1cc(C(C)(C)C)ccc1n2-c1ccc(C#Cc2ccc(C=O)cc2)cc1,ClCCl,3.4907672,val
1520,CC(C)(C)c1ccc2c(c1)c1cc(C(C)(C)C)ccc1n2-c1ccc(C#Cc2cccc(C#Cc3ccc(-n4c5ccc(C(C)(C)C)cc5c5cc(C(C)(C)C)ccc54)cc3)c2)cc1,ClCCl,3.6146536,val
1529,CC(C)(C)c1ccc2c(c1)c1cc(C(C)(C)C)ccc1n2-c1ccc(C(=O)c2ccc(-n3c4ccc(C(C)(C)C)cc4c4cc(C(C)(C)C)ccc43)nc2)cn1,C1CCOC1,3.2688146,val
1534,CC(C)(C)c1ccc2c(c1)c1cc(C(C)(C)C)ccc1n2-c1ccc(C(=O)c2ccncc2)cc1,Cc1ccccc1,3.4688573,val
1535,CC(C)(C)c1ccc2c(c1)c1cc(C(C)(C)C)ccc1n2-c1ccc(C(=O)c2ccncc2)cc1,ClCCl,3.5006866,val
1538,CC(C)(C)c1ccc2c(c1)c1cc(C(C)(C)C)ccc1n2-c1ccc(C=C(C#N)C(=O)O)cc1,CC#N,3.3484704,val
1546,CC(C)(C)c1ccc2c(c1)c1cc(C(C)(C)C)ccc1n2-c1ccc(N(c2ccc(-c3ccc(-c4ccc(N(c5ccc(-n6c7ccc(C(C)(C)C)cc7c7cc(C(C)(C)C)ccc76)cc5)c5ccc(-n6c7ccc(C(C)(C)C)cc7c7cc(C(C)(C)C)ccc76)cc5)cc4)c4nsnc34)cc2)c2ccc(-n3c4ccc(C(C)(C)C)cc4c4cc(C(C)(C)C)ccc43)cc2)cc1,ClCCl,2.7931952,val
1549,CC(C)(C)c1ccc2c(c1)c1cc(C(C)(C)C)ccc1n2-c1ccc(N(c2ccc(-c3ccc(N(c4ccc(-n5c6ccc(C(C)(C)C)cc6c6cc(C(C)(C)C)ccc65)cc4)c4ccc(-n5c6ccc(C(C)(C)C)cc6c6cc(C(C)(C)C)ccc65)cc4)cc3)cc2)c2ccc(-n3c4ccc(C(C)(C)C)cc4c4cc(C(C)(C)C)ccc43)cc2)cc1,ClCCl,3.2563207,val
1551,CC(C)(C)c1ccc2c(c1)c1cc(C(C)(C)C)ccc1n2-c1ccc(S(=O)(=O)c2ccc(-n3c4ccc(C(C)(C)C)cc4c4cc(C(C)(C)C)ccc43)cn2)nc1,Cc1ccccc1,3.6264691,val
1555,CC(C)(C)c1ccc2c(c1)c1cc(C(C)(C)C)ccc1n2-c1ccc2c(c1)C(=O)c1ccc(-n3c4ccc(C(C)(C)C)cc4c4cc(C(C)(C)C)ccc43)cc1C2=O,Cc1ccccc1,2.9680924,val
1559,CC(C)(C)c1ccc2c(c1)c1cc(C(C)(C)C)ccc1n2-c1ccc2c(c1)c1cc(-n3c4ccc(C(C)(C)C)cc4c4cc(C(C)(C)C)ccc43)ccc1n2-c1ccc2c(c1)c1cc(-n3c4ccc(-n5c6ccc(C(C)(C)C)cc6c6cc(C(C)(C)C)ccc65)cc4c4cc(-n5c6ccc(C(C)(C)C)cc6c6cc(C(C)(C)C)ccc65)ccc43)ccc1n2-c1ccc2c(c1)c1cc(-n3c4ccc(-n5c6ccc(-n7c8ccc(C(C)(C)C)cc8c8cc(C(C)(C)C)ccc87)cc6c6cc(-n7c8ccc(C(C)(C)C)cc8c8cc(C(C)(C)C)ccc87)ccc65)cc4c4cc(-n5c6ccc(-n7c8ccc(C(C)(C)C)cc8c8cc(C(C)(C)C)ccc87)cc6c6cc(-n7c8ccc(C(C)(C)C)cc8c8cc(C(C)(C)C)ccc87)ccc65)ccc43)ccc1n2-c1ccc(-c2ccc(/C=C(/C#N)C(=O)O)s2)s1,ClCCl,3.2626412,val
1566,CC(C)(C)c1ccc2c(c1)c1cc(C(C)(C)C)ccc1n2-c1ccc2oc3nc4oc5ccc(C(F)(F)F)cc5c4cc3c2c1,Cc1ccccc1,3.5699177,val
1567,CC(C)(C)c1ccc2c(c1)c1cc(C(C)(C)C)ccc1n2-c1cccc(-c2nc(-c3cccc(-n4c5ccc(C(C)(C)C)cc5c5cc(C(C)(C)C)ccc54)c3)nc(-c3cccc(P(=O)(c4ccccc4)c4ccccc4)c3)n2)c1,C1CCOC1,3.5828476,val
1582,CC(C)(C)c1ccc2c(c1)c1cc(C(C)(C)C)ccc1n2-c1cccc(C(=O)c2cccc(-n3c4ccc(C(C)(C)C)cc4c4cc(C(C)(C)C)ccc43)n2)n1,C1CCOC1,3.6027787,val
1584,CC(C)(C)c1ccc2c(c1)c1cc(C(C)(C)C)ccc1n2-c1cccc(C(=O)c2cccc(-n3c4ccc(C(C)(C)C)cc4c4cc(C(C)(C)C)ccc43)n2)n1,ClCCl,3.5828826,val
1587,CC(C)(C)c1ccc2c(c1)c1cc(C(C)(C)C)ccc1n2-c1ccccc1-c1nc(-c2ccccc2-n2c3ccc(C(C)(C)C)cc3c3cc(C(C)(C)C)ccc32)nc(-c2ccccc2P(=O)(c2ccccc2)c2ccccc2)n1,CC#N,3.6332853,val
1592,CC(C)(C)c1ccc2c(c1)c1cc(C(C)(C)C)ccc1n2-c1ccccc1-c1nc(-c2ccccc2-n2c3ccc(C(C)(C)C)cc3c3cc(C(C)(C)C)ccc32)nc(-c2ccccc2P(=O)(c2ccccc2)c2ccccc2)n1,ClCCl,3.6240878,val
1594,CC(C)(C)c1ccc2c(c1)c1cc(C(C)(C)C)ccc1n2-c1ccccc1-c1nc(-c2ccccc2P(=O)(c2ccccc2)c2ccccc2)nc(-c2ccccc2P(=O)(c2ccccc2)c2ccccc2)n1,CC#N,3.7003536,val
1616,CC(C)(C)c1ccc2c(c1)sc1[n+]2[B-](F)(F)n2c(c3cccc4cccc2c43)=C1C#N,Cc1ccccc1,2.2921937,val
1640,CC(C)(C)c1ccc2oc(-c3ccc(-c4nc5cc(C(C)(C)C)ccc5o4)s3)nc2c1,Cc1ccccc1,3.2273242,val
1646,CC(C)(C)c1ccc2oc3nc4oc5ccc(-n6c7ccccc7c7cc(-n8c9ccccc9c9ccccc98)ccc76)cc5c4cc3c2c1,ClC(Cl)Cl,3.650149,val
1647,CC(C)(C)c1ccc2oc3nc4oc5ccc(-n6c7ccccc7c7ccccc76)cc5c4cc3c2c1,ClC(Cl)Cl,3.6554325,val
1651,CC(C)(C)c1cccc2c1oc1nc3oc4cc(-n5c6ccccc6c6ccccc65)ccc4c3cc12,ClC(Cl)Cl,3.6157894,val
1657,CC(C)(C=Cc1c2ccccc2cc2ccccc12)C=Cc1c2ccccc2cc2ccccc12,ClC(Cl)Cl,3.3161554,val
1661,CC(C)=CCN1C(=O)c2cccc3c2c(cc2nc(C)oc23)C1=O,CCO,3.42748,val
1666,CC(C)C1=c2c(c3[nH]cc(C(C)C)c3c3ccccc23)=[N+]2C1=Cc1c(C(C)C)c3c4ccccc4c4c(C(C)C)c[nH]c4c3n1[B-]2(F)F,ClC(Cl)Cl,1.7496176,val
1668,CC(C)CCC1(CCC(C)C)c2ccccc2-c2ccc(-c3cc(-c4ccc5c(c4)C(CCC(C)C)(CCC(C)C)c4ccccc4-5)c4ccc5c(-c6ccc7c(c6)C(CCC(C)C)(CCC(C)C)c6ccccc6-7)cc(-c6ccc7c(c6)C(CCC(C)C)(CCC(C)C)c6ccccc6-7)c6ccc3c4c65)cc21,ClCCl,2.9900608,val
1676,CC(C)CCCCN1CCc2c1ccc1c3c(ccc21)C(=O)CCC3,CCC(C)=O,3.3499808,val
1679,CC(C)CCCCN1CCc2c1ccc1c3c(ccc21)C(=O)CCC3,Cc1ccccc1,3.3415482,val
1684,CC(C)CCCCN1CCc2c1ccc1c3c(ccc21)CCCC3=O,CC(C)O,2.9193788,val
1691,CC(C)CCCCN1CCc2c1ccc1c3c(ccc21)CCCC3=O,Clc1ccccc1,2.8772075,val
1696,CC(C)CCOc1cc(-c2cc(OCCC(C)C)c(/C=C/c3cc(OCCC(C)C)c(/C=C/c4ccc(N(c5ccc6c(c5)C(C)(C)c5ccccc5-6)c5ccc6c(c5)C(C)(C)c5ccccc5-6)cc4)cc3OCCC(C)C)cc2OCCC(C)C)c(OCCC(C)C)cc1C=C(C#N)C(=O)O,C1CCOC1,2.7294624,val
1698,CC(C)CCOc1cc(/C=C/c2cc(OCCC(C)C)c(/C=C/c3ccc(N(c4ccc5c(c4)C(C)(C)c4ccccc4-5)c4ccc5c(c4)C(C)(C)c4ccccc4-5)cc3)cc2OCCC(C)C)c(OCCC(C)C)cc1C=C(C#N)C(=O)O,C1CCOC1,2.6464977,val
1701,CC(C)CCOc1cc(/C=C/c2ccc(N(c3ccc4c(c3)C(C)(C)c3ccccc3-4)c3ccc4c(c3)C(C)(C)c3ccccc3-4)cc2)c(OCCC(C)C)cc1C=C(C#N)C(=O)O,C1CCOC1,2.7064502,val
1703,CC(C)CCOc1ccc(N2c3ccccc3Sc3cc(/C=C/c4cc5nc(C(=O)O)c(C(=O)O)nc5cc4/C=C/c4ccc5c(c4)Sc4ccccc4N5c4ccc(OCCC(C)C)cc4)ccc32)cc1,C1CCOC1,2.5335906,val
1706,CC(C)CCOc1ccc(N2c3ccccc3Sc3cc(/C=C/c4ccc5c(c4)Sc4cc(/C=C/c6ccc7c(c6)Sc6cc(/C=C/c8nc9cc(C(=O)O)c(C(=O)O)cc9nc8/C=C/c8ccc9c(c8)Sc8cc(/C=C/c%10ccc%11c(c%10)Sc%10cc(/C=C/c%12ccc%13c(c%12)Sc%12ccccc%12N%13c%12ccc(OCCC(C)C)cc%12)ccc%10N%11c%10ccc(OCCC(C)C)cc%10)ccc8N9c8ccc(OCCC(C)C)cc8)ccc6N7c6ccc(OCCC(C)C)cc6)ccc4N5c4ccc(OCCC(C)C)cc4)ccc32)cc1,C1CCOC1,2.4617794,val
1713,CC(C)CN1C(=O)/C(=C/c2ccc(C#N)cc2)C=C1c1ccccc1,C1COCCO1,2.748067,val
1725,CC(C)Nc1cc2oc3cc(NC(C)C)c(F)cc3c(=O)c2cc1F,CCO,3.279541,val
1727,CC(C)Oc1ccc(C#Cc2cc3ccccc3oc2=O)cc1,CC#N,3.4651113,val
1729,CC(C)[Si](C#CC1=CC2=c3cc(C#C[Si](C(C)C)(C(C)C)C(C)C)c4nc(C(F)(F)C(F)(F)C(F)(F)F)nc5c(C#C[Si](C(C)C)(C(C)C)C(C)C)cc(c3c54)C3=CC(C#C[Si](C(C)C)(C(C)C)C(C)C)=C4N=C(C(F)(F)C(F)(F)C(F)(F)F)N=C1C4C32)(C(C)C)C(C)C,C1CCOC1,2.182004,val
1731,CC(C)[Si](C#Cc1c2cc(-c3ccc(/C=C(\C#N)C(=O)O)s3)oc2c(C#C[Si](C(C)C)(C(C)C)C(C)C)c2cc(-c3ccc(N(c4ccccc4)c4cccc5ccccc45)cc3)oc12)(C(C)C)C(C)C,C1CCOC1,2.6306176,val
1755,CC(C)[Si](C#Cc1c2ccccc2c(C#C[Si](C(C)C)(C(C)C)C(C)C)c2cc3c4c(sc3cc12)-c1cc2c(cc1NB4c1ccccc1)-c1sc3cc4c(C#C[Si](C(C)C)(C(C)C)C(C)C)c5ccccc5c(C#C[Si](C(C)C)(C(C)C)C(C)C)c4cc3c1B(c1ccccc1)N2)(C(C)C)C(C)C,C1CCOC1,2.2506251,val
1757,CC(C)[Si](C#Cc1c2ccccc2c(C#C[Si](C(C)C)(C(C)C)C(C)C)c2nc3c(ccc4ccccc43)nc12)(C(C)C)C(C)C,CCCCCC,2.2401674,val
1767,CC(C)[Si](C#Cc1c2ccccc2c(C#Cc2c3ccccc3c(C#Cc3c4ccccc4c(C#Cc4c5ccccc5c(C#Cc5c6ccccc6c(C#Cc6c7ccccc7c(C#C[Si](C(C)C)(C(C)C)C(C)C)c7ccccc67)c6ccccc56)c5ccccc45)c4ccccc34)c3ccccc23)c2ccccc12)(C(C)C)C(C)C,Cc1ccccc1,2.4429774,val
1768,CC(C)[Si](C#Cc1c2nc3c(nc2c(C#C[Si](C(C)C)(C(C)C)C(C)C)c2nc4c(nc12)C1c2ccccc2C4c2ccccc21)C1c2ccccc2C3c2ccccc21)(C(C)C)C(C)C,CCCCCC,2.819953,val
1782,CC(C)[Si](C#Cc1cc2c3c(c1)c(=C1c4ccccc4Sc4ccccc41)c1cc(C#C[Si](C(C)C)(C(C)C)C(C)C)cc4c1-n-3-c1c(cc(C#C[Si](C(C)C)(C(C)C)C(C)C)cc1c4=C1c3ccccc3Sc3ccccc31)c2=C1c2ccccc2Sc2ccccc21)(C(C)C)C(C)C,ClCCl,3.0479512,val
1784,CC(C)[Si](C#Cc1ccc(C#C[Si](C(C)C)(C(C)C)C(C)C)c2nc3c(ccc4cc5ccccc5cc43)nc12)(C(C)C)C(C)C,CCCCCC,2.9546583,val
1792,CC(C)[Si](C#Cc1ccc(C#C[Si](C(C)C)(C(C)C)C(C)C)c2nc3ccccc3nc12)(C(C)C)C(C)C,ClCCl,3.0445538,val
1798,CC(C)[Si]1(C(C)C)c2cc(C#N)ccc2-c2ccc(N(C)C)cc21,CC#N,3.4827642,val
1800,CC(C)[Si]1(C(C)C)c2cc(C#N)ccc2-c2ccc(N(C)C)cc21,CCOCC,3.4952984,val
1808,CC(C)[Si]1(C(C)C)c2cc(C#N)ccc2-c2ccc(N(c3ccccc3)c3ccccc3)cc21,CS(C)=O,3.2610319,val
1818,CC(C)[Si]1(C(C)C)c2cc(C=C(C#N)C#N)ccc2-c2ccc(N(c3ccccc3)c3ccccc3)cc21,C1CCCCC1,2.6316974,val
1820,CC(C)[Si]1(C(C)C)c2cc(C=C(C#N)C#N)ccc2-c2ccc(N(c3ccccc3)c3ccccc3)cc21,CCO,2.6263485,val
1824,CC(C)[Si]1(C(C)C)c2cc(C=C(C#N)C#N)ccc2-c2ccc(N(c3ccccc3)c3ccccc3)cc21,c1ccccc1,2.584747,val
1830,CC(C)[Si]1(C(C)C)c2cc(C=O)ccc2-c2ccc(N(C)C)cc21,ClCCl,3.189942,val
1832,CC(C)[Si]1(C(C)C)c2cc(C=O)ccc2-c2ccc(N(c3ccccc3)c3ccccc3)cc21,C1CCCCC1,3.1741683,val
1835,CC(C)[Si]1(C(C)C)c2cc(C=O)ccc2-c2ccc(N(c3ccccc3)c3ccccc3)cc21,CCOCC,3.1802146,val
1836,CC(C)[Si]1(C(C)C)c2cc(C=O)ccc2-c2ccc(N(c3ccccc3)c3ccccc3)cc21,CS(C)=O,3.0943992,val
1840,CC(C)[Si]1(C(C)C)c2cc(N(C)C)ccc2-c2ccc(C(F)(F)F)cc21,CC#N,3.7295384,val
1844,CC(C)[Si]1(C(C)C)c2cc(N(C)C)ccc2-c2ccc(C(F)(F)F)cc21,ClCCl,3.7170885,val
1854,CC(C)c1cc(C(C)C)c(-c2nnc(-c3ccc(-n4c5ccccc5c5ccccc54)cc3)o2)c(C(C)C)c1,Cc1ccccc1,3.5788965,val
1866,CC(C)c1ccc(-c2nc(-c3ccccc3)c3ccccn23)cc1,CC#N,3.550286,val
1882,CC(C)c1cccc(C(C)C)c1-n1c(=O)c2ccc3c4ccc5c(=O)n(-c6c(C(C)C)cccc6C(C)C)c(=O)c6cc7c(-c8ccccn8)nc8cc(c1=O)c2c3c8c7c4c56,ClC(Cl)Cl,2.575953,val
1887,CC(C)c1cccc(C(C)C)c1N1C(=O)c2cc(Oc3ccc(C(C)(C)C)cc3)c3c4c(Oc5ccc(C(C)(C)C)cc5)cc5c6c(cc(Oc7ccc(C(C)(C)C)cc7)c(c7c(Oc8ccc(C(C)(C)C)cc8)cc(c2c37)C1=O)c64)C(=O)N(c1c(C(C)C)cccc1C(C)C)C5=O,Cc1ccccc1,2.1078749,val
1895,CC(C)c1cccc(C(C)C)c1N1C(c2ccccc2)=Cc2ccc3ccccc3[n+]2[B-]1(F)F,ClCCl,2.6483865,val
1900,CC(C)n1c2cc(O)c(F)cc2c(=O)c2cc(F)c(O)cc21,CCO,3.1107502,val
1904,CC(C)n1nc(C#CC(=O)c2ccc3cc(N(C)C)ccc3c2)c2c(N)ncnc21,Cc1ccccc1,3.043391,val
1905,CC(C)n1nc(C#Cc2ccc3cc(N(C)C)ccc3c2)c2c(N)ncnc21,CC#N,3.5129466,val
1909,CC(C)n1nc(CCc2ccc3cc(N(C)C)ccc3c2)c2c(N)ncnc21,CC#N,3.6585593,val
1912,CC(CO)N1Cc2c(-c3ccc(N(C)C)cc3)c3cc(C#N)ccn3c2C1=O,ClCCl,3.1043348,val
1924,CC(O)CC1=N/C(=C\c2cccc(N(C)C)c2)C(=O)N1C,C1CCOC1,3.456983,val
1935,CC/C=C/C=C/C=C/C=C/CCCCCCCC(=O)O,CCO,3.9782448,val
1942,CC/C=C\C=C\C=C\C=C/CCCCCCCC(=O)O,CCCCO,3.9699373,val
1943,CC/C=C\C=C\C=C\C=C/CCCCCCCC(=O)O,CCO,3.9573755,val
1946,CC/C=C\C=C\C=C\C=C/CCCCCCCC(=O)O,ClC(Cl)Cl,3.8844278,val
1947,CC/C=C\C=C\C=C\C=C/CCCCCCCC(=O)O,c1ccccc1,3.8836517,val
1969,CC1(C)C(/C=C2\C(=O)C(/C=C3/N(Cc4ccc(C(=O)O)cc4)c4ccccc4C3(C)C)=C2[O-])=[N+](Cc2ccc(C(=O)O)cc2)c2ccccc21,CC#N,1.9335941,val
1982,CC1(C)C(c2ncc(/C=C(\C#N)C(=O)O)s2)=Nc2ccc(N(c3ccccc3)c3ccccc3)cc21,C1CCOC1,2.4749641,val
1988,CC1(C)C2=C(c3ccc(N(c4ccccc4)c4ccccc4)cc31)P(=O)(c1ccccc1)c1ccccc12,CC#N,3.0016227,val
1989,CC1(C)C2=C(c3ccc(N(c4ccccc4)c4ccccc4)cc31)P(=O)(c1ccccc1)c1ccccc12,CO,2.9923978,val
1998,CC1(C)C2=[N+](c3ccccc31)[B-](F)(F)n1cccc1-c1c2cc2n1CC=C2,CO,2.687331,val
2005,CC1(C)CC(/C=C/c2ccc(-n3c4ccccc4c4ccccc43)cc2)=CC(=C(C#N)C#N)C1,CC#N,3.0357368,val
2023,CC1(C)CC(/C=C/c2ccc(-n3cncn3)cc2)=CC(=C(C#N)C#N)C1,CC#N,3.1676574,val
2025,CC1(C)CC(/C=C/c2ccc(-n3cncn3)cc2)=CC(=C(C#N)C#N)C1,CCOC(C)=O,3.15146,val
2028,CC1(C)CC(/C=C/c2ccc(N(c3ccc(-n4c5ccccc5c5ccccc54)cc3)c3ccc(-n4c5ccccc5c5ccccc54)cc3)cc2)=C/C(=C(/C#N)C(=O)O)C1,ClC(Cl)Cl,2.6781802,val
2030,CC1(C)CC(/C=C/c2ccc(N(c3ccc(N(c4ccccc4)c4ccccc4)cc3)c3ccc(N(c4ccccc4)c4ccccc4)cc3)cc2)=C/C(=C(/C#N)C(=O)O)C1,ClC(Cl)Cl,2.6808312,val
2033,CC1(C)CC(/C=C/c2ccc(N(c3ccccc3)c3ccccc3)cc2)=C/C(=C(\C#N)C(=O)O)C1,CC#N,2.5727398,val
2038,CC1(C)CC(/C=C/c2ccc(N3CCOCCOCCOCCOCC3)cc2)=CC(=C(C#N)C#N)C1,CCOC(C)=O,2.602138,val
2041,CC1(C)CC(/C=C/c2cn(-c3ccccc3)nc2-c2ccc([N+](=O)[O-])cc2)=CC(=C(C#N)C#N)C1,C1CCOC1,3.0638587,val
2046,CC1(C)CC(/C=C/c2cn(-c3ccccc3)nc2-c2ccc([N+](=O)[O-])cc2)=CC(=C(C#N)C#N)C1,CO,3.0719943,val
2055,CC1(C)CC(/C=C/c2cn(-c3ccccc3)nc2-c2ccccc2)=CC(=C(C#N)C#N)C1,CO,3.0146983,val
2059,CC1(C)CC(/C=C/c2cn(-c3ccccc3)nc2-c2ccccc2)=CC(=C(C#N)C#N)C1,ClCCl,2.9616594,val
2060,CC1(C)CC(/N=C/c2ccc3ccc4cccc5ccc2c3c45)CC(C)(C)N1,C1CCCCC1,3.3711255,val
2066,CC1(C)CC(/N=C/c2ccc3ccc4cccc5ccc2c3c45)CC(C)(C)N1[O],CO,3.3770273,val
2077,CC1(C)CC(=O)C2=C(C1)Oc1ccc3ccc(O)cc3c1C2c1ccccn1,C1COCCO1,4.0064907,val
2078,CC1(C)CC(=O)C2=C(C1)Oc1ccc3ccc(O)cc3c1C2c1ccccn1,CC#N,4.0057354,val
2083,CC1(C)CC(=O)C2=C(C1)Oc1ccc3ccc(OCCCNCCCNc4ccnc5cc(Cl)ccc45)cc3c1C2c1ccc(C(F)(F)F)cc1,CO,3.746464,val
2091,CC1(C)CC(=O)C2=C(C1)Oc1ccc3ccccc3c1C2c1ccccn1,CCO,4.2569613,val
2104,CC1(C)CC(NCc2ccc3ccc4cccc5ccc2c3c45)CC(C)(C)N1,CO,3.544677,val
2112,CC1(C)CCN2CCC(C)(C)c3c2c1cc1cc(-c2ccc(-c4ccc(/C=C(/C#N)C(=O)O)s4)s2)c(=O)oc31,CCO,2.4496188,val
2114,CC1(C)CCN2CCC(C)(C)c3c2c1cc1cc(-c2ccc(-c4sc(-c5ccc(/C=C(\C#N)C(=O)O)cc5)c5c4OCCO5)s2)c(=O)oc31,C1CCOC1,2.5345192,val
2125,CC1(C)CCN2CCC(C)(C)c3c2c1cc1cc(/C=C(\C#N)c2ccc(-c4ccc(/C=C(/C#N)C(=O)O)s4)s2)c(=O)oc31,CCO,2.3188565,val
2128,CC1(C)CCN2CCC(C)(C)c3c2c1cc1cc(/C=C/C=C(/C#N)C(=O)O)c(=O)oc31,CCO,2.3233209,val
2135,CC1(C)CCc2c(c3ccccc3c3nc4c(nc23)c2c(c3ccccc34)OC(C)(C)CC2)O1,CC(C)O,2.8598936,val
2137,CC1(C)CCc2c(c3ccccc3c3nc4c(nc23)c2c(c3ccccc34)OC(C)(C)CC2)O1,c1ccccc1,2.835644,val
2141,CC1(C)CCc2c(c3ccccc3c3nc4c5c(c6ccccc6c4nc23)OC(C)(C)CC5)O1,CC(C)O,2.686383,val
2146,CC1(C)CCc2c(c3ccccc3c3nc4ccccc4nc23)O1,C1CCCCC1,2.9571893,val
2147,CC1(C)CCc2c(c3ccccc3c3nc4ccccc4nc23)O1,C1CCOC1,2.9577897,val
2148,CC1(C)CCc2c(c3ccccc3c3nc4ccccc4nc23)O1,CN(C)C=O,2.929733,val
2152,CC1(C)Cc2c(c3ccccc3c3nc4c(nc23)c2c(c3ccccc34)OC(C)(C)C2)O1,C1CCCCC1,2.6256876,val
2154,CC1(C)Cc2c(c3ccccc3c3nc4c(nc23)c2c(c3ccccc34)OC(C)(C)C2)O1,CC(C)O,2.6222427,val
2156,CC1(C)Cc2c(c3ccccc3c3nc4c(nc23)c2c(c3ccccc34)OC(C)(C)C2)O1,ClC(Cl)Cl,2.6072762,val
2165,CC1(C)Cc2c(c3ccccc3c3nc4ccccc4nc23)O1,C1CCCCC1,2.8108993,val
2169,CC1(C)Cc2c(c3ccccc3c3nc4ccccc4nc23)O1,ClC(Cl)Cl,2.791936,val
2170,CC1(C)Cc2c(c3ccccc3c3nc4ccccc4nc23)O1,c1ccccc1,2.798994,val
2187,CC1(C)Nc2ccccc2-c2[nH]c3ccccc3c(=O)c21,CC#N,3.033639,val
2188,CC1(C)Nc2ccccc2-c2[nH]c3ccccc3c(=O)c21,CCCCO,3.0315359,val
2202,CC1(C)OB(c2ccc3ccc4cccc5ccc2c3c45)OC1(C)C,Cc1ccccc1,3.1031659,val
2208,CC1(C)OC(=C(C#N)C#N)C(C#N)=C1/C=C/c1ccc(-n2c3ccc(C(C)(C)C)cc3c3cc(C(C)(C)C)ccc32)cc1,ClC(Cl)Cl,2.541986,val
2209,CC1(C)OC(=C(C#N)C#N)C(C#N)=C1/C=C/c1ccc(-n2c3ccc(C(C)(C)C)cc3c3cc(C(C)(C)C)ccc32)cc1,ClCCl,2.5423496,val
2217,CC1(C)OC(=C(C#N)C#N)C(S(=O)(=O)c2ccccc2)=C1/C=C/c1ccc(-n2c3ccc(C(C)(C)C)cc3c3cc(C(C)(C)C)ccc32)cc1,ClC(Cl)Cl,2.527048,val
2219,CC1(C)OC(=C(C#N)C#N)C(S(=O)(=O)c2ccccc2)=C1/C=C/c1ccc(N(c2ccccc2)c2ccccc2)cc1,C1CCCCC1,2.315525,val
2222,CC1(C)OC(=C(C#N)C#N)C(S(=O)(=O)c2ccccc2)=C1/C=C/c1ccc(N(c2ccccc2)c2ccccc2)cc1,CS(C)=O,2.3105793,val
2223,CC1(C)OC(=C(C#N)C#N)C(S(=O)(=O)c2ccccc2)=C1/C=C/c1ccc(N(c2ccccc2)c2ccccc2)cc1,Cc1ccccc1,2.2802448,val
2225,CC1(C)OC(=C(C#N)C#N)C(S(=O)(=O)c2ccccc2)=C1/C=C/c1ccc(N(c2ccccc2)c2ccccc2)cc1,ClCCl,2.2983503,val
2228,CC1(C)OC(=C(C#N)C#N)C(Sc2ccccc2)=C1/C=C/c1ccc(-n2c3ccc(C(C)(C)C)cc3c3cc(C(C)(C)C)ccc32)cc1,CC(C)=O,2.808746,val
2229,CC1(C)OC(=C(C#N)C#N)C(Sc2ccccc2)=C1/C=C/c1ccc(-n2c3ccc(C(C)(C)C)cc3c3cc(C(C)(C)C)ccc32)cc1,CS(C)=O,2.7509956,val
2234,CC1(C)OC(=C(C#N)C#N)C(Sc2ccccc2)=C1/C=C/c1ccc(N(c2ccccc2)c2ccccc2)cc1,CC(C)=O,2.5344555,val
2235,CC1(C)OC(=C(C#N)C#N)C(Sc2ccccc2)=C1/C=C/c1ccc(N(c2ccccc2)c2ccccc2)cc1,CS(C)=O,2.4760811,val
2245,CC1(C)[C@@H]2CC[C@]1(C)c1nc3cc(-c4cccs4)ccc3nc12,CCOC(C)=O,3.573839,val
2250,CC1(C)c2cc(-c3c4ccccc4c(-c4c5ccccc5c(-c5ccc6c(c5)C(C)(C)c5cc([Si](c7ccccc7)(c7ccccc7)c7ccccc7)ccc5-6)c5ccccc45)c4ccccc34)ccc2-c2ccc([Si](c3ccccc3)(c3ccccc3)c3ccccc3)cc21,ClCCl,2.8522959,val
2253,CC1(C)c2cc(-c3c4ccccc4c(-c4ccc([Si](c5ccccc5)(c5ccccc5)c5ccccc5)cc4)c4ccccc34)ccc2-c2ccc([Si](c3ccccc3)(c3ccccc3)c3ccccc3)cc21,ClCCl,3.0291338,val
2259,CC1(C)c2cc(-c3ccccc3)ccc2N2CCC(=O)NC21C,C1CCOC1,3.9377503,val
2261,CC1(C)c2cc(-n3c4ccccc4c4ccccc43)ccc2N(c2ccc(-c3cc(-c4ccccc4)nc(-c4ccccc4)n3)cc2)c2ccc(-n3c4ccccc4c4ccccc43)cc21,Cc1ccccc1,3.3406456,val
2265,CC1(C)c2cc(C#N)ccc2-c2ccc(N3c4ccccc4Oc4ccccc43)cc21,C1CCOC1,3.2447205,val
2266,CC1(C)c2cc(C#N)ccc2-c2ccc(N3c4ccccc4Oc4ccccc43)cc21,CC#N,3.2221818,val
2267,CC1(C)c2cc(C#N)ccc2-c2ccc(N3c4ccccc4Oc4ccccc43)cc21,Cc1ccccc1,3.2304285,val
2276,CC1(C)c2cc(C=O)ccc2-c2ccc(N3CCC3)cc21,CCO,3.2094567,val
2295,CC1(C)c2cccc(-c3nc(-c4ccccc4)nc(-c4ccccc4)n3)c2Oc2c(-n3c4ccccc4c4ccccc43)cccc21,Cc1ccccc1,3.6311445,val
2296,CC1(C)c2cccc(-c3nc(-c4ccccc4)nc(-c4ccccc4)n3)c2Oc2c(N3c4ccccc4Sc4ccccc43)cccc21,Cc1ccccc1,3.5568366,val
2298,CC1(C)c2cccc3c2N2c4c1cccc4C(C)(C)c1cc(-c4ccncc4)cc(c12)C3(C)C,ClCCl,3.4829032,val
2302,CC1(C)c2ccccc2-c2cc(N(c3ccc(-c4ccc(/C=C(/C#N)C(=O)O)s4)cc3)c3ccc4c(c3)-c3ccccc3C4(C)C)ccc21,CCO,2.7969952,val
2308,CC1(C)c2ccccc2-c2cc3c(cc21)N(c1ccc(-c2nc(-c4ccc(N5c6ccccc6C(c6ccccc6)(c6ccccc6)c6cc7c(cc65)C(C)(C)c5ccccc5-7)cc4)nc(-c4ccc(N5c6ccccc6C(c6ccccc6)(c6ccccc6)c6cc7c(cc65)C(C)(C)c5ccccc5-7)cc4)n2)cc1)c1ccccc1C3(c1ccccc1)c1ccccc1,Cc1ccccc1,3.0545795,val
2310,CC1(C)c2ccccc2-c2cc3c4cc(-c5ccc(/C=C(\C#N)C(=O)O)s5)ccc4n(-c4ccccc4)c3cc21,CN(C)C=O,2.943076,val
2312,CC1(C)c2ccccc2-c2cc3c4ccccc4n(-c4ccc(-c5ccc(-c6ccc(/C=C(\C#N)C(=O)O)s6)s5)cc4)c3cc21,CN(C)C=O,2.8378115,val
2316,CC1(C)c2ccccc2-c2ccc(-c3ccc4c(c3)Sc3cc(-c5ccc(C#Cc6cc(-c7cccc(C(=O)O)c7)cc(-c7cccc(C(=O)O)c7)c6)s5)ccc3N4c3ccc4c(c3)C(C)(C)c3ccccc3-4)cc21,CN(C)C=O,3.1996346,val
2317,CC1(C)c2ccccc2-c2ccc(-c3ccc4c(c3)Sc3cc(-c5ccc(C#Cc6cc(-c7cccnc7)cc(-c7cccnc7)c6)s5)ccc3N4c3ccc4c(c3)C(C)(C)c3ccccc3-4)cc21,CN(C)C=O,3.146218,val
2327,CC1(C)c2ccccc2-c2ccc(C3c4cc(-c5ccc(-c6ccc(C=C(C#N)C(=O)O)s6)s5)cc5c4C(CCC5)N3c3ccccc3)cc21,CCO,2.70085,val
2332,CC1(C)c2ccccc2-c2ccc(N(c3ccc(-c4cc5sc(-c6cc(F)c(C=C(C#N)C(=O)O)c(F)c6)cc5s4)cc3)c3ccc4c(c3)C(C)(C)c3ccccc3-4)cc21,C1CCOC1,2.8674996,val
2342,CC1(C)c2ccccc2-c2ccc(N(c3ccc(-c4ccc(-c5ccc(/C=C(\C#N)C(=O)O)s5)s4)cc3)c3ccc4c(c3)C(C)(C)c3ccccc3-4)cc21,C1CCOC1,2.5288463,val
2348,CC1(C)c2ccccc2-c2ccc(N(c3ccc(-c4cnc(-c5ccc(/C=C(\C#N)C(=O)O)s5)c5nsnc45)cc3)c3ccc4c(c3)C(C)(C)c3ccccc3-4)cc21,ClCCl,2.2636895,val
2359,CC1(C)c2ccccc2-c2ccc(N(c3ccc4c(c3)C(C)(C)c3ccccc3-4)c3ccc4c(c3)C3(c5ccccc5-c5ccccc53)c3cc(-c5ccc(C=C(C#N)C(=O)O)cc5)ccc3-4)cc21,CCO,3.0018396,val
2382,CC1(C)c2ccccc2N(c2ccc(-c3ccc(C#N)c(C#N)n3)cc2)c2ccccc21,Cc1ccccc1,3.2095146,val
2385,CC1(C)c2ccccc2N(c2ccc(-c3ccc(C#N)nc3)cc2)c2ccccc21,Cc1ccccc1,3.5301452,val
2387,CC1(C)c2ccccc2N(c2ccc(-c3ccc4c(c3)c3cc(-c5ccc(N6c7ccccc7C(C)(C)c7ccccc76)cc5)ccc3c3nc(C#N)c(C#N)nc43)cc2)c2ccccc21,Cc1ccccc1,2.6568968,val
2388,CC1(C)c2ccccc2N(c2ccc(-c3cccc(C#N)c3)cc2)c2ccccc21,Cc1ccccc1,3.7353153,val
2391,CC1(C)c2ccccc2N(c2ccc(-c3n[n+]4c(o3)-c3ccccc3O[B-]4(F)F)cc2)c2ccccc21,CC(C)=O,3.393648,val
2401,CC1(C)c2ccccc2N(c2ccc(-c3nc(-c4ccccn4)n(-c4ccc(N5c6ccccc6C(C)(C)c6ccccc65)cc4)n3)cc2)c2ccccc21,ClCCl,3.5817194,val
2407,CC1(C)c2ccccc2N(c2ccc(-c3nc4ccccc4nc3-c3ccc(N4c5ccccc5C(C)(C)c5ccccc54)cc3)cc2)c2ccccc21,Cc1ccccc1,3.1899214,val
2411,CC1(C)c2ccccc2N(c2ccc(-c3ncccn3)cc2)c2ccccc21,Cc1ccccc1,3.518098,val
2418,CC1(C)c2ccccc2N(c2ccc(-c3nnc(-c4ccccc4O)o3)cc2)c2ccccc21,CCCCCC,3.4157805,val
2419,CC1(C)c2ccccc2N(c2ccc(-c3nnc(-c4ccccc4O)o3)cc2)c2ccccc21,CCO,3.4009173,val
2425,CC1(C)c2ccccc2N(c2ccc(-c3nnc(-c4ccccc4O)o3)cc2)c2ccccc21,ClCCl,3.4109292,val
2430,CC1(C)c2ccccc2N(c2ccc3c(c2)C(=O)c2ccc(N4c5ccccc5C(C)(C)c5ccccc54)cc2C3=O)c2ccccc21,Cc1ccccc1,2.8212311,val
2434,CC1(C)c2ccccc2N(c2ccc3c(c2)Oc2ccccc2P3(=O)c2ccccc2)c2ccccc21,Cc1ccccc1,3.7502975,val
2440,CC1(C)c2ccccc2N(c2ccc3c(c2)c2ccccc2c2nc4ccccc4nc32)c2ccccc21,Cc1ccccc1,2.932763,val
2441,CC1(C)c2ccccc2N(c2ccc3c(c2)c2ccccc2n2c4ccccc4nc32)c2ccccc21,Cc1ccccc1,3.3350198,val
2442,CC1(C)c2ccccc2N(c2ccc3c(ccc4nc5ccc6cc(N7c8ccccc8C(C)(C)c8ccccc87)ccc6c5nc43)c2)c2ccccc21,C1CCCCC1,2.9142823,val
2446,CC1(C)c2ccccc2N(c2ccc3c(ccc4nc5ccc6cc(N7c8ccccc8C(C)(C)c8ccccc87)ccc6c5nc43)c2)c2ccccc21,ClCCl,2.8265555,val
2458,CC1(C)c2ccccc2N(c2ccccc2)c2ccc(-c3cccc(-c4nc(-c5ccccc5)c(-c5ccccc5)n4-c4ccccc4)c3)cc21,C1CCOC1,3.8993707,val
2459,CC1(C)c2ccccc2N(c2ccccc2)c2ccc(-c3nc(-c4ccccc4)nc(-c4ccccc4)n3)cc21,Cc1ccccc1,3.2585113,val
2461,CC1(C)c2ccccc2N(c2ccccc2)c2ccc(S(=O)(=O)c3ccc4c(c3)C(C)(C)c3ccccc3N4c3ccccc3)cc21,Cc1ccccc1,3.7034407,val
2464,CC1=C(/C=C/c2ccccc2)C(C)=[N+]2C1=C(c1ccccc1)c1c(C)c(/C=C/c3ccccc3)c(C)n1[B-]2(F)F,ClC(Cl)Cl,2.303915,val
2470,CC1=C(C#Cc2ccccc2)C(C)=[N+]2C1=C(c1ccccc1)c1c(C)c(C#Cc3ccccc3)c(C)n1[B-]2(F)F,ClCCl,2.2412448,val
2481,CC1=C(C(C)(C)C)C(C)=[N+]2C1=C(C)c1c(C)c(C(C)(C)C)c(C)n1[B-]2(F)F,CCCCCCCCO,2.4047618,val
2482,CC1=C(C(C)(C)C)C(C)=[N+]2C1=C(C)c1c(C)c(C(C)(C)C)c(C)n1[B-]2(F)F,CCCCCCO,2.4043589,val
2483,CC1=C(C(C)(C)C)C(C)=[N+]2C1=C(C)c1c(C)c(C(C)(C)C)c(C)n1[B-]2(F)F,CCCCO,2.4037328,val
2485,CC1=C(C(C)(C)C)C(C)=[N+]2C1=C(C)c1c(C)c(C(C)(C)C)c(C)n1[B-]2(F)F,CCCO,2.4027376,val
2488,CC1=C(C(C)(C)C)C(C)=[N+]2C1=C(C)c1c(C)c(C(C)(C)C)c(C)n1[B-]2(F)F,CCOCC,2.407431,val
2507,CC1=C(Cc2ccccc2)C(C)=[N+]2C1=C(C)c1c(C)c(-c3csc(N4CCOCC4)n3)c(C)n1[B-]2(F)F,Cc1ccccc1,2.4078388,val
2511,CC1=C(c2ccc(C=C(C#N)C(=O)O)s2)C(C)=[N+]2C1=C(C)c1c(C)c(-c3ccc(N(c4ccccc4)c4ccccc4)cc3)c(C)n1[B-]2(F)F,ClC(Cl)Cl,2.320868,val
2515,CC1=C(c2ccc(N(c3ccccc3)c3ccccc3)cc2)C(C)=[N+]2C1=C(c1c(-c3ccccn3)nc3ccccn13)c1c(C)cc(C)n1[B-]2(F)F,ClCCl,2.3376303,val
2525,CC1=C(c2ccccc2)Oc2ccc3c4c(ccc1c24)C(C)=C(c1ccccc1)O3,ClCCl,2.4384692,val
2529,CC1=C(c2cccs2)C(C)=[N+]2C1=C(c1ccc(O)cc1)c1c(C)c(-c3cccs3)c(C)n1[B-]2(F)F,ClCCl,2.3267083,val
2533,CC1=C(c2cccs2)C(C)=[N+]2C1=C(c1ccccc1)c1c(C)c(-c3cccs3)c(C)n1[B-]2(F)F,CO,2.3542638,val
2538,CC1=C2C=CC(C)=[N+]2[B-](F)(F)n2cccc21,CCCCCC,2.4926963,val
2540,CC1=C2C=CC(C)=[N+]2[B-](F)(F)n2cccc21,ClCCl,2.4791508,val
2546,CC1=C2c3ccccc3C(c3[nH]c(C)cc3C)=[N+]2[B-](F)(F)n2c(C)cc(C)c21,C1CCOC1,2.0810945,val
2554,CC1=C2c3ccccc3C(c3ccc[nH]3)=[N+]2[B-](F)(F)n2cccc21,CCCCCC,2.1587448,val
2558,CC1=CB(O)N2B(c3ccccc3)C=C(C)c3cccc1c32,ClCCl,3.0824845,val
2561,CC1=CB(c2ccccc2)N2B(c3ccccc3)C=C(C)c3cccc1c32,ClCCl,3.173763,val
2571,CC1=CC(/C=C/c2ccc(OCCCN=[N+]=[N-])cc2)=[N+]2C1=C(c1ccc(N3CCCCC3)cc1)c1c(C)cc(C)n1[B-]2(F)F,CO,2.2705522,val
2575,CC1=CC(/C=C/c2ccc3ccc4cccc5ccc2c3c45)=[N+]2C1=C(c1ccccc1)c1c(C)cc(/C=C/c3ccc4ccc5cccc6ccc3c4c56)n1[B-]2(F)F,CC1CCCO1,2.050172,val
2585,CC1=CC(C)=[N+]2C1=C(C)c1cccn1[B-]2(F)F,CO,2.5446663,val
2588,CC1=CC(C)=[N+]2C1=C(C1=C3C(C)=CC(C)=[N+]3[B-](F)(F)n3c(C)cc(C)c31)c1c(C)cc(C)n1[B-]2(F)F,ClC(Cl)Cl,2.247081,val
2591,CC1=CC(C)=[N+]2C1=C(c1c(F)c(F)c(NCCCCCCNP(=O)(OC(C)C)OC(C)C)c(F)c1F)c1c(C)cc(C)n1[B-]2(F)F,CC#N,2.4615233,val
2592,CC1=CC(C)=[N+]2C1=C(c1c(F)c(F)c(NCCCCCCNP(=O)(OC(C)C)OC(C)C)c(F)c1F)c1c(C)cc(C)n1[B-]2(F)F,CCCCCC,2.463123,val
2595,CC1=CC(C)=[N+]2C1=C(c1c(F)c(F)c(NCCCCNP(=O)(OC(C)C)OC(C)C)c(F)c1F)c1c(C)cc(C)n1[B-]2(F)F,C1CCOC1,2.4601393,val
2598,CC1=CC(C)=[N+]2C1=C(c1c(F)c(F)c(NCCCCNP(=O)(OC(C)C)OC(C)C)c(F)c1F)c1c(C)cc(C)n1[B-]2(F)F,CCOC(C)=O,2.4754708,val
2603,CC1=CC(C)=[N+]2C1=C(c1c(F)c(F)c(NCCNP(=O)(OC(C)C)OC(C)C)c(F)c1F)c1c(C)cc(C)n1[B-]2(F)F,CCOC(C)=O,2.4813561,val
2618,CC1=CC(C)=[N+]2C1=C(c1c3ccccc3cc3ccccc13)c1c(C)cc(C)n1[B-]2(F)F,CCCCCC,2.4509192,val
2632,CC1=CC(C)=[N+]2C1=C(c1ccc(-c3ccc(OS(=O)(=O)c4ccc([N+](=O)[O-])cc4[N+](=O)[O-])cc3)s1)c1c(C)cc(C)n1[B-]2(F)F,CO,2.4669867,val
2637,CC1=CC(C)=[N+]2C1=C(c1ccc(C)cc1)c1c(C)cc(/C=C/c3ccc4ccc5cccc6ccc3c4c56)n1[B-]2(F)F,CC1CCCO1,2.1881177,val
2639,CC1=CC(C)=[N+]2C1=C(c1ccc(N(C)C)cc1)c1c(C)cc(C)n1[B-]2(F)F,C1CCOC1,2.4453242,val
2642,CC1=CC(C)=[N+]2C1=C(c1ccc(N(C)C)cc1)c1c(C)cc(C)n1[B-]2(F)F,CCOC(C)=O,2.4540234,val
2644,CC1=CC(C)=[N+]2C1=C(c1ccc(N3CCCCC3)cc1)c1c(C)cc(C)n1[B-]2(F)F,CC#N,2.4516675,val
2651,CC1=CC(C)=[N+]2C1=C(c1ccc(N3CCOCC3)cc1)c1c(C)cc(C)n1[B-]2(F)F,CC#N,2.483781,val
2662,CC1=CC(C)=[N+]2C1=C(c1ccccc1)c1c(C)c(-c3cccs3)c(C)n1[B-]2(F)F,CO,2.4058902,val
2663,CC1=CC(C)=[N+]2C1=C(c1ccccc1)c1c(C)c(-c3cccs3)c(C)n1[B-]2(F)F,Cc1ccccc1,2.3924887,val
2669,CC1=CC(C)=[N+]2C1=C(c1ccccc1)c1c(C)cc(C)n1[B-]2(F)F,CC#N,2.4452324,val
2672,CC1=CC(C)=[N+]2C1=C(c1ccccc1)c1c(C)cc(C)n1[B-]2(F)F,CCCCCC,2.4468522,val
2673,CC1=CC(C)=[N+]2C1=C(c1ccccc1)c1c(C)cc(C)n1[B-]2(F)F,CCOC(C)=O,2.4508405,val
2686,CC1=CC(C)=[N+]2C1=Cc1c3ccccc3c(C#Cc3ccccc3)n1[B-]2(F)F,CCCCCCCCO,2.05159,val
2696,CC1=CC(C)=[N+]2C1=Cc1c3ccccc3c(C#Cc3ccsc3)n1[B-]2(F)F,CCCCCCCCO,2.0725946,val
2697,CC1=CC(C)=[N+]2C1=Cc1c3ccccc3c(C#Cc3ccsc3)n1[B-]2(F)F,CCOC(C)=O,2.0698013,val
2714,CC1=CC(C)N2C1=C(c1ccc(Nc3nc(Nc4ccc(C5=C6C(C)=CC(C)N6[B-](F)(F)[N+]6=C5C(C)=CC6C)cc4)nc(Nc4ccc(-c5c6nc(c(-c7cc(C)c(C)cc7C)c7ccc([nH]7)c(-c7ccc(C(=O)O)cc7)c7nc(c(-c8c(C)cc(C)cc8C)c8ccc5[nH]8)C=C7)C=C6)cc4)n3)cc1)C1=[N+](C(C)C=C1C)[B-]2(F)F,C1CCOC1,2.4556086,val
2719,CC1=CC(c2ccc3cc(N(C)C)ccc3c2)=[O+][B-](F)(F)O1,C1CCOC1,2.8333583,val
2720,CC1=CC(c2ccc3cc(N(C)C)ccc3c2)=[O+][B-](F)(F)O1,CC#N,2.8420658,val
2741,CC1=N/C(=C\c2ccc(N(C)C)cc2)C(=O)N1C,C1CCOC1,3.2229385,val
2743,CC1=N/C(=C\c2ccc(N(C)C)cc2)C(=O)N1C,CO,3.200088,val
2753,CC1=N/C(=C\c2ccccc2N(C)C)C(=O)N1C,C1CCCCC1,3.184378,val
2758,CC1=N/C(=C\c2ccccc2N(C)C)C(=O)N1C,ClCCl,3.136216,val
2760,CC1=N/C(=C\c2ccccc2N)C(=O)N1C,C1CCCCC1,3.0879362,val
2763,CC1=N/C(=C\c2ccccc2N)C(=O)N1C,CO,3.0600905,val
2772,CC1=NN(c2cccc3ccccc23)[B-](F)(F)[n+]2ccccc21,ClCCl,3.1443474,val
2773,CC1=NN(c2ccccc2)C(=O)/C1=C/c1cn(-c2ccccc2)nc1-c1ccccc1,C1CCOC1,3.4260716,val
2778,CC1=NN(c2ccccc2)C(=O)/C1=C/c1cn(-c2ccccc2)nc1-c1ccccc1,CO,3.4267309,val
2782,CC1=NN(c2ccccc2)C(=O)/C1=C/c1cn(-c2ccccc2)nc1-c1ccccc1,ClCCl,3.40677,val
2783,CC1=NN(c2ccccc2)C(=O)/C1=C\c1cn(-c2ccccc2)nc1-c1ccc([N+](=O)[O-])cc1,C1CCOC1,3.5057318,val
2798,CC1=[N+]2C(=C(NCc3ccccc3)c3ccc(C)n3[B-]2(F)F)C=C1c1cc2n(c1)[B-](F)(F)[N+]1=CC=CC1=C2c1c(C)cc(C)cc1C,C1CCCCC1,2.1087687,val
2809,CC1=[N+]2C(=C(c3c4ccccc4c(-c4ccccc4)c4ccccc34)c3ccc(C)n3[B-]2(F)F)C=C1,CN(C)C=O,2.4082165,val
2811,CC1=[N+]2C(=C(c3c4ccccc4c(-c4ccccc4)c4ccccc34)c3ccc(C)n3[B-]2(F)F)C=C1,ClCCl,2.3990254,val
2812,CC1=[N+]2C(=C(c3c4ccccc4c(C)c4ccccc34)c3ccc(C)n3[B-]2(F)F)C=C1,CC#N,2.4215324,val
2813,CC1=[N+]2C(=C(c3c4ccccc4c(C)c4ccccc34)c3ccc(C)n3[B-]2(F)F)C=C1,CCCCCC,2.4229987,val
2817,CC1=[N+]2C(=C(c3c4ccccc4c(C)c4ccccc34)c3ccc(C)n3[B-]2(F)F)C=C1,ClCCl,2.406402,val
2819,CC1=[N+]2C(=C(c3c4ccccc4cc4ccccc34)c3ccc(C)n3[B-]2(F)F)C=C1,C1CCOC1,2.4139442,val
2824,CC1=[N+]2C(=C(c3c4ccccc4cc4ccccc34)c3ccc(C)n3[B-]2(F)F)C=C1,CO,2.4162593,val
2827,CC1=[N+]2C(=C(c3c4ccccc4cc4ccccc34)c3ccc(C)n3[B-]2(F)F)C=C1,ClCCl,2.4019334,val
2829,CC1=[N+]2C(=C(c3ccc(-c4c5ccccc5c(-c5ccccc5)c5ccccc45)cc3)c3ccc(C)n3[B-]2(F)F)C=C1,CCCCCC,2.4962964,val
2834,CC1=[N+]2C(=C(c3ccc(C#N)cc3)c3ccc(C)n3[B-]2(F)F)C=C1,C1CCCCC1,2.4254107,val
2838,CC1=[N+]2C(=C(c3ccc(C#N)cc3)c3ccc(C)n3[B-]2(F)F)C=C1,CO,2.4262667,val
2843,CC1=[N+]2C(=C(c3ccc(C(=O)c4ccccc4)cc3)c3ccc(C)n3[B-]2(F)F)C=C1c1cc2n(c1)[B-](F)(F)[N+]1=CC=CC1=C2c1c(C)cc(C)cc1C,C1CCCCC1,2.1968553,val
2848,CC1=[N+]2C(=C(c3ccc(C=O)cc3)c3ccc(C)n3[B-]2(F)F)C=C1c1cc2n(c1)[B-](F)(F)[N+]1=CC=CC1=C2c1c(C)cc(C)cc1C,CCOC(C)=O,2.16708,val
2851,CC1=[N+]2C(=C(c3ccc(N(C)C)cc3)c3ccc(C)n3[B-]2(F)F)C=C1,CC#N,2.4308114,val
2854,CC1=[N+]2C(=C(c3ccc(N(C)C)cc3)c3ccc(C)n3[B-]2(F)F)C=C1,CCCCCC,2.4324315,val
2855,CC1=[N+]2C(=C(c3ccc(N(C)C)cc3)c3ccc(C)n3[B-]2(F)F)C=C1,CCOC(C)=O,2.4364195,val
2862,CC1=[N+]2C(=C(c3ccc(N4CCCCC4)cc3)c3ccc(C)n3[B-]2(F)F)C=C1,C1CCOC1,2.4374099,val
2864,CC1=[N+]2C(=C(c3ccc(N4CCCCC4)cc3)c3ccc(C)n3[B-]2(F)F)C=C1,CC(=O)C(C)(C)C,2.4465413,val
2865,CC1=[N+]2C(=C(c3ccc(N4CCCCC4)cc3)c3ccc(C)n3[B-]2(F)F)C=C1,CC(C)=O,2.450276,val
2866,CC1=[N+]2C(=C(c3ccc(N4CCCCC4)cc3)c3ccc(C)n3[B-]2(F)F)C=C1,CCCCCC,2.4403377,val
2869,CC1=[N+]2C(=C(c3ccc(N4CCCCC4)cc3)c3ccc(C)n3[B-]2(F)F)C=C1,Cc1ccccc1,2.4338498,val
2870,CC1=[N+]2C(=C(c3ccc(N4CCCCC4)cc3)c3ccc(C)n3[B-]2(F)F)C=C1,ClC(Cl)Cl,2.4324853,val
2878,CC1=[N+]2C(=C(c3ccc(N4CCOCC4)cc3)c3ccc(C)n3[B-]2(F)F)C=C1,CO,2.4613516,val
2894,CC1=[N+]2C(=C(c3ccccc3)c3ccc(C)n3[B-]2(F)F)C=C1,ClC(Cl)Cl,2.411667,val
2896,CC1=[N+]2C(=C(c3ccccc3C)c3ccc(C)n3[B-]2(F)F)C=C1c1cc2n(c1)[B-](F)(F)[N+]1=CC=CC1=C2c1c(C)cc(C)cc1C,CCOC(C)=O,2.1376922,val
2911,CC1=[O+][B-]2(OC(=O)C(=O)O2)OC(c2c3ccccc3cc3ccccc23)=C1,ClC(Cl)(Cl)Cl,2.495439,val
2919,CC1CC(C)(C)N(C)c2cc(CCC(=O)O)c(/C=C/C3=C/C(=C(/C#N)C(=O)O)CC(C)(C)C3)cc21,ClCCl,2.5168276,val
2920,CC1CC(C)(C)N(C)c2cc(CCC(=O)O)c(/C=C/C3=CC(=C(C#N)C#N)CC(C)(C)C3)cc21,ClCCl,2.4723675,val
2936,CC1CC(C)(C)N(Cc2ccccc2)c2ccc(C=Cc3ccc(C=C(C#N)C(=O)O)s3)cc21,CCO,2.6137075,val
2939,CC1CC=C(c2ccc(-c3ccc(C#N)s3)s2)CC1,CCCCCC,3.4380329,val
2950,CC1CCC(=CSC=Cc2ccc(-c3ccc(C=CSC=C4CCC(C)CC4)cc3)cc2)CC1,ClCCl,3.520042,val
2957,CC1CCC(O)(c2ccc(-c3cccs3)s2)CC1,c1ccncc1,3.7187681,val
2958,CC1CCCC(CC(=O)OCCN(C)c2ccc(-c3ccc(-c4ccc(C=C(C#N)C(=O)O)s4)s3)cc2)(CC(=O)OCCN(C)c2ccc(-c3ccc(-c4ccc(/C=C(\C#N)C(=O)O)s4)s3)cc2)C1,C1CCOC1,2.5818756,val
2961,CC1CCCC(CC(=O)OCCN(C)c2ccc(-c3ccc(C=C(C#N)C(=O)O)s3)cc2)(CC(=O)OCCN(C)c2ccc(-c3ccc(/C=C(\C#N)C(=O)O)s3)cc2)C1,C1CCOC1,2.7513435,val
2963,CC1CN1c1ccc2c(c1)C(C)(C)c1cc(C=O)ccc1-2,C1COCCO1,3.37666,val
2965,CC1CN1c1ccc2c(c1)C(C)(C)c1cc(C=O)ccc1-2,CCO,3.3657124,val
2966,CC1CN1c1ccc2c(c1)C(C)(C)c1cc(C=O)ccc1-2,Cc1ccccc1,3.3309774,val
2972,CC1c2cc(-c3c4ccccc4cc4ccccc34)ccc2-c2cc3nc4c5cccc6ccc7cccc(c4nc3cc21)c7c65,CS(C)=O,2.8426437,val
2977,CC1c2cc(-c3ccc4ccc5cccc6ccc3c4c56)ccc2-c2cc3nc4c5cccc6ccc7cccc(c4nc3cc21)c7c65,CS(C)=O,2.9313185,val
2983,CC1c2cc(-c3ccccc3)ccc2-c2cc3nc4c5ccccc5c5ccccc5c4nc3cc21,CS(C)=O,3.025796,val
2988,CC1c2ccccc2-c2cc3[nH]c(-c4ccc(C(F)(F)F)cc4)nc3cc21,CS(C)=O,3.6827066,val
2991,CC1c2ccccc2-c2cc3[nH]c(-c4ccccc4)nc3cc21,CS(C)=O,3.6521587,val
2993,CC1c2ccccc2-c2cc3c(C#Cc4ccccc4)c4ccccc4c(C#Cc4ccccc4)c3cc21,ClCCl,2.4253082,val
2998,CCC(=O)Nc1ccc(-c2c(C)c3ccc(N(CC)CC)cc3oc2=O)cc1,CO,3.268309,val
3007,CCC(=O)c1ccc2cc(N(C)C)ccc2c1,CCCCCCCCO,3.5037835,val
3010,CCC(=O)c1ccc2cc(N(C)C)ccc2c1,CO,3.4984584,val
3012,CCC(=O)c1ccc2cc(N(C)C)ccc2c1,ClC(Cl)Cl,3.4707904,val
3015,CCC(=O)c1ccc2cc(N(C)C)ccc2c1,OCC(O)CO,3.4883385,val
3020,CCC(C)(C)c1ccc(-c2ccc3c(c2)C(CCOC)(CCOC)c2cc(C(C)(C)CC)ccc2-3)cc1,C1CCCCC1,3.9998147,val
3029,CCC(C)CN1c2ccccc2Sc2cc(-c3ccc(C4=C5C(=O)N(C)C(c6ccc(-c7ccc8c(c7)Sc7ccccc7N8CC(C)CC)s6)=C5C(=O)N4C)s3)ccc21,ClCCl,1.8793893,val
3038,CCC(CC)CCCCOc1ccc2cc(-c3ccc(-c4ccc5c(c4)Sc4cc(-c6ccc(C7=CC=C(/C=C(/C#N)C(=O)O)C7)c7nc(-c8ccccc8)c(-c8ccccc8)nc67)ccc4N5CCCCC(CC)CC)cc3)ccc2c1,C1CCOC1,2.6405997,val
3040,CCC(CC)CCCCOc1ccc2ccccc2c1-c1c(OCCCCC(CC)CC)ccc2cc(-c3ccc(-c4ccc5c(c4)Sc4cc(-c6ccc(C7=CC=C(/C=C(/C#N)C(=O)O)C7)c7nc(-c8ccccc8)c(-c8ccccc8)nc67)ccc4N5CCCCC(CC)CC)cc3)ccc12,C1CCOC1,2.698936,val
3042,CCC(CC)COC1=CC2=C3c4cc(OCC(CC)CC)c(-c5ccccc5)n4[B-](F)(F)[n+]4c3n(c3cc(C(C)(C)C)ccc34)[B-](F)(F)[N+]2=C1c1ccccc1,C1CCOC1,1.7022532,val
3044,CCC(CC)COC1=CC2=C3c4cc(OCC(CC)CC)c(-c5ccccc5)n4[B-](F)(F)[n+]4c3n(c3cc(C(C)(C)C)ccc34)[B-](F)(F)[N+]2=C1c1ccccc1,ClCCl,1.6791734,val
3052,CCC(CC)N1C(=O)c2ccc3c4ccc5c6c(ccc(c7ccc(c2c37)C1=O)c64)C(=O)N(C(CC)CC)C5=O,Cc1ccccc1,2.1106873,val
3054,CCC(COC1C=CC=CC1=NC1c2cccnc2-c2ncccc21)(COC1C=CC=CC1=NC1c2cccnc2-c2ncccc21)COC1C=CC=CC1=NC1c2cccnc2-c2ncccc21,ClC(Cl)Cl,3.3817432,val
3059,CCC1(CC)c2cc(-c3ccc(-c4ccc(/C=C(\C#N)C(=O)O)n4C)s3)ccc2-c2ccc(N(c3ccccc3)c3ccccc3)cc21,C1CCOC1,2.7853239,val
3065,CCC1(CC)c2cc(-c3ccc(-c4ccc(/C=C(\C#N)C(=O)O)s4)s3)ccc2-c2ccc(N(c3ccccc3)c3ccc4c(c3)C(CC)(CC)c3cc(N(c5ccccc5)c5ccc6c(c5)C(CC)(CC)c5cc(-c7ccc(-c8ccc(/C=C(\C#N)C(=O)O)s8)s7)ccc5-6)ccc3-4)cc21,C1CCOC1,2.559461,val
3066,CCC1(CC)c2cc(-c3ccc(-c4ccc(/C=C(\C#N)C(=O)O)s4)s3)ccc2-c2ccc(N(c3ccccc3)c3ccc4c(c3)C(CC)(CC)c3cc(N(c5ccccc5)c5ccccc5)ccc3-4)cc21,C1CCOC1,2.5938706,val
3071,CCC1(CC)c2cc(-c3ccc(-c4ccccc4)cc3-c3ccccc3)ccc2-c2cc3c(cc21)-c1ccc(-c2ccc(-c4ccccc4)cc2-c2ccccc2)cc1C3(CC)CC,C1CCOC1,3.7118282,val
3074,CCC1(CC)c2cc(-c3ccc(/C=C(\C#N)C(=O)O)s3)ccc2-c2ccc(-c3ccc(-c4ccc5c(c4)C(CC)(CC)c4cc(-c6ccc(-c7ccc8c(c7)C(CC)(CC)c7cc(N(c9ccccc9)c9cccc%10ccccc9%10)ccc7-8)s6)ccc4-5)s3)cc21,C1CCOC1,2.8419454,val
3080,CCC1(CC)c2cc(-c3ccc(/C=C(\C#N)C(=O)O)s3)ccc2-c2ccc(N(c3ccccc3)c3ccc4c(c3)C(CC)(CC)c3cc(N(c5ccccc5)c5ccc6c(c5)C(CC)(CC)c5cc(-c7ccc(/C=C(\C#N)C(=O)O)s7)ccc5-6)ccc3-4)cc21,C1CCOC1,2.701411,val
3081,CCC1(CC)c2cc(-c3ccc(/C=C(\C#N)C(=O)O)s3)ccc2-c2ccc(N(c3ccccc3)c3ccc4ccc5cccc6ccc3c4c56)cc21,C1CCOC1,2.8660645,val
3082,CCC1(CC)c2cc(-c3ccc(/C=C(\C#N)C(=O)O)s3)ccc2-c2ccc(N(c3ccccc3)c3cccc4ccccc34)cc21,C1CCOC1,2.857851,val
3083,CCC1(CC)c2cc(-c3ccc(/C=C(\C#N)C(=O)O)s3)ccc2-c2ccc(N(c3ccccc3)c3ccccc3)cc21,C1CCOC1,2.8390005,val
3092,CCC1(CC)c2cc(-c3ccc(N(c4ccc(-c5ccc6c(c5)C(CC)(CC)c5cc(N7c8ccccc8C(C)(C)c8ccccc87)ccc5-6)cc4)c4ccc(-c5ccc6c(c5)C(CC)(CC)c5cc(N7c8ccccc8C(C)(C)c8ccccc87)ccc5-6)cc4)cc3)ccc2-c2ccc(N3c4ccccc4C(C)(C)c4ccccc43)cc21,ClC(Cl)Cl,3.2327352,val
3113,CCC1(CC)c2cc(B(c3c(C)cc(C)cc3C)c3c(C)cc(C)cc3C)ccc2-c2c1c1c(c3c2C(CC)(CC)c2cc(B(c4c(C)cc(C)cc4C)c4c(C)cc(C)cc4C)ccc2-3)C(CC)(CC)c2cc(B(c3c(C)cc(C)cc3C)c3c(C)cc(C)cc3C)ccc2-1,CC#N,3.3624213,val
3114,CCC1(CC)c2cc(B(c3c(C)cc(C)cc3C)c3c(C)cc(C)cc3C)ccc2-c2c1c1c(c3c2C(CC)(CC)c2cc(B(c4c(C)cc(C)cc4C)c4c(C)cc(C)cc4C)ccc2-3)C(CC)(CC)c2cc(B(c3c(C)cc(C)cc3C)c3c(C)cc(C)cc3C)ccc2-1,CC(C)=O,3.389668,val
3115,CCC1(CC)c2cc(B(c3c(C)cc(C)cc3C)c3c(C)cc(C)cc3C)ccc2-c2c1c1c(c3c2C(CC)(CC)c2cc(B(c4c(C)cc(C)cc4C)c4c(C)cc(C)cc4C)ccc2-3)C(CC)(CC)c2cc(B(c3c(C)cc(C)cc3C)c3c(C)cc(C)cc3C)ccc2-1,CCCCCC,3.3870468,val
3117,CCC1(CC)c2cc(B(c3c(C)cc(C)cc3C)c3c(C)cc(C)cc3C)ccc2-c2c1c1c(c3c2C(CC)(CC)c2cc(N(c4ccccc4)c4ccccc4)ccc2-3)C(CC)(CC)c2cc(B(c3c(C)cc(C)cc3C)c3c(C)cc(C)cc3C)ccc2-1,C1CCOC1,3.3134341,val
3123,CCC1(CC)c2cc(B(c3c(C)cc(C)cc3C)c3c(C)cc(C)cc3C)ccc2-c2c1c1c(c3c2C(CC)(CC)c2cc(N(c4ccccc4)c4ccccc4)ccc2-3)C(CC)(CC)c2cc(B(c3c(C)cc(C)cc3C)c3c(C)cc(C)cc3C)ccc2-1,Cc1ccccc1,3.3044302,val
3127,CCC1(CC)c2cc(B(c3c(C)cc(C)cc3C)c3c(C)cc(C)cc3C)ccc2-c2c1c1c(c3c2C(CC)(CC)c2cc(N(c4ccccc4)c4ccccc4)ccc2-3)C(CC)(CC)c2cc(N(c3ccccc3)c3ccccc3)ccc2-1,CC(C)=O,3.3537908,val
3131,CCC1(CC)c2cc(B(c3c(C)cc(C)cc3C)c3c(C)cc(C)cc3C)ccc2-c2c1c1c(c3c2C(CC)(CC)c2cc(N(c4ccccc4)c4ccccc4)ccc2-3)C(CC)(CC)c2cc(N(c3ccccc3)c3ccccc3)ccc2-1,Cc1ccccc1,3.3353412,val
3139,CCC1(CC)c2cc(B(c3c(C)cc(C)cc3C)c3c(C)cc(C)cc3C)ccc2-c2ccc(N(c3ccccc3)c3ccc4c(c3)C(CC)(CC)c3cc(B(c5c(C)cc(C)cc5C)c5c(C)cc(C)cc5C)ccc3-4)cc21,Cc1ccccc1,3.0572963,val
3142,CCC1(CC)c2cc(B(c3c(C)cc(C)cc3C)c3c(C)cc(C)cc3C)ccc2-c2ccc(N(c3ccccc3)c3ccccc3)cc21,CC#N,3.1956434,val
3143,CCC1(CC)c2cc(B(c3c(C)cc(C)cc3C)c3c(C)cc(C)cc3C)ccc2-c2ccc(N(c3ccccc3)c3ccccc3)cc21,CC(C)=O,3.2494333,val
3146,CCC1(CC)c2cc(B(c3c(C)cc(C)cc3C)c3c(C)cc(C)cc3C)ccc2-c2ccc(N(c3ccccc3)c3ccccc3)cc21,Cc1ccccc1,3.228329,val
3150,CCC1(CC)c2cc(C#Cc3cc(C#Cc4ccc5c(c4)C(CC)(CC)c4cc(N(c6ccccc6)c6ccccc6)ccc4-5)c4ccc5c(C#Cc6ccc7c(c6)C(CC)(CC)c6cc(N(c8ccccc8)c8ccccc8)ccc6-7)cc(C#Cc6ccc7c(c6)C(CC)(CC)c6cc(N(c8ccccc8)c8ccccc8)ccc6-7)c6ccc3c4c65)ccc2-c2ccc(N(c3ccccc3)c3ccccc3)cc21,CCOC(C)=O,2.5913959,val
3164,CCC1(CC)c2cc(C=C(C#N)C#N)ccc2-c2ccc(N(C)C)cc21,CS(C)=O,2.558557,val
3174,CCC1(CC)c2cc(C=O)ccc2-c2ccc(N(C)C)cc21,CS(C)=O,3.043767,val
3178,CCC1(CC)c2cc(N(C)C)ccc2-c2ccc(C(F)(F)F)cc21,CC#N,3.5792117,val
3179,CCC1(CC)c2cc(N(C)C)ccc2-c2ccc(C(F)(F)F)cc21,CCO,3.5890539,val
3213,CCC1(CC)c2ccc(N(c3ccc(OC)cc3)c3ccc(OC)cc3)cc2-c2c1c1c(c3c2C(CC)(CC)c2cc(N(c4ccc(OC)cc4)c4ccc(OC)cc4)ccc2-3)C(CC)(CC)c2ccc(C=C(C#N)C(=O)O)cc2-1,C1CCOC1,3.082198,val
3216,CCC1(CC)c2ccc(N(c3ccccc3)c3ccccc3)cc2-c2c1c1c(c3c2C(CC)(CC)c2cc(N(c4ccccc4)c4ccccc4)ccc2-3)C(CC)(CC)c2ccc(-c3ccc(/C=C(\C#N)C(=O)O)s3)cc2-1,C1CCOC1,2.8867779,val
3218,CCC1(CC)c2ccccc2-c2c1c1c(c3c2C(CC)(CC)c2cc(-c4cccs4)ccc2-3)C(CC)(CC)c2cc(N(c3ccccc3)c3ccccc3)ccc2-1,C1CCOC1,3.3738108,val
3219,CCC1(CC)c2ccccc2-c2c1c1c(c3c2C(CC)(CC)c2cc(/C=C/c4cccs4)ccc2-3)C(CC)(CC)c2cc(/C=C/c3cccs3)ccc2-1,C1CCOC1,3.240375,val
3233,CCC1(CC)c2ccccc2-c2c1c1c(c3c2C(CC)(CC)c2cc(N(c4ccccc4)c4ccccc4)ccc2-3)C(CC)(CC)c2cc(N(c3ccccc3)c3ccccc3)ccc2-1,CC(C)=O,3.491105,val
3243,CCC1(CC)c2ccccc2-c2ccc(C#Cc3ccc4ccc5cccc6ccc3c4c56)cc21,C1CCCCC1,3.1117651,val
3253,CCC1(CC)c2ccccc2-c2ccc(N(c3ccc(C=C(C#N)c4ccc(C=C(C#N)C(=O)O)s4)cc3)c3ccc4c(c3)C(CC)(CC)c3ccccc3-4)cc21,Cc1ccccc1,2.423444,val
3257,CCC1(CC)c2ccccc2-c2ccc(N(c3ccc4c(c3)C(CC)(CC)c3ccccc3-4)c3ccc4c(c3)C(CC)(CC)c3cc(-c5ccc(-c6ccc(C=C(C#N)C(=O)O)s6)s5)ccc3-4)cc21,ClCCl,2.4475324,val
3258,CCC1(CC)c2ccccc2-c2ccc(N(c3ccc4c(c3)C(CC)(CC)c3ccccc3-4)c3ccc4c(c3)C(CC)(CC)c3cc(-c5ccc(/C=C(\C#N)C(=O)O)s5)ccc3-4)cc21,ClCCl,2.5860853,val
3260,CCC1(CC)c2ccccc2-c2ccc(N(c3ccccc3)c3ccc(/C=C(\C#N)C(=O)O)cc3)cc21,ClCCl,2.832538,val
3267,CCC1(CC)c2ccccc2-n2c3ccc(-c4ccc(/C=C(\C#N)C(=O)O)s4)cc3c3cccc1c32,C1CCOC1,2.9328778,val
3283,CCC1=C(C)C(=O)n2c1cc1[nH]c(C(=O)OC(C)(C)C)c(C)c1c2=O,C1CCCCC1,3.1801276,val
3286,CCC1=C(C)C(=O)n2c1cc1[nH]c(C(=O)OC(C)(C)C)c(C)c1c2=O,ClC(Cl)Cl,3.1819744,val
3290,CCC1=C(C)C(=O)n2c1cc1c(C)c(CC(=O)O)c(C)n1c2=O,CO,2.989809,val
3296,CCC1=C(C)C(=O)n2c1cc1c(C)c(CC(=O)OC)c(C)n1c2=O,CO,2.9937181,val
3303,CCC1=C(C)C(=O)n2c1cc1c(C)c(CC)c(C)n1c2=O,CS(C)=O,2.914332,val
3306,CCC1=C(C)C(=O)n2c1cc1c(C)c(CCC(=O)O)c(C)n1c2=O,CC#N,2.957103,val
3307,CCC1=C(C)C(=O)n2c1cc1c(C)c(CCC(=O)O)c(C)n1c2=O,CC(C)=O,2.9224389,val
3311,CCC1=C(C)C(=O)n2c1cc1c(C)c(CCC(=O)O)c(C)n1c2=O,c1ccccc1,2.9095054,val
3316,CCC1=C(C)C(=O)n2c1cc1c(C)c(CCC(=O)OC)c(C)n1c2=O,ClC(Cl)Cl,2.9469566,val
3318,CCC1=C(C)C(=O)n2c1cc1c(C)cc(C)n1c2=O,CC#N,2.9974475,val
3325,CCC1=C(C)C(=O)n2c1cc1c(CCC(=O)O)c(C)c(C)n1c2=O,CC(C)=O,2.940608,val
3326,CCC1=C(C)C(=O)n2c1cc1c(CCC(=O)O)c(C)c(C)n1c2=O,CO,2.929267,val
3332,CCC1=C(C)C(=O)n2c1cc1c(CCC(=O)OC)c(C)c(C)n1c2=O,CO,2.9542875,val
3337,CCC1=C(C)C(=O)n2c1cc1c(c(C)c(C(=O)OC)n1C)c2=O,CO,3.1150606,val
3343,CCC1=C(C)C(=O)n2c1cc1c(c(C)c(C(=O)OCC(C)C)n1CC(C)C)c2=O,CS(C)=O,3.1392949,val
3344,CCC1=C(C)C(=O)n2c1cc1c(c(C)c(C(=O)OCC(C)C)n1CC(C)C)c2=O,ClC(Cl)Cl,3.166054,val
3354,CCC1=C(C)C2=C(C)c3c(C)c(-c4csc(N5CCOCC5)n4)c(C)n3[B-](F)(F)[N+]2=C1C,CCO,2.4106183,val
3357,CCC1=C(C)C2=C(C)c3c(C)c(-c4csc(N5CCOCC5)n4)c(C)n3[B-](F)(F)[N+]2=C1C,CO,2.412565,val
3359,CCC1=C(C)C2=C(C)c3c(C)c(-c4csc(N5CCOCC5)n4)c(C)n3[B-](F)(F)[N+]2=C1C,Cc1ccccc1,2.4051251,val
3386,CCC1=C(C)C2=C(C)c3c(C)c(CC)c(C)n3[B-](F)(F)[N+]2=C1C,OCCOc1ccccc1,2.3966103,val
3387,CCC1=C(C)C2=C(C)c3c(C)c(CC)c(C)n3[B-](F)(F)[N+]2=C1C,c1ccccc1,2.3847508,val
3396,CCC1=C(C)C2=C(c3c(C)cc(C)nc3-c3cccs3)c3c(C)c(CC)c(C)n3[B-](F)(F)[N+]2=C1C,C1COCCO1,2.3959231,val
3399,CCC1=C(C)C2=C(c3c(C)cc(C)nc3-c3cccs3)c3c(C)c(CC)c(C)n3[B-](F)(F)[N+]2=C1C,CCO,2.3965313,val
3400,CCC1=C(C)C2=C(c3c(C)cc(C)nc3-c3cccs3)c3c(C)c(CC)c(C)n3[B-](F)(F)[N+]2=C1C,CCOC(C)=O,2.4028542,val
3418,CCC1=C(C)C2=C(c3c4ccccc4c(C)c4ccccc34)c3c(C)c(CC)c(C)n3[B-](F)(F)[N+]2=C1C,ClCCl,2.375208,val
3431,CCC1=C(C)C2=C(c3cc(C(=O)Cl)cc(C4=C5C(C)=C(CC)C(C)=[N+]5[B-](F)(F)n5c(C)c(CC)c(C)c54)c3)c3c(C)c(CC)c(C)n3[B-](F)(F)[N+]2=C1C,CC#N,2.3457127,val
3438,CCC1=C(C)C2=C(c3cc(C4=C5C(C)=C(CC)C(C)=[N+]5[B-](F)(F)n5c(C)c(CC)c(C)c54)cc(C4=C5C(C)=C(CC)C(C)=[N+]5[B-](F)(F)n5c(C)c(CC)c(C)c54)c3)c3c(C)c(CC)c(C)n3[B-](F)(F)[N+]2=C1C,Cc1ccccc1,2.3148196,val
3441,CCC1=C(C)C2=C(c3ccc(-c4c5ccccc5c(-c5ccccc5)c5ccccc45)cc3)c3c(C)c(CC)c(C)n3[B-](F)(F)[N+]2=C1C,CCCCCC,2.459039,val
3443,CCC1=C(C)C2=C(c3ccc(-c4c5ccccc5c(-c5ccccc5)c5ccccc45)cc3)c3c(C)c(CC)c(C)n3[B-](F)(F)[N+]2=C1C,CN(C)C=O,2.4720032,val
3446,CCC1=C(C)C2=C(c3ccc(-c4ccc(N(c5ccc(-c6ccc(C(=O)O)cc6)cc5)c5ccc(-c6ccc(C7=C8C(C)=C(CC)C(C)=[N+]8[B-](F)(F)n8c(C)c(CC)c(C)c87)s6)cc5)cc4)s3)c3c(C)c(CC)c(C)n3[B-](F)(F)[N+]2=C1C,ClCCl,2.2494338,val
3449,CCC1=C(C)C2=C(c3ccc(C(=O)O)cc3)C3=C(C)C(CC)C(C)=[N+]3[B-](C#COCCOC)(C#COCCOC)N2C1C,CC#N,2.2684927,val
3452,CCC1=C(C)C2=Cc3c4ccccc4c4n3[B-](C)(Oc3ccccc3-4)[N+]2=C1C,CC#N,2.0190444,val
3457,CCC1=C(C)C2=Cc3c4ccccc4c4n3[B-](c3ccc(OC)cc3)(Oc3ccccc3-4)[N+]2=C1C,CCCCCC,1.9562622,val
3482,CCC1=C(C)C2=Cc3cc4c(cc3B(O)N2C1=O)OCO4,CS(C)=O,3.2370958,val
3488,CCC1=C(C)C2=Cc3ccccc3B(O)N2C1=O,ClC(Cl)Cl,3.438392,val
3491,CCC1=C(C)C2=Cc3cccn3[B-](F)(F)[N+]2=C1C,CCO,2.4190998,val
3492,CCC1=C(C)C2=Cc3cccn3[B-](F)(F)[N+]2=C1C,CCOC(C)=O,2.4133706,val
3494,CCC1=C(C)C2=Cc3cccn3[B-](F)(F)[N+]2=C1C,OCC(F)(F)F,2.460575,val
3495,CCC1=C(C)C2=Cc3cscc3B(O)N2C1=O,CC#N,3.5544386,val
3500,CCC1=C(C)C2C(c3ccc(-c4ccc(-c5nc6c7ccccc7c7ccccc7c6n5-c5ccc(C(C)(C)C)cc5)cc4)cc3)c3c(C)c(CC)c(C)n3[B-](F)(F)[N+]2=C1C,ClC(Cl)Cl,2.49177,val
3504,CCC1=C(C)c2cc3[nH]c(cc4nc(c5c6[nH]c(cc1n2)c(C)c6C(=O)C5)[C@@H](CCC(=O)OC)[C@@H]4C)c(C)c3/C=C(\C)[N+](=O)[O-],ClCCl,2.4641438,val
3508,CCC1=C(C)c2cc3c(OC)cc(OC)cc3c(=O)n2C1=O,CO,3.0273814,val
3509,CCC1=C(C)c2cc3c(OC)cc(OC)cc3c(=O)n2C1=O,CS(C)=O,2.962162,val
3513,CCC1=C(C)c2cc3ccccc3c(=O)n2C1=O,CO,3.3077905,val
3514,CCC1=C(C)c2cc3ccccc3c(=O)n2C1=O,CS(C)=O,3.293723,val
3517,CCC1=C(C2=C(C3=C(CC)S(=O)(=O)c4cc(-c5ccc(C(C)=O)cc5)ccc43)C(F)(F)C(F)(F)C2(F)F)c2ccc(-c3ccc(C(C)=O)cc3)cc2S1(=O)=O,C1COCCO1,3.5545359,val
3520,CCC1=C(C2=C(C3=C(CC)S(=O)(=O)c4cc(-c5ccc(CO)cc5)ccc43)C(F)(F)C(F)(F)C2(F)F)c2ccc(-c3ccc(CO)cc3)cc2S1(=O)=O,C1COCCO1,3.5931227,val
3533,CCCC(=O)c1c2c(c(C(=O)CCC)c3c1OC(CC(=O)OC)(C(=O)O)O3)OCO2,CCO,2.9092252,val
3539,CCCC(=O)c1c2c(c(C(=O)CCC)c3c1OC(CC(=O)OC)(C(=O)OC)O3)OCO2,CO,2.9387178,val
3546,CCCC1(CCC)c2cc(-c3ccc(C(C)(C)C)cc3)ccc2-c2ccc(-c3ccc4c(c3)C(CCC)(CCC)c3cc(-c5ccc6c(c5)C(CCC)(CCC)c5cc(-c7ccc(C(C)(C)C)cc7)ccc5-6)ccc3-4)cc21,C1CCCCC1,3.5295293,val
3554,CCCC1(CCC)c2cc(-c3ccccc3)ccc2-c2ccc(-c3ccc4c(c3)C(CCC)(CCC)c3cc(-c5ccccc5)ccc3-4)cc21,C1CCCCC1,3.522392,val
3557,CCCC1(CCC)c2cc(-c3nc(-c4ccc5c(c4)C(CCC)(CCC)c4cc(-c6ccc(/C=C(/C#N)C(=O)O)s6)ccc4-5)nc(-c4ccc5c(c4)C(CCC)(CCC)c4cc(N(c6ccccc6)c6ccccc6)ccc4-5)n3)ccc2-c2ccc(-c3ccc(/C=C(/C#N)C(=O)O)s3)cc21,CC#N,2.968369,val
3567,CCCC1(CCC)c2cc(-c3nc(-c4ccc5c(c4)C(CCC)(CCC)c4cc(N(c6ccccc6)c6ccccc6)ccc4-5)nc(-c4ccc5c(c4)C(CCC)(CCC)c4cc(N(c6ccccc6)c6ccccc6)ccc4-5)n3)ccc2-c2ccc(-c3ccc(-c4ccc(/C=C(\C#N)C(=O)O)s4)s3)cc21,ClCCl,2.888455,val
3572,CCCC1(CCC)c2cc(-c3nc(-c4ccc5c(c4)C(CCC)(CCC)c4cc(N(c6ccccc6)c6ccccc6)ccc4-5)nc(-c4ccc5c(c4)C(CCC)(CCC)c4cc(N(c6ccccc6)c6ccccc6)ccc4-5)n3)ccc2-c2ccc(-c3ccc(/C=C(\C#N)C(=O)O)s3)cc21,ClC(Cl)Cl,2.959348,val
3578,CCCC1(CCC)c2ccccc2-c2c1c1c(c3c2C(CCC)(CCC)c2cc(N(c4ccc(OC)cc4)c4ccc(-c5sc(C=C(C#N)C(=O)O)c6c5OCCO6)cc4)ccc2-3)C(CCC)(CCC)c2ccccc2-1,ClCCl,2.455072,val
3581,CCCC1(CCC)c2ccccc2-c2c1c1c(c3c2C(CCC)(CCC)c2ccccc2-3)Cc2cc(N(c3ccc(-c4sc(/C=C(\C#N)C(=O)O)c5c4OCCO5)cc3)c3ccc(-c4sc(/C=C(\C#N)C(=O)O)c5c4OCCO5)cc3)ccc2-1,ClCCl,2.524874,val
3582,CCCC1(CCC)c2ccccc2-c2cc(N3c4ccc(-c5ccc(-c6ccc(/C=C(/C#N)C(=O)O)s6)c6nsnc56)cc4C4CCCC43)ccc21,ClCCl,2.298235,val
3587,CCCC1(CCC)c2ccccc2-c2ccc(-c3ccc4c(c3)C(CCC)(CCC)c3cc(-c5ccc6c(c5)C(CCC)(CCC)c5ccccc5-6)ccc3-4)cc21,C1CCCCC1,3.4535995,val
3588,CCCC1(CCC)c2ccccc2-c2ccc(N(c3ccc(-c4sc(/C=C(\C#N)C(=O)O)c5c4OCCO5)cc3)c3ccc4c(c3)C(CCC)(CCC)c3c5c(c6c(c3-4)C(CCC)(CCC)c3ccccc3-6)C(CCC)(CCC)c3ccccc3-5)cc21,ClCCl,2.4200072,val
3592,CCCC1=C(CCC)c2cccc3c2c(cc2nc4ccccc4nc23)O1,ClCCl,2.47714,val
3594,CCCC1=Cc2nc1ccc1[nH]c(c3nc(ccc4[nH]c2cc4CCC)C(CCC)=C3)c(CN(C)C)c1CCC,Cc1ccccc1,1.8656225,val
3601,CCCC1=Cc2nc1ccc1[nH]c(cc1CCC)c1nc(c(OC(=O)CCCNC(=O)OC(C)(C)C)cc3[nH]c2cc3CCC)C(CCC)=C1,Cc1ccccc1,1.952542,val
3621,CCCCC(CC)CC1(CC(CC)CCCC)c2cc(C=C(C#N)C(=O)O)ccc2-c2cc3c(cc21)-c1ccc(N(c2ccccc2)c2ccccc2)cc1C3(CC(CC)CCCC)CC(CC)CCCC,C1CCOC1,2.931102,val
3624,CCCCC(CC)CN1C(=O)/C(=C2/C(=O)N(CC(CC)CCCC)C3C=C(c4ccc(/C=C(/C#N)C(=O)O)s4)C=CC23)c2ccc(-c3ccc(-c4ccc(N5c6ccccc6C=C(OC)c6ccccc65)cc4)s3)cc21,ClC(Cl)Cl,2.4474018,val
3635,CCCCC(CC)CN1C(=O)C2=C(c3ccc(-c4ccc(C5=C6C(C)=CC(C)=[N+]6[B-](F)(F)n6c(C)cc(C)c65)cc4)s3)N(CC(CC)CCCC)C(=O)C2=C1c1cccs1,Cc1ccccc1,2.0838332,val
3640,CCCCC(CC)CN1C(=O)C2=C(c3ccc(-c4ccc5c(c4)N(c4ccccc4)C4CCCC54)s3)N(CC(CC)CCCC)C(=O)C2=C1c1ccc(-c2ccc(C=C(C#N)C(=O)O)o2)cc1,C1CCOC1,2.1073592,val
3642,CCCCC(CC)CN1C(=O)C2=C(c3ccc(-c4nc(-c5ccccc5)c(-c5ccccc5)n4-c4ccccc4)cc3)N(CC(CC)CCCC)C(=O)C2=C1c1ccc(-c2nc(-c3ccccc3)c(-c3ccccc3)n2C)cc1,Cc1ccccc1,2.4849935,val
3644,CCCCC(CC)CN1C(=O)C2=C(c3ccc(-c4nc(-c5ccccc5)c(-c5ccccc5)n4-c4ccccc4)cc3)N(CC(CC)CCCC)C(=O)C2=C1c1ccc(-c2nc(-c3ccccc3)c(-c3ccccc3)n2C)cc1,ClCCl,2.4631333,val
3646,CCCCC(CC)CN1C(=O)C2=C(c3ccc(-c4nc5c6ccccc6c6ccccc6c5n4-c4ccccc4)cc3)N(CC(CC)CCCC)C(=O)C2=C1c1ccc(-c2nc3c4ccccc4c4ccccc4c3n2C)cc1,Cc1ccccc1,2.5662067,val
3657,CCCCC(CC)CN1C(=O)c2cc(Oc3ccc(C(C)(C)C)cc3)c3c4c(Oc5ccc(OC)cc5)cc5c6c(cc(Oc7ccc(OC)cc7)c(c7c(Oc8ccc(C(C)(C)C)cc8)cc(c2c37)C1=O)c64)C(=O)N(c1c(C(C)C)cccc1C(C)C)C5=O,Cc1ccccc1,2.0499609,val
3665,CCCCC(CC)CN1C(=O)c2ccc3c4c(-c5ccc6c7ccccc7n(-c7ccccc7)c6c5)cc5c6c(cc(-c7ccc8c9ccccc9n(-c9ccccc9)c8c7)c(c7ccc(c2c37)C1=O)c64)C(=O)N(CC(CC)CCCC)C5=O,ClC(Cl)Cl,2.0989695,val
3666,CCCCC(CC)CN1C(=O)c2ccc3c4c(-c5ccc6c7ccccc7n(-c7ccccc7)c6c5)cc5c6c(ccc(c7c(-c8ccc9c%10ccccc%10n(-c%10ccccc%10)c9c8)cc(c2c37)C1=O)c64)C(=O)N(CC(CC)CCCC)C5=O,ClC(Cl)Cl,2.0936573,val
3671,CCCCC(CC)CN1C(=O)c2cccc3c(C#Cc4ccc(N(c5ccccc5)c5ccccc5)cc4)ccc(c23)C1=O,Cc1ccccc1,2.865099,val
3673,CCCCC(CC)CN1c2ccc(-c3ccc4c(c3)c3nc5ccccc5nc3n4CC(CC)CCCC)cc2Sc2cc(-c3ccc(/C=C(\C#N)C(=O)O)s3)ccc21,ClCCl,2.672999,val
3677,CCCCC(CC)CN1c2ccc(/C=C/C(=O)O)cc2Sc2cc(/C=C/C3=CC(=C4C(=O)c5ccccc5C4=C(C#N)C#N)C=C(/C=C/c4ccc5c(c4)Sc4cc(/C=C/C(=O)O)ccc4N5CC(CC)CCCC)O3)ccc21,CN(C)C=O,2.2122097,val
3685,CCCCC(CC)CN1c2ccccc2Sc2cc(/C=C(/C#N)C(=O)O)ccc21,CCO,2.8518455,val
3686,CCCCC(CC)COC(=O)/C=C/c1c(OC)ccc(OC)c1OC,CCCCCC,3.9363866,val
3687,CCCCC(CC)COC(=O)/C=C/c1c(OC)ccc(OC)c1OC,CO,3.8963938,val
3688,CCCCC(CC)COC(=O)/C=C/c1ccc(OC)c(OC)c1OC,CCCCCC,3.948714,val
3690,CCCCC(CC)COC(=O)/C=C/c1ccccc1OC,CCCCCC,4.005747,val
3699,CCCCC(CC)CO[N+](=O)[O-],O,5.6100426,val
3719,CCCCC(CC)COc1ccc(-c2cc3ccc(C=C(C#N)C(=O)O)c4cc(-c5ccc(OCC(CC)CCCC)cc5)c5ccc2n5c34)cc1,ClC(Cl)Cl,2.6329782,val
3720,CCCCC(CC)COc1ccc(-c2cc3ccc(C=Cc4ccc(C(=O)O)cc4)c4cc(-c5ccc(OCC(CC)CCCC)cc5)c5ccc2n5c34)cc1,ClC(Cl)Cl,2.821534,val
3723,CCCCC(CC)COc1ccc(-c2ccc(C(=Cc3ccc(N4c5ccc(-c6cnc(-c7sc(/C=C(\C#N)C(=O)O)c8c7OCCO8)c7nc(-c8ccccc8)c(-c8ccccc8)nc67)cc5C5CCCC54)cc3)c3ccc(-c4ccc(OCC(CC)CCCC)cc4OCC(CC)CCCC)cc3)cc2)c(OCC(CC)CCCC)c1,ClCCl,2.23165,val
3724,CCCCC(CC)COc1ccc(-c2ccc(N(c3ccc(-c4cc5c(s4)-c4sc(-c6ccc(-c7ccc(/C=C(\C#N)C(=O)O)s7)c7nsnc67)cc4C5(CC(CC)CCCC)CC(CC)CCCC)cc3)c3ccc(-c4ccc(OCC(CC)CCCC)cc4OCC(CC)CCCC)cc3)cc2)c(OCC(CC)CCCC)c1,ClCCl,2.1562176,val
3727,CCCCC(CC)COc1ccc(-c2ccc(N(c3ccc(-c4ccc(-c5ccc(-c6ccc(C=C(C#N)C(=O)O)cc6)c6nc(-c7ccccc7)c(-c7ccccc7)nc56)s4)cc3)c3ccc(-c4ccc(OCC(CC)CCCC)cc4OCC(CC)CCCC)cc3)cc2)c(OCC(CC)CCCC)c1,ClCCl,2.477769,val
3728,CCCCC(CC)COc1ccc(-c2ccc(N(c3ccc(-c4ccc(OCC(CC)CCCC)cc4OCC(CC)CCCC)cc3)c3ccc(-c4ccc(-c5cc6c(s5)-c5sc(-c7ccc(/C=C(\C#N)C(=O)O)cc7)cc5C6(CC(CC)CCCC)CC(CC)CCCC)c5nsnc45)cc3)cc2)c(OCC(CC)CCCC)c1,CC#N,2.4022498,val
3729,CCCCC(CC)COc1ccc(-c2ccc(N(c3ccc(-c4ccc(OCC(CC)CCCC)cc4OCC(CC)CCCC)cc3)c3ccc(-c4sc(-c5ccc(-c6ccc(C=C(C#N)C(=O)O)cc6)c6nc(-c7ccccc7)c(-c7ccccc7)nc56)c5c4OCCO5)cc3)cc2)c(OCC(CC)CCCC)c1,ClCCl,2.4218957,val
3746,CCCCC(CC)Cc1cc(-c2sc(-c3sc(/C=C(/C#N)C(=O)O)cc3CC(CC)CCCC)cc2CC(CC)CCCC)sc1-c1ccc2c(c1)c1ccccc1n2CC,ClC(Cl)Cl,2.6891487,val
3747,CCCCC(CC)Cc1cc(/C=C(\C#N)C(=O)O)sc1-c1sc(-c2sc(-c3ccc(N(c4ccccc4)c4ccccc4)cc3)cc2CC(CC)CCCC)c2c1NC1=C(N2)c2cccc3cccc1c23,Cc1ccccc1,2.3121743,val
3754,CCCCC(CC)Cn1c(C=C(C#N)C(=O)O)ccc1/C=N/N(c1ccccc1)c1ccccc1,C1CCOC1,2.6466672,val
3765,CCCCC(CC)Cn1c2cc(-c3ccc(N(c4ccccc4)c4ccccc4)cc3)c3cccc4c5cccc6c(-c7ccc(C=C(C#N)C(=O)O)s7)cc1c(c65)c2c34,ClCCl,2.5533354,val
3766,CCCCC(CC)Cn1c2cc(-c3ccc(N(c4ccccc4)c4ccccc4)cc3)ccc2c2cc3c(cc21)c1ccc(-c2ccc(/C=C(\C#N)C(=O)O)s2)cc1n3CC(CC)CCCC,ClCCl,2.6399047,val
3788,CCCCC(CC)Cn1c2ccccc2c2c(-c3ccc(-c4ccc(/C=C(\C#N)C(=O)O)s4)cc3)c3c(c(-c4ccc(-c5ccc(N(c6ccccc6)c6ccccc6)cc5)cc4)c21)c1ccccc1n3CC(CC)CCCC,CN(C)C=O,2.8298235,val
3799,CCCCC(CC)Cn1c2ccccc2c2ccc(-c3ccc4c(c3)S(=O)(=O)c3cc(-c5ccc6c7ccccc7n(CC(CC)CCCC)c6c5)ccc3-4)cc21,Cc1ccccc1,3.1885269,val
3800,CCCCC(CC)Cn1c2ccccc2c2ccc(-c3ccc4c(c3)S(=O)(=O)c3cc(-c5ccc6c7ccccc7n(CC(CC)CCCC)c6c5)ccc3-4)cc21,ClC(Cl)Cl,3.190333,val
3802,CCCCC(CC)Cn1c2ccccc2c2ccc(-n3c4ccccc4c4ccccc43)cc21,C1CCOC1,3.5658603,val
3807,CCCCC(CC)Cn1nc2c3cc(-c4ccc5c6ccccc6n(CC(CC)CCCC)c5c4)sc3c3sc(-c4ccc(/C=C(/C#N)C(=O)O)s4)cc3c2n1,C1CCOC1,2.682045,val
3814,CCCCC1(CCCC)c2cc(-c3cc4c(s3)c3sc(/C=C(\C#N)C(=O)O)cc3n4-c3ccc4c(c3)C(CCCC)(CCCC)c3ccccc3-4)ccc2-c2ccc(N(c3ccccc3)c3ccccc3)cc21,C1CCOC1,2.5503116,val
3817,CCCCC1(CCCC)c2cc(-c3ccc(/C=C(\C#N)C(=O)O)s3)ccc2-c2ccc(N3c4ccccc4Sc4cc(C=C5c6ccccc6-c6ccccc65)ccc43)cc21,ClCCl,2.8016193,val
3821,CCCCC1(CCCC)c2cc(-c3ccc(C=C4C(=O)c5ccccc5C4=O)cc3)ccc2-c2ccc(-c3ccc(C=C4C(=O)c5ccccc5C4=O)cc3)cc21,CS(C)=O,2.8912823,val
3824,CCCCC1(CCCC)c2cc(/C=C(\C#N)C(=O)O)ccc2-c2ccc(N(c3ccc(OC(COC(C(F)(F)F)(C(F)(F)F)C(F)(F)F)(COC(C(F)(F)F)(C(F)(F)F)C(F)(F)F)COC(C(F)(F)F)(C(F)(F)F)C(F)(F)F)cc3)c3ccc4c(c3)C(CCCC)(CCCC)c3cc(/C=C(\C#N)C(=O)O)ccc3-4)cc21,ClCCCl,2.71071,val
3831,CCCCC1(CCCC)c2cc(C#Cc3ccc(/C=C(\C)c4ccccc4)cc3)ccc2-c2ccc(C#Cc3ccc(/C=C(\C)c4ccccc4)cc3)cc21,C1CCOC1,3.4391854,val
3839,CCCCC1(CCCC)c2cc(C#Cc3ccc4ccc5cccc6ccc3c4c56)ccc2-c2ccc(C#Cc3ccc4ccc5cccc6ccc3c4c56)cc21,CCOC(C)=O,3.0598526,val
3856,CCCCC1(CCCC)c2ccccc2-c2ccc(-n3c4cc(/C=C(/C#N)C(=O)O)sc4c4sc(-c5ccc(N(c6ccccc6)c6ccccc6)cc5)cc43)cc21,C1CCOC1,2.5300126,val
3862,CCCCC1(CCCC)c2ccccc2-c2ccc(-n3c4ccsc4c4sc(-c5ccc(/C=C(\C#N)C(=O)O)s5)cc43)cc21,C1CCOC1,2.6123588,val
3873,CCCCC1=C(CCCC)c2cccc3c2c(cc2nc4ccccc4nc23)O1,ClCCl,2.5040991,val
3884,CCCCC1C(=O)c2cc(Oc3ccc(C(C)(C)C)cc3)c3c4c(Oc5ccc(C(C)(C)C)cc5)cc5c6c(cc(Oc7ccc(C(C)(C)C)cc7)c(c7c(Oc8ccc(C(C)(C)C)cc8)cc(c2c37)C1=O)c64)C1=C(C5=O)c2ccc3ccccc3[n+]2[B-](F)(F)O1,ClCCl,2.1755304,val
3909,CCCCCC1=C2C(C)=C(c3ccc4c(c3)c3ccccc3n4-c3ccc(OC)cc3)C(C)=[N+]2[B-](F)(F)n2c(C)c(/C=C(\C#N)C(=O)O)c(C)c21,ClC(Cl)Cl,2.3151803,val
3911,CCCCCC1=C2C(C)=C(c3ccc4c5cc(OC)ccc5n(CCC)c4c3)C(C)=[N+]2[B-](F)(F)n2c(C)c(-c3ccc(/C=C(\C#N)C(=O)O)o3)c(C)c21,ClC(Cl)Cl,2.3546538,val
3916,CCCCCC1c2c(C)c(-c3ccc(/C=C(/C#N)C(=O)O)s3)c(C)n2[B-](F)(F)[N+]2=C(C)C(c3ccc4c(c3)Sc3ccccc3N4CCC)=C(C)C12,ClC(Cl)Cl,2.4194233,val
3918,CCCCCC1c2c(C)c(-c3ccc(C=C4SC(=S)N(CC(=O)O)C4=O)s3)c(C)n2[B-](F)(F)[N+]2=C(C)C(c3ccc4c(c3)Sc3ccccc3N4CCC)=C(C)C12,ClC(Cl)Cl,2.3873246,val
3923,CCCCCCC(=O)Nc1ccc(C(=O)/C=C/c2ccc(N(C)CCO)cc2)cc1,CS(C)=O,2.9240253,val
3936,CCCCCCC(CCCCCC)N1C(=O)c2cccc3c(-c4cc(OC)c(OC)c(OC)c4)ccc(c23)C1=O,CCCCO,3.4434357,val
3938,CCCCCCC(CCCCCC)N1C(=O)c2cccc3c(-c4cc(OC)c(OC)c(OC)c4)ccc(c23)C1=O,Cc1ccccc1,3.3730755,val
3960,CCCCCCC(CCCCCC)N1C(=O)c2cccc3c(-c4ccc(OC)c5cccc(C)c45)ccc(c23)C1=O,CCCCO,3.499904,val
3965,CCCCCCC(CCCCCC)N1C(=O)c2cccc3c(-c4ccc(OC)c5ccccc45)ccc(c23)C1=O,Cc1ccccc1,3.4763818,val
3971,CCCCCCC(CCCCCC)N1C(=O)c2cccc3c(-c4ccc([Si](C)(C)C)cc4)ccc(c23)C1=O,Cc1ccccc1,3.4727767,val
3975,CCCCCCC(CCCCCC)N1C(=O)c2cccc3c(-c4ccccc4)ccc(c23)C1=O,CCCCO,3.498784,val
3976,CCCCCCC(CCCCCC)N1C(=O)c2cccc3c(-c4ccccc4)ccc(c23)C1=O,CN(C)C=O,3.4389067,val
3977,CCCCCCC(CCCCCC)N1C(=O)c2cccc3c(-c4ccccc4)ccc(c23)C1=O,Cc1ccccc1,3.4362195,val
3989,CCCCCCC1(CCCCCC)c2cc(-c3cc4c(s3)c3sc(/C=C(/C#N)C(=O)O)cc3n4-c3ccc(N(c4ccc(C)cc4)c4ccc(C)cc4)cc3)ccc2-c2ccc(-c3cc4c(s3)c3sc(/C=C(\C#N)C(=O)O)cc3n4-c3ccc(N(c4ccc(C)cc4)c4ccc(C)cc4)cc3)cc21,C1CCOC1,2.4652452,val
3990,CCCCCCC1(CCCCCC)c2cc(-c3cc4c(s3)c3sc(/C=C(/C#N)C(=O)O)cc3n4-c3ccc(OC)cc3)ccc2-c2ccc(-c3cc4c(s3)c3sc(/C=C(\C#N)C(=O)O)cc3n4-c3ccc(OC)cc3)cc21,C1CCOC1,2.4592178,val
3996,CCCCCCC1(CCCCCC)c2cc(-c3ccc(-c4ccc(-c5ccc(/C=C(\C#N)C(=O)O)s5)s4)s3)ccc2-c2ccc(-c3ccc(-c4ccc(-c5ccc(/C=C(\C#N)C(=O)O)s5)s4)s3)cc21,C1CCOC1,2.5959861,val
3998,CCCCCCC1(CCCCCC)c2cc(-c3ccc(-c4ccc(C=C(C#N)C#N)s4)s3)ccc2-c2ccc(N(c3ccccc3)c3ccc(C(=O)O)cc3)cc21,C1CCOC1,2.5424707,val
4009,CCCCCCC1(CCCCCC)c2cc(-c3ccc(N(c4ccc(-c5ccc(OCCCC)cc5OCCCC)cc4)c4ccc(-c5ccc(OCCCC)cc5OCCCC)cc4)cc3)sc2-c2sc(-c3ccc(/C=C(\C#N)C(=O)O)c(F)c3)cc21,ClCCl,2.509203,val
4026,CCCCCCC1(CCCCCC)c2cc(/C=C(\C#N)c3ccc(-c4ccc(/C=C(/C#N)C(=O)O)s4)s3)ccc2-c2ccc(-n3c4ccc(C(C)(C)C)cc4c4cc(C(C)(C)C)ccc43)cc21,ClCCl,2.5058181,val
4031,CCCCCCC1(CCCCCC)c2ccc(N(c3ccccc3)c3ccccc3)cc2-c2c1c1c(c3c2C(CCCCCC)(CCCCCC)c2cc(N(c4ccccc4)c4ccccc4)ccc2-3)C(CCCCCC)(CCCCCC)c2ccc(C=C(C#N)C(=O)O)cc2-1,C1CCOC1,3.1331904,val
4034,CCCCCCC1(CCCCCC)c2ccccc2-c2ccc(-c3cc4c(cc3F)-c3cc(F)c(-c5ccc6c(c5)C(CCCCCC)(CCCCCC)c5ccccc5-6)cc3S4(=O)=O)cc21,ClC(Cl)Cl,3.4060507,val
4040,CCCCCCC1(CCCCCC)c2ccccc2-c2ccc(N(c3ccc(-c4ccc(C=C(C#N)C(=O)O)o4)cc3)c3ccc4c(c3)C(CCCCCC)(CCCCCC)c3ccccc3-4)cc21,ClCCl,2.4421248,val
4052,CCCCCCC1CC(C)(CCCCCC)N(C)c2ccc(-c3ccc(/C=C/C4=C/C(=C(\C#N)C(=O)O)CC(C)(C)C4)s3)cc21,ClCCl,2.361373,val
4055,CCCCCCCC(=O)Oc1ccc2c3cccc4c(OC(=O)CCCCCCC)ccc(c5cccc1c52)c43,C1CCOC1,2.7494404,val
4057,CCCCCCCC(=O)Oc1ccc2c3cccc4c(OC(=O)CCCCCCC)ccc(c5cccc1c52)c43,ClC(Cl)(Cl)Cl,2.69525,val
4062,CCCCCCCC(CCCCCCC)N1C(=O)c2c(C#N)cc3c4cc(C#N)c5c6c(c(C#N)cc(c7cc(C#N)c(c2c37)C1=O)c64)C(=O)N(C(CCCCCCC)CCCCCCC)C5=O,ClCCl,2.4243338,val
4063,CCCCCCCC(CCCCCCC)N1C(=O)c2c(Cl)cc3c4cc(Cl)c5c6c(c(Cl)cc(c7cc(Cl)c(c2c37)C1=O)c64)C(=O)N(C(CCCCCCC)CCCCCCC)C5=O,ClCCl,2.2583528,val
4072,CCCCCCCCC(=O)c1ccc2c(c1)C(C)(C)c1cc(N(CC)CC)ccc1-2,C1CCOC1,3.2340627,val
4073,CCCCCCCCC(=O)c1ccc2c(c1)C(C)(C)c1cc(N(CC)CC)ccc1-2,C1COCCO1,3.2269182,val
4086,CCCCCCCCC(CCCCCC)COc1ccc(-c2cc3c4c5c2cccc5c2cccc5c(C=C(C#N)C(=O)O)cc(c4c52)n3CC(CCCCCC)CCCCCCCC)cc1,C1CCOC1,2.474188,val
4092,CCCCCCCCC(CCCCCC)Cn1c2c3ccc(-c4ccc(N(c5ccccc5)c5ccccc5)cc4)cc3sc2c2sc3cc(-c4ccc(/C=C(\C#N)C(=O)O)s4)ccc3c21,C1CCOC1,2.7025506,val
4094,CCCCCCCCC(CCCCCC)Cn1c2c3ccc(-c4sc(/C=C(\C#N)C(=O)O)cc4CCCCCC)cc3sc2c2sc3cc(-c4sc(/C=C(\C#N)C(=O)O)cc4CCCCCC)ccc3c21,C1CCOC1,2.682928,val
4098,CCCCCCCCC(CCCCCC)Cn1c2cc(-c3ccc(-c4ccc(C(=O)O)cc4)c4nsnc34)c3cccc4c5cccc6c(N(c7ccc(OCCCCCC)cc7)c7ccc(OCCCCCC)cc7)cc1c(c65)c2c34,C1CCOC1,2.3121336,val
4099,CCCCCCCCC(CCCCCC)Cn1c2cc(C#Cc3ccc(-c4ccc(C(=O)O)cc4)c4nsnc34)c3cccc4c5cccc6c(-c7ccc8c(c7)-c7ccccc7C8(CC(CCCCCC)CCCCCCCC)CC(CCCCCC)CCCCCCCC)cc1c(c65)c2c34,C1CCOC1,2.4468207,val
4101,CCCCCCCCC(CCCCCC)Cn1c2cc(C#Cc3ccc(C#Cc4ccc(C(=O)O)cc4)c4nsnc34)c3cccc4c5cccc6c(N(c7ccc(OCCCCC)cc7)c7ccc(OCCCCCC)cc7)cc1c(c65)c2c34,C1CCOC1,2.3147616,val
4110,CCCCCCCCC(CCCCCCCC)n1c2ccc(-c3sc(-c4ccc(/C=C(/C#N)C(=O)O)s4)cc3CCCCCC)cc2c2cc(-c3sc(-c4ccc(/C=C(/C#N)C(=O)O)s4)cc3CCCCCC)ccc21,C1CCOC1,2.6610422,val
4112,CCCCCCCCC1(C=C2C(=O)NC(=O)NC2=O)C=CC(NC(=C2C(=O)NC(=O)NC2=O)c2ccccc2)=CC1,C1CCOC1,2.7296133,val
4117,CCCCCCCCC1(CCCCCCCC)c2cc(-c3ccc(C(F)(F)F)cc3)ccc2-c2ccc(N(c3ccc(-n4c5ccccc5c5ccccc54)cc3)c3ccc4c(c3)C(CCCCCCCC)(CCCCCCCC)c3cc(-c5ccc(C(F)(F)F)cc5)ccc3-4)cc21,CC#N,3.421245,val
4134,CCCCCCCCC1(CCCCCCCC)c2cc(-c3ccc(C=C4C(=O)c5ccccc5C4=O)cc3)ccc2-c2ccc(-c3ccc(C=C4C(=O)c5ccccc5C4=O)cc3)cc21,Cc1ccccc1,2.855151,val
4135,CCCCCCCCC1(CCCCCCCC)c2cc(-c3ccc(C=C4C(=O)c5ccccc5C4=O)cc3)ccc2-c2ccc(-c3ccc(C=C4C(=O)c5ccccc5C4=O)cc3)cc21,ClC(Cl)Cl,2.8643737,val
4137,CCCCCCCCC1(CCCCCCCC)c2cc(-c3ccc(N(c4ccc(C)cc4)c4ccc(-c5ccc(-c6ccc(/C=C(\C#N)C(=O)O)s6)s5)cc4)cc3)ccc2-c2ccc(-c3ccc(N(c4ccc(C)cc4)c4ccc(-c5ccc(-c6ccc(/C=C(\C#N)C(=O)O)s6)s5)cc4)cc3)cc21,C1CCOC1,2.6094735,val
4147,CCCCCCCCC1(CCCCCCCC)c2cc(C#CC#Cc3ccc(N(c4ccccc4)c4ccccc4)cc3)ccc2-c2ccc(C=C(C#N)C(=O)O)cc21,C1CCOC1,3.0768304,val
4148,CCCCCCCCC1(CCCCCCCC)c2cc(C#CC#Cc3ccc(N(c4ccccc4)c4ccccc4)cc3)ccc2-c2ccc(C=O)cc21,C1CCOC1,3.2212462,val
4161,CCCCCCCCC1(CCCCCCCC)c2cc(C#Cc3ccc(N(c4ccccc4)c4ccccc4)cc3)ccc2-c2ccc(C=O)cc21,C1CCOC1,3.2315488,val
4164,CCCCCCCCC1(CCCCCCCC)c2cc(C#Cc3ccc(N(c4ccccc4)c4ccccc4)cc3)ccc2-c2ccc(C=O)cc21,CC(C)=O,3.2571082,val
4165,CCCCCCCCC1(CCCCCCCC)c2cc(C#Cc3ccc(N(c4ccccc4)c4ccccc4)cc3)ccc2-c2ccc(C=O)cc21,CCCCCC,3.2536461,val
4169,CCCCCCCCC1(CCCCCCCC)c2cc(C#Cc3ccc(N(c4ccccc4)c4ccccc4)cc3)ccc2-c2ccc(C=O)cc21,Cc1ccccc1,3.248226,val
4177,CCCCCCCCC1(CCCCCCCC)c2cc(C=O)ccc2-c2ccc(/C=C/c3ccc(N(c4ccccc4)c4ccccc4)cc3)cc21,CCOC(C)=O,3.0940392,val
4201,CCCCCCCCC1(CCCCCCCC)c2ccccc2-c2ccc(C#Cc3ccc4c(c3)C(=O)c3cc(C#Cc5ccc6c(c5)C(CCCCCCCC)(CCCCCCCC)c5ccccc5-6)ccc3-4)cc21,Cc1ccccc1,3.122769,val
4214,CCCCCCCCC1(CCCCCCCC)c2ccccc2-c2ccc(N(c3ccc(-n4c5ccccc5c5ccccc54)cc3)c3ccc4c(c3)C(CCCCCCCC)(CCCCCCCC)c3ccccc3-4)cc21,Cc1ccccc1,3.3998146,val
4217,CCCCCCCCC1(CCCCCCCC)c2ccsc2-c2sc(-c3ccc(-c4cc5c(s4)-c4sc(/C=C(\C#N)C(=O)O)cc4C5(C)C)c4nc(-c5ccccc5)c(-c5ccccc5)nc34)cc21,ClCCl,2.246323,val
4219,CCCCCCCCCC(=O)Nc1ccc(C(=O)/C=C/c2ccc(N(C)CCO)cc2)cc1,CS(C)=O,2.9022741,val
4221,CCCCCCCCCC1(CCCCCCCCC)c2cc(C#Cc3ccc(/C=C/c4ccc(N(CCCCCCCC)CCCCCCCC)cc4)cc3)ccc2-c2ccc(C#Cc3ccc(/C=C/c4ccc(N(CCCCCCCC)CCCCCCCC)cc4)cc3)cc21,Cc1ccccc1,2.9753835,val
4240,CCCCCCCCCCC1(CCCCCCCCCC)c2cc(N3C(=O)c4ccc5c6ccc7c8c(ccc(c9ccc(c4c59)C3=O)c86)C(=O)N(c3ccc4c(c3)C(CCCCCCCCCC)(CCCCCCCCCC)c3cc(N(c5ccccc5)c5ccccc5)ccc3-4)C7=O)ccc2-c2ccc(N(c3ccccc3)c3ccccc3)cc21,Cc1ccccc1,2.2992964,val
4259,CCCCCCCCCCCCC(CCCCCCCCCC)Cn1c2cc(C=C(C#N)C#N)c3cccc4c5cccc6c(C=C(C#N)C#N)cc1c(c65)c2c34,ClCCl,2.2170649,val
4261,CCCCCCCCCCCCC1(CCCCCCCCCCCC)c2cc(-c3ccc(C=C4C(=O)c5ccccc5C4=O)cc3)ccc2-c2ccc(-c3ccc(C=C4C(=O)c5ccccc5C4=O)cc3)cc21,CC(C)=O,2.8783152,val
4268,CCCCCCCCCCCCC1(CCCCCCCCCCCC)c2cc(/C=C(\C#N)C(=O)O)sc2-c2sc(-c3ccc4c(c3)Sc3ccccc3N4CCCC)cc21,ClCCl,2.321237,val
4270,CCCCCCCCCCCCC1(CCCCCCCCCCCC)c2cc(/C=C(\C#N)C(=O)O)sc2-c2sc(-c3sc(-c4sc(-c5ccc(N(c6ccc(-c7ccc(OCCCCCC)cc7OCCCCCC)cc6)c6ccc(-c7ccc(OCCCCCC)cc7OCCCCCC)cc6)cc5)c5c4OCCO5)c4c3OCCO4)cc21,ClCCl,2.207993,val
4277,CCCCCCCCCCCCCCCCCCN1/C(=C\C=C2/SC(=S)N(CC(=O)O)C2=O)Sc2ccccc21,CCO,2.342245,val
4282,CCCCCCCCCCCCCCCCCCN1C(=O)c2cccc3c(OCCN(C)C)ccc(c23)C1=O,CCO,3.4854257,val
4283,CCCCCCCCCCCCCCCCCCN1C(=O)c2cccc3c(OCCN(C)C)ccc(c23)C1=O,CCOC(C)=O,3.499371,val
4285,CCCCCCCCCCCCCCCCCCN1C(=O)c2cccc3c(OCCN(C)C)ccc(c23)C1=O,CN(C)C=O,3.4287972,val
4287,CCCCCCCCCCCCCCCCCCOC(=O)/C=C/C1=CC2=C(c3c(C)cc(C)cc3C)c3cc(/C=C/C(=O)OCCCCCCCCCCCCCCCCCC)cn3[B-](F)(F)[N+]2=C1,ClCCl,2.1770055,val
4294,CCCCCCCCCCCCCCCCOC(=O)c1ccc(N(c2ccccc2)c2ccccc2)cc1,C1CCCCC1,3.9658358,val
4295,CCCCCCCCCCCCCCCCOC(=O)c1ccc(N(c2ccccc2)c2ccccc2)cc1,C1CCOC1,3.92113,val
4299,CCCCCCCCCCCCCCCCOC(=O)c1ccc(N(c2ccccc2)c2ccccc2)cc1,c1ccccc1,3.7210352,val
4301,CCCCCCCCCCCCCCCCOc1cc(C#Cc2ccc3ccccc3c2)c(OCCCCCCCCCCCCCCCC)cc1C#Cc1ccc(C=C(C#N)C#N)cc1,C1CCCCC1,2.9906495,val
4321,CCCCCCCCCCCCCCCCOc1cc(C#Cc2ccc3ccccc3c2-c2c(C#Cc3cc(OCCCCCCCCCCCCCCCC)c(C#Cc4ccc(C=C(C#N)C#N)cc4)cc3OCCCCCCCCCCCCCCCC)ccc3ccccc23)c(OCCCCCCCCCCCCCCCC)cc1C#Cc1ccc(C=C(C#N)C#N)cc1,CCOCC,2.9231446,val
4323,CCCCCCCCCCCCCCCCOc1cc(C#Cc2ccc3ccccc3c2-c2c(C#Cc3cc(OCCCCCCCCCCCCCCCC)c(C#Cc4ccc(C=C(C#N)C#N)cc4)cc3OCCCCCCCCCCCCCCCC)ccc3ccccc23)c(OCCCCCCCCCCCCCCCC)cc1C#Cc1ccc(C=C(C#N)C#N)cc1,ClC(Cl)(Cl)Cl,2.7689698,val
4326,CCCCCCCCCCCCCCCCn1c(-c2cc(-c3nc4ccc(C)cc4n3CCCCCCCCCCCCCCCC)cc(-c3nc4ccc(C)cc4n3CCCCCCCCCCCCCCCC)c2)nc2ccc(C)cc21,ClCCl,4.2054124,val
4328,CCCCCCCCCCCCCCCc1c(-c2ccc(C=C(C#N)C(=O)O)s2)sc2c1sc1c3sc(-c4ccc(-c5ccc(N(c6ccccc6)c6ccccc6)cc5)s4)c(CCCCCCCCCCCCCCC)c3sc21,Clc1ccccc1Cl,2.4901247,val
4341,CCCCCCCCCCCCN(c1ccc(-c2ccc(-c3ccc(/C=C(\C#N)C(=O)O)s3)s2)cc1)c1ccc(-n2c3ccc(C(C)(C)C)cc3c3cc(C(C)(C)C)ccc32)cc1,ClCCl,2.4879704,val
4351,CCCCCCCCCCCCN1C(=O)c2c(c3ccc4cc(-c5ccc(C#N)cc5)c(OC)cc4c3c3c2ccc2cc(-c4ccc(C#N)cc4)c(OC)cc23)C1=O,ClCCl,2.957802,val
4352,CCCCCCCCCCCCN1C(=O)c2c(c3ccc4cc(-c5ccc(C(F)(F)F)cc5)c(OC)cc4c3c3c2ccc2cc(-c4ccc(C(F)(F)F)cc4)c(OC)cc23)C1=O,ClCCl,2.95206,val
4358,CCCCCCCCCCCCN1C(=O)c2c(c3ccc4cc(-c5ccc(OC)cc5)c(OC)cc4c3c3c2ccc2cc(-c4ccc(OC)cc4)c(OC)cc23)C1=O,ClCCl,2.8214395,val
4365,CCCCCCCCCCCCN1C(=O)c2ccc3c4ccc5c6c(ccc(c7ccc(c2c37)C1=O)c64)C(=O)NC5=O,CN(C)C=O,2.3246233,val
4370,CCCCCCCCCCCCN1C(=O)c2cccc3c(N(Cc4ccccn4)Cc4ccccn4)c4ccccc4c(c23)C1=O,Cc1ccccc1,2.511985,val
4371,CCCCCCCCCCCCN1C(=O)c2cccc3c(N(Cc4ccccn4)Cc4ccccn4)c4ccccc4c(c23)C1=O,ClCCl,2.4826005,val
4377,CCCCCCCCCCCCN1c2ccccc2Sc2cc(-c3ccc(-c4ccc5c(c4)Sc4cc(/C=C(\C#N)C(=O)O)ccc4N5CCCCCCCCCCCC)c4nn(CCCCCCCC)nc34)ccc21,CCO,2.727775,val
4380,CCCCCCCCCCCCNc1cccc2[n+]1[B-](F)(F)n1c(c3cccc4cccc1c43)=N2,C1CCOC1,2.555036,val
4384,CCCCCCCCCCCCOc1cc(/C=C/c2ccc3c(c2)C(CC)(CC)c2cc(N4c5ccccc5Sc5ccccc54)ccc2-3)c(OCCCCCCCCCCCC)cc1/C=C/c1ccc2c(c1)C(CC)(CC)c1cc(N3c4ccccc4Sc4ccccc43)ccc1-2,C1CCOC1,2.896469,val
4391,CCCCCCCCCCCCOc1cc(C(=O)Nc2ccc(-c3ccc4c(c3)C(=O)c3cc(-c5ccc(NC(=O)c6cc(OCCCCCCCCCCCC)c(OCCCCCCCCCCCC)c(OCCCCCCCCCCCC)c6)cc5)ccc3-4)cc2)cc(OCCCCCCCCCCCC)c1OCCCCCCCCCCCC,C1CCOC1,3.7979438,val
4392,CCCCCCCCCCCCOc1cc(C(=O)Nc2ccc(-c3ccc4c(c3)C(=O)c3ccccc3-4)cc2)cc(OCCCCCCCCCCCC)c1OCCCCCCCCCCCC,C1CCOC1,3.525461,val
4393,CCCCCCCCCCCCOc1cc2c(cc1OCCCCCCCCCCCC)C1=C3C(=O)N4C=Cc5cc(OCCCCCCCCCCCC)c(OCCCCCCCCCCCC)cc5C4=C3C(=O)N1C=C2,CN(C)C=O,2.2152076,val
4398,CCCCCCCCCCCCOc1cc2c3c(ccc4c5c(OCCCCCCCCCCCC)cc6c7c(ccc(c1c34)c75)C(=O)N(C1CCCCC1)C6=O)C(=O)N(C1CCCCC1)C2=O,ClC(Cl)Cl,2.0977626,val
4408,CCCCCCCCCCCCOc1cc2cc(N(C)C)ccc2cc1C#N,CCOC(C)=O,3.4716516,val
4410,CCCCCCCCCCCCOc1cc2cc(N(C)C)ccc2cc1C#N,ClCCl,3.4428017,val
4413,CCCCCCCCCCCCOc1cc2cc(N(C)C)ccc2cc1C=C(C#N)C#N,CC#N,2.6484158,val
4414,CCCCCCCCCCCCOc1cc2cc(N(C)C)ccc2cc1C=C(C#N)C#N,CCO,2.6228395,val
4415,CCCCCCCCCCCCOc1cc2cc(N(C)C)ccc2cc1C=C(C#N)C#N,CCOC(C)=O,2.6714647,val
4420,CCCCCCCCCCCCOc1cc2cc(N(C)C)ccc2cc1C=O,CC#N,3.2559373,val
4424,CCCCCCCCCCCCOc1cc2cc(N(C)C)ccc2cc1C=O,CS(C)=O,3.209038,val
4428,CCCCCCCCCCCCOc1ccc(/C=N/c2ccc3[nH]c(OCCCCCCCCCCCC)nc3c2)c(O)c1,ClC(Cl)Cl,3.554835,val
4431,CCCCCCCCCCCCOc1ccc(C#Cc2ccc(C#Cc3ccc(OCCCCCCCCCCCC)c(OCCCCCCCCCCCC)c3)c3nc4c5ccccc5c5ccccc5c4nc23)cc1OCCCCCCCCCCCC,C1CCOC1,2.7800796,val
4432,CCCCCCCCCCCCOc1ccc(C#Cc2ccc(C#Cc3ccc(OCCCCCCCCCCCC)c(OCCCCCCCCCCCC)c3)c3nc4c5ccccc5c5ccccc5c4nc23)cc1OCCCCCCCCCCCC,Cc1ccccc1,2.7075517,val
4445,CCCCCCCCCCCC[C@@H](CCCCCCCCCC)CN1c2ccc(/C=C3\SC(=S)N(CC(=O)O)C3=O)cc2Sc2cc(N3CCCC3)ccc21,ClCCl,2.4430623,val
4446,CCCCCCCCCCCC[C@@H](CCCCCCCCCC)CN1c2ccc(C#N)cc2Sc2cc(/C=C3\SC(=S)N(CC(=O)O)C3=O)ccc21,ClCCl,2.509102,val
4451,CCCCCCCCCCCCc1cc(-c2cc3sc4cc(-c5cc(CCCCCCCCCCCC)c(-c6ccc(N(c7ccccc7)c7ccc(/C=C(\C#N)C(=O)O)cc7)cc6)s5)sc4c3s2)sc1-c1ccc(N(c2ccccc2)c2ccc(/C=C(\C#N)C(=O)O)cc2)cc1,C1CCOC1,2.821399,val
4464,CCCCCCCCCCCCc1cc(-c2ccc3c(c2)C2C4CCC(C4)C2N3c2ccc(-c3cccs3)cc2)sc1-c1cc2sc(/C=C(/C#N)C(=O)O)cc2s1,ClCCl,2.4677734,val
4469,CCCCCCCCCCCCc1sc(CCCCCCCCCCCC)c2c3ccsc3c3sccc3c12,ClC(Cl)Cl,3.4127643,val
4483,CCCCCCCCCCCCn1cc(C(=O)c2ccc3c(c2)C(C)(C)c2cc(N(C)C)ccc2-3)nn1,C1COCCO1,3.130306,val
4486,CCCCCCCCCCCCn1cc(C(=O)c2ccc3c(c2)C(C)(C)c2cc(N(C)C)ccc2-3)nn1,CCOC(C)=O,3.1637301,val
4491,CCCCCCCCCCCCn1cccc1/C=C/c1cc(OCCCC)c(/C=C/c2cccn2CCCCCCCCCCCC)cc1OCCCC,Cc1ccccc1,3.0863407,val
4497,CCCCCCCCCCCn1cccc1C1=[N+]2C(=Cc3c(C)cc(C)n3[B-]2(F)F)c2ccccc21,C1CCOC1,2.1100786,val
4498,CCCCCCCCCCCn1cccc1C1=[N+]2C(=Cc3c(C)cc(C)n3[B-]2(F)F)c2ccccc21,CC#N,2.118969,val
4500,CCCCCCCCCCCn1cccc1C1=[N+]2C(=Cc3c(C)cc(C)n3[B-]2(F)F)c2ccccc21,CO,2.1315653,val
4501,CCCCCCCCCCCn1cccc1C1=[N+]2C(=Cc3c(C)cc(C)n3[B-]2(F)F)c2ccccc21,Cc1ccccc1,2.057373,val
4505,CCCCCCCCCCN1C(=O)c2cc(NCCCOCCO)c3c4c(cc(NCCCOCCO)c(c24)C1=O)C(=O)N(CCCCCCCCCC)C3=O,ClC(Cl)Cl,1.8913875,val
4506,CCCCCCCCCCN1c2ccccc2Oc2cc(-c3nc4ccc(-c5ccc(C=C(C#N)C(=O)O)o5)cc4s3)ccc21,CN(C)C=O,2.7570581,val
4508,CCCCCCCCCCN1c2ccccc2Sc2cc(-c3nc4ccc(-c5ccc(C=C(C#N)C(=O)O)o5)cc4s3)ccc21,CN(C)C=O,2.8875415,val
4509,CCCCCCCCCCN1c2ccccc2Sc2cc(-c3nc4ccc(-c5ccc(C=C(C#N)C(=O)O)s5)cc4s3)ccc21,CN(C)C=O,2.9076192,val
4524,CCCCCCCCCCOc1ccc(N(c2ccc(OCCCCCCCCCC)cc2)c2ccc(-c3ccc(C=C(C#N)C(=O)O)s3)cc2)cc1,ClCCl,2.5682492,val
4525,CCCCCCCCCCOc1ccc2c3c(oc2c1)C1=C2C(=O)N4C=Cc5c(oc6cc(OCCCCCCCCCC)ccc56)C4=C2C(=O)N1C=C3,CN(C)C=O,1.8830546,val
4533,CCCCCCCCCC[C@]1(CCCCCCCC)C(/C=C2/C(=O)C(/C=C3/N(C)c4ccc(C(=O)O)cc4C3(C)C)=C2[O-])=[N+](CCCCCC)c2cc3c(cc21)-c1ccccc1C3(CCCCCCCC)CCCCCCCC,ClCCl,1.8124363,val
4538,CCCCCCCCCCc1cc(-c2cc(CCCCCCCCCC)c(-c3cccs3)s2)sc1-c1cccs1,CCCCCCCCCCCCCC,3.5292938,val
4555,CCCCCCCCCCn1cc(C2=C(c3cn(CCCCCCCCCC)c4ccccc34)C(=O)N(C)C2=O)c2ccccc21,CN(C)C=O,2.6133504,val
4556,CCCCCCCCCCn1cc(C2=C(c3cn(CCCCCCCCCC)c4ccccc34)C(=O)N(C)C2=O)c2ccccc21,ClCCl,2.5315332,val
4565,CCCCCCCCC[C@@]1(CCCCCCCC)c2cc(/C=C(\C#N)C(=O)O)sc2-c2sc(-c3ccc(-c4ccc5c(c4)[C@H]4CCC[C@H]4N5c4ccc5c(c4)c4ccccc4n5CCCCCC)c4nsnc34)cc21,ClCCl,2.2116396,val
4568,CCCCCCCCCc1ccc(C(=O)Nc2ccc(C(=O)/C=C/c3ccc(N(C)CCO)cc3)cc2)cc1,CS(C)=O,2.8079154,val
4571,CCCCCCCCCn1c(-c2cc(-c3nc4ccc(C)cc4n3CCCCCCCCC)cc(-c3nc4ccc(C)cc4n3CCCCCCCCC)c2)nc2ccc(C)cc21,ClCCl,4.124672,val
4572,CCCCCCCCCn1c(-c2cc(-c3nc4ccccc4n3CCCCCCCCC)cc(-c3nc4ccccc4n3CCCCCCCCC)c2)nc2ccccc21,ClCCl,4.1432757,val
4573,CCCCCCCCN(CCCCCCCC)c1ccc(/C=C/c2ccc(C#Cc3ccc(-c4ccc(C#Cc5ccc(/C=C/c6ccc(N(CCCCCCCC)CCCCCCCC)cc6)cc5)cc4)cc3)cc2)cc1,Cc1ccccc1,3.0256007,val
4582,CCCCCCCCN(CCCCCCCC)c1ccc(C2=C([O-])/C(=C/C3=[N+](CC(=O)O)c4ccccc4C3(C)C)C2=O)cc1,CO,2.0563614,val
4585,CCCCCCCCN(CCCCCCCC)c1ccc(C2=C([O-])/C(=C/C3=[N+](CC(=O)O)c4ccccc4C3(C)C)C2=O)cc1,c1ccccc1,1.9762632,val
4586,CCCCCCCCN(CCCCCCCC)c1ccc2c3ccc4c5c(ccc(c6cccc1c62)c53)C(=O)N(CC(=O)O)C4=O,CC#N,2.3574464,val
4592,CCCCCCCCN1/C(=C/C2/C(=C(/C#N)C(=O)OCC)C(=CC3=[N+](CCCCCCCC)c4cccc(C(=O)O)c4C3(C)C)C2[O-])C(C)(C)c2cc(C(=O)O)ccc21,CCO,2.3743646,val
4594,CCCCCCCCN1/C(=C/C2=C([O-])/C(=C\C3=[N+](CCCCCCCC)c4ccc(C(=O)O)cc4C3(C)C)C2=C(C#N)C#N)C(C)(C)c2ccccc21,CN(C)C=O,1.7860953,val
4596,CCCCCCCCN1/C(=C/C2=C([O-])/C(=C\C3=[N+](CCCCCCCC)c4ccc(C(=O)O)cc4C3(C)C)C2=O)C(C)(C)c2cc(C(=O)O)ccc21,ClCCl,1.7898912,val
4597,CCCCCCCCN1/C(=C/C2=C([O-])/C(=C\C3=[N+](CCCCCCCC)c4ccc(C(=O)O)cc4C3)C2=C(C#N)C(=O)OCC)C(C)(C)c2cc(C(=O)O)ccc21,CCO,1.8094655,val
4638,CCCCCCCCN1C(=O)c2ccc3c4c(-c5ccc(N(c6ccccc6)c6ccccc6)cc5)cc5c6c(cc(-c7ccc(N(c8ccccc8)c8ccccc8)cc7)c(c7ccc(c2c37)C1=O)c64)C(=O)N(CCCCCCCC)C5=O,ClC(Cl)Cl,2.180447,val
4642,CCCCCCCCN1C(=O)c2ccc3c4c(-c5ccc6c7ccccc7n(-c7ccccc7)c6c5)cc5c6c(cc(-c7ccc8c9ccccc9n(-c9ccccc9)c8c7)c(c7ccc(c2c37)C1=O)c64)C(=O)N(CCCCCCCC)C5=O,ClC(Cl)Cl,2.1129258,val
4643,CCCCCCCCN1C(=O)c2ccc3c4c(-c5ccc6c7ccccc7n(-c7ccccc7)c6c5)cc5c6c(ccc(c7c(-c8ccc9c%10ccccc%10n(-c%10ccccc%10)c9c8)cc(c2c37)C1=O)c64)C(=O)N(CCCCCCCC)C5=O,ClC(Cl)Cl,2.1106095,val
4649,CCCCCCCCN1c2ccc(-c3ccc(N(c4ccc(OC)cc4)c4ccc(OC)cc4)cc3)cc2Sc2cc(-c3ccc(/C=C(\C#N)C(=O)O)s3)ccc21,ClCCl,2.5993586,val
4654,CCCCCCCCN1c2ccc(/C=C(\C#N)C(=O)O)cc2Oc2cc(-c3ccc(OCCCC)cc3OCCCC)ccc21,ClCCl,2.4438198,val
4662,CCCCCCCCN1c2ccc(C#Cc3cc(C(F)(F)F)cc(C(F)(F)F)c3)cc2Sc2cc(C=O)ccc21,Cc1ccccc1,3.2877593,val
4669,CCCCCCCCN1c2ccc(C#Cc3ccc(C(F)(F)F)cc3)cc2Sc2cc(C=O)ccc21,Cc1ccccc1,3.2934656,val
4679,CCCCCCCCN1c2ccc(C#Cc3ccc(OC)cc3)cc2Sc2cc(C=O)ccc21,C1CCOC1,3.3179479,val
4682,CCCCCCCCN1c2ccc(C#Cc3ccc(OC)cc3)cc2Sc2cc(C=O)ccc21,CO,3.3131104,val
4683,CCCCCCCCN1c2ccc(C#Cc3ccc(OC)cc3)cc2Sc2cc(C=O)ccc21,CS(C)=O,3.1792984,val
4689,CCCCCCCCN1c2ccc(C=C(C#N)C(=O)O)cc2Sc2cc(-c3ccc(N(c4ccc(-c5ccc6c(c5)Sc5cc(C=C(C#N)C(=O)O)ccc5N6CCCCCCCC)cc4)c4ccc(C)cc4C)cc3)ccc21,ClC(Cl)Cl,2.58288,val
4695,CCCCCCCCN1c2ccccc2Sc2cc(-c3ccc(-c4ccc5c(c4)Sc4ccccc4N5CCCCCCCC)c4nc5c6cccnc6c6ncccc6c5nc34)ccc21,ClCCl,2.6623185,val
4700,CCCCCCCCOC(=O)c1ccc(-c2cc3ccc4cc(-c5ccc(C(=O)OCCCCCCCC)cc5)cc5ccc(c2)c3c45)cc1,Cc1ccccc1,3.466389,val
4719,CCCCCCCCOc1c2cccc3c(-c4ccc(/C=C(\C#N)C(=O)O)s4)cc4c(OCCCCCCCC)c5cccc6c(-c7ccc(/C=C(\C#N)C(=O)O)s7)cc1c(c65)c4c32,C1CCOC1,2.7182004,val
4723,CCCCCCCCOc1cc(/C=C/c2ccncc2)c(OCCCCCCCC)cc1/C=C/c1ccncc1,ClCCl,3.1466556,val
4730,CCCCCCCCOc1cc2c(cc1OCCCCCCCC)c1cc(-c3ccc(-c4ccc(N(c5ccc(OC)cc5)c5ccc(OC)cc5)cc4)c4nsnc34)sc1c1sc(CC(CN)C(O)O)cc21,C1CCOC1,2.3886075,val
4737,CCCCCCCCOc1ccc(-c2c(-c3c(-c4ccc(OCCCCCCCC)cc4)n(CCCCCCCC)c4ccc(-c5ccc(/C=C(/C#N)C(=O)O)o5)cc34)c3cc(-c4ccc(/C=C(/C#N)C(=O)O)o4)ccc3n2CCCCCCCC)cc1,C1CCOC1,2.827091,val
4738,CCCCCCCCOc1ccc(-c2c(-c3c(-c4ccc(OCCCCCCCC)cc4)n(CCCCCCCC)c4ccc(-c5ccc(/C=C(/C#N)C(=O)O)s5)cc34)c3cc(-c4ccc(/C=C(/C#N)C(=O)O)s4)ccc3n2CCCCCCCC)cc1,C1CCOC1,2.8556595,val
4742,CCCCCCCCOc1ccc(-c2c3c4n(c(-c5ccc(OCCCCCCCC)cc5)c3c3n2[B-](F)(F)[n+]2c(sc5ccccc52)N=3)[B-](F)(F)[n+]2c(sc3ccccc32)N=4)cc1,ClC(Cl)Cl,2.1005373,val
4744,CCCCCCCCOc1ccc(-c2c3c4n(c(-c5ccc(OCCCCCCCC)cc5)c3c3n2[B-](c2ccccc2)(c2ccccc2)[n+]2c(ccc5cc(C(C)(C)C)ccc52)C=3C#N)[B-](c2ccccc2)(c2ccccc2)[n+]2c(ccc3cc(C(C)(C)C)ccc32)C=4C#N)cc1,ClC(Cl)Cl,1.9683464,val
4748,CCCCCCCCOc1ccc(-c2ccc(N(c3ccc(-c4cc5c(s4)-c4cc6c(cc4C5(c4ccc(CCCCCC)cc4)c4ccc(CCCCCC)cc4)-c4sc(-c5c(F)c(F)c(-c7ccc(C(=O)O)cc7)c7nsnc57)cc4C6(c4ccc(CCCCCC)cc4)c4ccc(CCCCCC)cc4)cc3)c3ccc(-c4ccc(OCCCCCCCC)cc4OCCCCCCCC)cc3)cc2)c(COCCCCCCC)c1,Cc1ccccc1,2.3523474,val
4749,CCCCCCCCOc1ccc(-c2ccc(N(c3ccc(-c4cc5c(s4)-c4cc6c(cc4C5(c4ccc(CCCCCC)cc4)c4ccc(CCCCCC)cc4)-c4sc(-c5c(F)c(F)c(-c7ccc(C(=O)O)cc7)c7nsnc57)cc4C6(c4ccc(CCCCCC)cc4)c4ccc(CCCCCC)cc4)cc3)c3ccc(-c4ccc(OCCCCCCCC)cc4OCCCCCCCC)cc3)cc2)c(OCCCCCCCC)c1,Cc1ccccc1,2.3168406,val
4753,CCCCCCCCOc1ccc(-c2ccc(N(c3ccc(-c4cc5c(s4)-c4cc6c(cc4C5(c4ccc(CCCCCC)cc4)c4ccc(CCCCCC)cc4)-c4sc(-c5ccc(-c7ccc(C(=O)O)cc7)c7nsnc57)cc4C6(c4ccc(CCCCCC)cc4)c4ccc(CCCCCC)cc4)cc3)c3ccc(-c4ccc(OCCCCCCCC)cc4OCCCCCCCC)cc3)cc2)c(OCCCCCCCC)c1,Cc1ccccc1,2.3055246,val
4758,CCCCCCCCOc1ccc(-c2ccc(N(c3ccc(-c4ccc(OCCCCCCCC)cc4)cc3)c3ccc(-c4ccc(C#Cc5cc6c(OCCCCCCCC)c7sc(-c8ccc(C(=O)O)cc8)cc7c(OCCCCCCCC)c6s5)c5nsnc45)cc3)cc2)cc1,C1CCOC1,2.5374522,val
4763,CCCCCCCCOc1ccc(-c2ccc(N(c3ccc4c(c3)C(C)(C)c3cc(-c5ccc(-c6cc7c(s6)-c6sc(/C=C(\C#N)C(=O)O)cc6C7(CC(CC)CCCC)CC(CC)CCCC)c6nc(-c7ccccc7)c(-c7ccccc7)nc56)sc3-4)c3ccc(-c4ccc(OCCCCCCCC)cc4OCCCCCCCC)cc3-c3ccc(OCCCCCCCC)cc3OCCCCCCCC)cc2)c(OCCCCCCCC)c1,ClCCl,2.1779156,val
4766,CCCCCCCCOc1ccc(-c2ccc(N(c3ccc4c(c3)C(C)(C)c3cc(-c5ncc(-c6ccc(C=C(C#N)C(=O)O)s6)c6nc(-c7ccccc7)c(-c7ccccc7)nc56)sc3-4)c3ccc(-c4ccc(OCCCCCCCC)cc4OCCCCCCCC)cc3-c3ccc(OCCCCCCCC)cc3OCCCCCCCC)cc2)c(OCCCCCCCC)c1,ClCCl,2.2047334,val
4767,CCCCCCCCOc1ccc(-c2ccc3c(c2)c2cc(-c4ccc(OCCCCCCCC)cc4)cc4c2n3-c2ccc(-c3ccc(-c5ccc(C(=O)O)cc5)c5nsnc35)cc2C4(C)C)cc1,ClC(Cl)Cl,2.8829222,val
4772,CCCCCCCCOc1ccc(-n2c(-c3ccc(C(=C(c4ccccc4)c4ccccc4)c4ccccc4)cc3)cc3c2cc(-c2ccc(-c4ccc(C=Cc5ccc(-c6ccc(C=C(C#N)C(=O)O)s6)c6cscc56)s4)cc2)n3-c2ccc(OCCCCCCCC)cc2)cc1,ClCCl,2.4251513,val
4777,CCCCCCCCOc1ccc(C#Cc2ccc(C#Cc3ccc(OCCCCCCCC)c(OCCCCCCCC)c3)c3nc4c5ccccc5c5ccccc5c4nc23)cc1OCCCCCCCC,Cc1ccccc1,2.731874,val
4784,CCCCCCCCOc1ccc(C2=C3C(C)=C(C#Cc4ccc(B(c5c(C)cc(C)cc5C)c5c(C)cc(C)cc5C)cc4)C(C)=[N+]3[B-](F)(F)n3c(C)c(C#Cc4ccc(B(c5c(C)cc(C)cc5C)c5c(C)cc(C)cc5C)cc4)c(C)c32)cc1,CC#N,2.320405,val
4791,CCCCCCCCOc1ccc(N(c2ccc(/C=C/c3ccc(Nc4ncc(C=C(C#N)C(=O)O)cn4)cc3)cc2)c2ccc(OCCCCCCCC)cc2)cc1,Cc1ccccc1,3.123677,val
4792,CCCCCCCCOc1ccc(N(c2ccc(/C=c3\sc(=C(C#N)C#N)[nH]c3=O)cc2)c2ccc(OCCCCCCCC)cc2)cc1,ClCCl,2.5521407,val
4794,CCCCCCCCOc1ccc(N(c2ccc(C=c3sc(=C(C#N)C#N)[nH]c3=O)cc2)c2ccc(OCCCCCCCC)cc2)cc1,ClCCl,2.455993,val
4810,CCCCCCCCOc1ccc(N(c2ccc(OCCCCCCCC)cc2)c2ccc(-c3ccc(C=C(C#N)C(=O)O)s3)cc2)cc1,ClCCl,2.5903635,val
4819,CCCCCCCCOc1ccc2c(c1)c(-c1ccc(C#N)cc1)nn2-c1ccccc1,C1CCOC1,3.595513,val
4823,CCCCCCCCOc1ccc2c(c1)c(-c1ccc(C=C(C#N)C#N)cc1)nn2-c1ccccc1,CC1CCCCC1,3.1077523,val
4828,CCCCCCCCOc1ccc2c(c1)c(-c1ccccc1)nn2-c1ccccc1,C1CCOC1,3.6459458,val
4836,CCCCCCCCOc1cccc(OCCCCCCCC)c1C1=C2C(C)=C(C#Cc3ccc(C(=O)O)cc3)C(C)=[N+]2[B-](C#CCOCCOC)(C#CCOCCOC)n2c(C)c(-c3ccc(N(c4ccc(CCCCCC)cc4)c4ccc(CCCCCC)cc4)cc3)c(C)c21,C1CCOC1,2.1057615,val
4841,CCCCCCCCOc1nc(-c2ccc(-c3ccc(C=C4SC(=S)N(CC(=O)O)C4=O)s3)s2)cc(-c2ccc(N(c3ccc(C)cc3)c3ccc(C)cc3)cc2)c1C#N,ClCCl,2.455374,val
4850,CCCCCCCC[N+](C)(CCCn1cc(C(=O)c2ccc3c(c2)C(C)(C)c2cc(N(C)C)ccc2-3)nn1)CCCS(=O)(=O)[O-],Cc1ccccc1,3.0467174,val
4887,CCCCCCCCc1cc(-n2c3ccc(C(C)(C)C)cc3c3cc(C(C)(C)C)ccc32)sc1-c1cc2c(s1)-c1sc(/C=C(\C#N)C(=O)O)cc1C2(C)C,C1CCOC1,2.5400305,val
4889,CCCCCCCCc1cc(/C=C(/C#N)C(=O)O)sc1-c1ccc(-c2sc(-c3ccc4c(c3)Sc3ccccc3N4CC(CC)CCCC)cc2CCCCCCCC)s1,ClCCl,2.5723395,val
4900,CCCCCCCCc1ccc(-c2c3cc(-c4cc(CCCCCCCC)c(-c5ccc(-c6sc(/C=C7\SC(=S)N(CC)C7=O)cc6CCCCCCCC)s5)s4)sc3c(-c3ccc(CCCCCCCC)s3)c3cc(-c4cc(CCCCCCCC)c(-c5ccc(-c6sc(/C=C7\SC(=S)N(CC)C7=O)cc6CCCCCCCC)s5)s4)sc23)s1,ClC(Cl)Cl,2.2459612,val
4901,CCCCCCCCc1ccc(-c2c3cc(-c4cc(CCCCCCCC)c(-c5ccc(-c6sc(/C=C7\SC(N8CCCCC8)=NC7=O)cc6CCCCCCCC)s5)s4)sc3c(-c3ccc(CCCCCCCC)s3)c3cc(-c4cc(CCCCCCCC)c(-c5ccc(-c6sc(/C=C7\SC(N8CCCCC8)=NC7=O)cc6CCCCCCCC)s5)s4)sc23)s1,ClC(Cl)Cl,2.270837,val
4906,CCCCCCCCc1ccc(-c2nc3c(-c4ccc(/C=C(/C#N)C(=O)O)cc4)sc(-c4cc(CCCCCCCC)c(-c5ccc(N(c6ccccc6)c6ccccc6)cc5)s4)c3nc2-c2ccc(CCCCCCCC)s2)s1,ClCCl,2.313852,val
4907,CCCCCCCCc1ccc(-c2nc3c(-c4ccc(/C=C(\C#N)C(=O)O)cc4)ccc(-c4cc(CCCCCCCC)c(-c5ccc(N(c6ccccc6)c6ccccc6)cc5)s4)c3nc2-c2ccc(CCCCCCCC)s2)s1,ClCCl,2.600323,val
4908,CCCCCCCCc1ccc(-c2nc3c(-c4ccc(/C=C(\C#N)C(=O)O)cc4)sc(-c4cc(CCCCCCCC)c(-c5ccc(N(c6ccccc6)c6ccccc6)cc5)s4)c3nc2-c2ccc(CCCCCCCC)s2)s1,ClCCl,2.3363194,val
4911,CCCCCCCCc1ccc(-n2c3c(c4c2c2c(n4-c4ccc(CCCCCCCC)cc4)-c4ccccc4NB2c2ccccc2)B(c2ccccc2)Nc2ccccc2-3)cc1,Cc1ccccc1,3.1713681,val
4913,CCCCCCCCc1ccc(-n2c3c4ccccc4nnc3c3c2c2nnc4ccccc4c2n3-c2ccc(CCCCCCCC)cc2)cc1,Cc1ccccc1,3.7252088,val
4914,CCCCCCCCc1ccc(C2(c3ccc(CCCCCCCC)cc3)c3cc4c(cc3-c3cc5c(cc32)-c2cc3c(cc2C5(c2ccc(CCCCCCCC)cc2)c2ccc(CCCCCCCC)cc2)-c2ccc(N(c5ccc(C)cc5)c5ccc(C)cc5)cc2C3(CCCCCCCC)CCCCCCCC)Cc2cc(/C=C(\C#N)C(=O)O)ccc2-4)cc1,ClCCl,2.7699893,val
4915,CCCCCCCCc1ccc(C2(c3ccc(CCCCCCCC)cc3)c3cc4c(cc3-c3cc5c(cc32)-c2cc3c(cc2C5(c2ccc(CCCCCCCC)cc2)c2ccc(CCCCCCCC)cc2)-c2ccc(N(c5ccc(N(C)C)cc5)c5ccc(N(C)C)cc5)cc2C3(CCCCCCCC)CCCCCCCC)Cc2cc(/C=C(\C#N)C(=O)O)ccc2-4)cc1,ClCCl,2.7733505,val
4916,CCCCCCCCc1ccc(C2(c3ccc(CCCCCCCC)cc3)c3cc4c(cc3-c3cc5c(cc32)-c2cc3c(cc2C5(c2ccc(CCCCCCCC)cc2)c2ccc(CCCCCCCC)cc2)-c2ccc(N5c6ccccc6Sc6ccccc65)cc2C3(CCCCCCCC)CCCCCCCC)Cc2cc(/C=C(\C#N)C(=O)O)ccc2-4)cc1,ClCCl,2.8242908,val
4932,CCCCCCCCn1c(-c2ccc(C3=C(C)C4=C(CCCCC)c5c(C)c(C=C(C#N)C(=O)O)c(C)n5[B-](F)(F)[N+]4=C3C)s2)nc2c3ccccc3c3ccccc3c21,ClC(Cl)Cl,2.380324,val
4942,CCCCCCCCn1c(=O)/c(=C\c2ccc(-c3ccc4c(c3)[C@H]3CCC[C@H]3N4c3ccc4c(c3)c3ccccc3n4CCCCC)cc2)s/c1=C(/C#N)C(=O)O,CO,2.5726428,val
4954,CCCCCCCCn1c2cc(/C=C/c3ccc(N(c4ccccc4)c4ccccc4)cc3)ccc2c2cc3c(cc21)c1ccc(/C=C/c2ccc(N(c4ccccc4)c4ccccc4)cc2)cc1n3CCCCCCCC,Cc1ccccc1,3.0023258,val
4959,CCCCCCCCn1c2ccc(-c3ccc(/C=C(\C#N)C(=O)O)s3)cc2c2cc(-c3ccc(/C=C(\C#N)C(=O)O)s3)ccc21,C1CCOC1,2.958694,val
4962,CCCCCCCCn1c2ccc(-c3ccc(N(c4ccccc4)c4ccccc4)cc3)cc2c2cc(-c3ccc(/C=C(\C#N)C(=O)O)o3)ccc21,ClCCl,2.8181458,val
4971,CCCCCCCCn1c2ccc(C=C3SC(=S)N(CC(=O)O)C3=O)cc2c2cc(-c3c(C)cc(C)cc3C)ccc21,ClC(Cl)Cl,2.8127656,val
4974,CCCCCCCCn1c2ccc(C=C3SC(=S)N(CC(=O)O)C3=O)cc2c2cc(-c3ccccc3)ccc21,ClC(Cl)Cl,2.7174103,val
4985,CCCCCCCCn1c2ccccc2c2c1c1c3ccccc3n(CCCCCCCC)c1c1c3cc(-c4ccc(-c5ccc(C=C(C#N)C(=O)O)cc5)c5nsnc45)ccc3n(CCCCCCCC)c21,ClCCl,2.6853626,val
4990,CCCCCCCCn1c2ccccc2c2cc(-c3ccc(-c4ccc5c(c4)c4ccccc4n5CCCCCCCC)c4nc5c6cccnc6c6ncccc6c5nc34)ccc21,ClCCl,2.7946486,val
4991,CCCCCCCCn1c2ccccc2c2cc(-c3ccc(/C=C(/C#N)C(=O)O)c(F)c3F)ccc21,ClC(Cl)Cl,3.1730583,val
5004,CCCCCCCCn1c2ccccc2c2ccc(C3=C(C)C4=C(CCCCC)c5c(C)c(C=C(C#N)C(=O)O)c(C)n5[B-](F)(F)[N+]4=C3C)cc21,ClC(Cl)Cl,2.27669,val
5005,CCCCCCCCn1cc(-n2c(-c3cc(-c4nc5ccc(C)cc5n4-c4cn(CCCCCCCC)nn4)cc(-c4nc5ccc(C)cc5n4-c4cn(CCCCCCCC)nn4)c3)nc3ccc(C)cc32)nn1,ClCCl,3.7763076,val
5011,CCCCCCCCn1nc2c(-c3ccc(/C=C(\C#N)C(=O)O)cc3)c3nc(-c4ccccc4)c(-c4ccccc4)nc3c(-c3cccc4c3C3C5CCC(C5)C3N4c3ccccc3)c2n1,ClCCl,2.224979,val
5018,CCCCCCCCn1nc2c(-c3ccc(C(=O)O)cc3)c3nc(-c4ccccc4)c(-c4ccccc4)nc3c(-c3ccc(-c4cccc5c4C4C6CCC(C6)C4N5c4ccccc4)s3)c2n1,ClCCl,2.0589223,val
5031,CCCCCCCCn1nc2c(-c3ccc4c(c3)C3CCCC3N4c3ccc(C)cc3)ccc(-c3cc4c(s3)C(C)(C)c3cc(/C=C(\C#N)C(=O)O)sc3-4)c2n1,ClCCl,2.4647155,val
5034,CCCCCCCCn1nc2c(-c3ccc4c(c3)[C@H]3CCC[C@H]3N4c3ccc(C)cc3)ccc(-c3ccc(/C=C(\C#N)C(=O)O)s3)c2n1,ClCCl,2.581248,val
5039,CCCCCCCCn1nnc(-c2ccc(C#Cc3ccc(C#Cc4ccc(-c5nnn(CCCCCCCC)n5)cc4)c4nc5c6ccccc6c6ccccc6c5nc34)cc2)n1,Cc1ccccc1,2.9289684,val
5041,CCCCCCCN1/C(=C/C2=C([O-])/C(=C\C3=[N+](CCCCCCC)c4ccc(C5=C([O-])/C(=C\C6=[N+](CCCC)c7ccc(C(=O)O)cc7C6(C)C)C5=O)cc4C3(C)C)C2=O)C(C)(C)c2cc(C3=C([O-])C(=CC4=[N+](CCCC)c5ccccc5C4(C)C)C3=O)ccc21,ClC(Cl)Cl,1.7780368,val
5043,CCCCCCCN1C(=CC2=C([O-])C(=CC3=[N+](CCCCCCC)c4ccccc4C3(C)C)C2=C(C#N)C#N)C(C)(C)c2ccccc21,C1COCCO1,1.902288,val
5044,CCCCCCCN1C(=CC2=C([O-])C(=CC3=[N+](CCCCCCC)c4ccccc4C3(C)C)C2=C(C#N)C#N)C(C)(C)c2ccccc21,CCO,1.9011039,val
5061,CCCCCCCc1ccc(C2=[N+]3C(=C4c5cc(OCC(CC)CC)c(-c6ccc(CCCCCCC)o6)n5[B-](F)(F)[n+]5c4n(c4cc(C(C)(C)C)ccc45)[B-]3(F)F)C=C2OCC(CC)CC)o1,ClCCl,1.654527,val
5063,CCCCCCCc1ccc(C2=[N+]3C(=C4c5cc(OCC(CC)CC)c(-c6ccc(CCCCCCC)o6)n5[B-](F)(F)[n+]5nnn(c54)[B-]3(F)F)C=C2OCC(CC)CC)o1,ClCCl,1.6988008,val
5065,CCCCCCCn1c2cc(/C=C(\C#N)C(=O)O)sc2c2sc(-c3cc4c(s3)c3sc(CCCCCC)cc3n4-c3ccc(OCCCCCC)cc3)cc21,ClCCl,2.2551317,val
5067,CCCCCCCn1c2ccc(/C=C(\C#N)C(=O)O)cc2c2cc(-c3ccc(N(c4ccccc4)c4ccccc4)cc3)ccc21,ClCCl,3.0695422,val
5068,CCCCCCCn1c2ccc(/C=C(\C#N)C(=O)O)cc2c2ccc(/C=C/c3ccc(N(c4ccc(/C=C/c5ccc6c7cc(/C=C(\C#N)C(=O)O)ccc7n(CCCCCCC)c6c5)cc4)c4ccc(/C=C/c5ccc6c7cc(/C=C(\C#N)C(=O)O)ccc7n(CCCCCCC)c6c5)cc4)cc3)cc21,ClCCl,2.9157112,val
5071,CCCCCCCn1c2ccc(C=C(C#N)C(=O)O)cc2c2ccc(/C=C/c3ccc(N(c4ccccc4)c4ccccc4)cc3)cc21,ClCCl,3.0217106,val
5073,CCCCCCCn1c2ccc(C=C(C#N)C(=O)O)cc2c2ccc(/C=C\c3ccc(N(c4ccccc4)c4ccc(/C=C/c5ccc6c7cc(C=C(C#N)C(=O)O)ccc7n(CCCCCCC)c6c5)cc4)cc3)cc21,ClCCl,2.9197037,val
5076,CCCCCCN(CCCCCC)c1ccc(-n2c3cc(/C=C(\C#N)C(=O)O)sc3c3sc(-c4ccc5c(c4)C4CCCC4N5c4ccc5c(c4)C(CCC)(CCC)c4ccccc4-5)cc32)cc1,ClCCl,2.2248328,val
5077,CCCCCCN(CCCCCC)c1ccc(/C=C2\SC(=S)N(CC(=O)O)C2=O)cc1,CC#N,2.6324282,val
5082,CCCCCCN(CCCCCC)c1ccc(C#Cc2ccc(C#Cc3ccc(-c4ccc(C#Cc5ccc(C#Cc6ccc(N(CCCCCC)CCCCCC)cc6)cc5)cc4)cc3)cc2)cc1,Cc1ccccc1,3.1647043,val
5100,CCCCCCN(CCCCCC)c1ccc2cc3cc(C#N)ccc3cc2c1,CO,2.7487164,val
5104,CCCCCCN(CCCCCC)c1ccc2cc3cc(C#N)ccc3cc2c1,OCCO,2.7354023,val
5113,CCCCCCN(CCCCCC)c1ccc2cc3cc(C(=O)CC)ccc3cc2c1,CS(C)=O,2.646456,val
5115,CCCCCCN(CCCCCC)c1ccc2cc3cc(C(=O)CC)ccc3cc2c1,ClC(Cl)Cl,2.6092584,val
5140,CCCCCCN1B2c3c(cccc3-c3cc(-c4ccccc4)ccc3N2CCCCCC)-c2cc(-c3ccccc3)ccc21,ClCCl,3.4008913,val
5145,CCCCCCN1C(=CC2=C([O-])C(=CC3=[N+](C)c4ccccc4C3(C)C)C2=O)C(C)(C)c2cc(C(=O)O)ccc21,ClCCl,1.8750019,val
5154,CCCCCCN1C(=O)C2=C(c3ccc(-c4ccc5c(c4)Sc4ccccc4N5CCCCCC)cc3)N(CCCCCC)C(=O)C2=C1c1ccc(-c2ccc(/C=C(\C#N)C(=O)O)cc2)cc1,ClCCl,2.4985292,val
5157,CCCCCCN1C(=O)C2=C(c3ccc4c(c3)Sc3ccccc3N4CCCCCC)N(CCCCCC)C(=O)C2=C1c1ccc(-c2ccc(/C=C(\C#N)C(=O)O)cc2)cc1,ClCCl,2.403862,val
5163,CCCCCCN1C(=O)c2cccc3c(-c4ccc(-c5cc(-c6ccc(Cl)cc6)n(-c6ccccc6)n5)s4)ccc(c23)C1=O,ClCCl,3.3111582,val
5167,CCCCCCN1C(=O)c2cccc3c(-c4ccc(-c5cc(-c6ccccc6)n(-c6ccccc6)n5)s4)ccc(c23)C1=O,ClCCl,3.300656,val
5173,CCCCCCN1C(=O)c2cccc3c(-c4ccc(Cl)s4)ccc(c23)C1=O,ClC(Cl)Cl,3.2610526,val
5180,CCCCCCN1C(=O)c2cccc3c(-c4scc5c4OCCO5)ccc(c23)C1=O,ClC(Cl)Cl,3.1475031,val
5187,CCCCCCN1C(=O)c2cccc3cc(/N=C\c4ccc5c(c4)c4ccccc4n5CC)cc(c23)C1=O,ClC(Cl)Cl,3.4528866,val
5189,CCCCCCN1C(=O)c2cccc3cc(/N=C\c4cnc5ccccc5c4)cc(c23)C1=O,ClC(Cl)Cl,3.5291767,val
5197,CCCCCCN1c2ccc(-c3ccc(-n4c5ccccc5c5ccccc54)s3)cc2Sc2cc(-c3sc(C=C(C#N)C(=O)O)c4c3OCCO4)ccc21,ClCCl,2.5679247,val
5200,CCCCCCN1c2ccc(-c3ccc(/C=C(\C#N)C(=O)O)cc3)cc2Sc2cc(-c3ccc(OC)cc3)ccc21,C1CCOC1,3.032348,val
5210,CCCCCCN1c2ccc(-c3ccc(/C=C(\C#N)C(=O)O)s3)cc2Sc2ccc(-c3ccccc3)cc21,C1CCOC1,2.8077824,val
5213,CCCCCCN1c2ccc(-c3ccc(C=C(C#N)C(=O)O)s3)cc2Sc2cc(-c3ccc(-n4c5ccccc5c5ccccc54)s3)ccc21,ClCCl,2.6447592,val
5214,CCCCCCN1c2ccc(-c3ccc(C=C(C#N)C(=O)O)s3)cc2Sc2cc(-c3sc(-n4c5ccccc5c5ccccc54)c4c3OCCO4)ccc21,ClCCl,2.5838096,val
5227,CCCCCCN1c2ccc(-c3ccc(SC)cc3)cc2Sc2cc(-c3ccc(/C=C(\C#N)C(=O)O)s3)ccc21,C1CCOC1,2.815605,val
5228,CCCCCCN1c2ccc(-c3ccc4[n+](c3)[B-](F)(F)N3C=CC=CC3=C4C#N)cc2Sc2cc(-c3ccc(C=C(C#N)C(=O)O)s3)ccc21,C1CCOC1,2.614642,val
5235,CCCCCCN1c2ccc(-c3scc4c3OCCO4)cc2Sc2cc(-c3sc(C=C(C#N)C(=O)O)c4c3OCCO4)ccc21,ClCCl,2.4625902,val
5238,CCCCCCN1c2ccc(/C=C(/C#N)c3ccc(/C=C(\C#N)C(=O)O)s3)cc2Oc2cc(/C=C(\C#N)c3ccc(/C=C(\C#N)C(=O)O)s3)ccc21,CN(C)C=O,2.3926847,val
5240,CCCCCCN1c2ccc(/C=C(\C#N)C(=O)O)cc2Sc2cc(-c3ccc(-c4ccc(N(c5ccccc5)c5cccc6ccccc56)cc4)s3)ccc21,C1CCOC1,2.745414,val
5248,CCCCCCN1c2ccc(/C=C(\C#N)C(=O)O)cc2Sc2cc(-c3ccc(N(c4ccc(C)cc4)c4ccc(-c5ccc6c(c5)Sc5cc(/C=C(\C#N)C(=O)O)ccc5N6CCCCCC)cc4)cc3)ccc21,ClCCl,2.5738654,val
5253,CCCCCCN1c2ccc(/C=C(\C#N)C(=O)O)cc2Sc2cc(-c3ccc4c(c3)-c3ccccc3C4(CCCCCC)CCCCCC)ccc21,ClCCl,2.7007246,val
5258,CCCCCCN1c2ccc(/C=C(\C#N)C(=O)O)cc2Sc2cc(N(c3ccc4c(c3)c3ccccc3n4CCCCCC)c3ccc4c(c3)c3ccccc3n4CCCCCC)ccc21,ClCCl,2.6673634,val
5274,CCCCCCN1c2ccc(C=C(C#N)C(=O)O)cc2Sc2cc(-c3ccc(C(=C(c4ccccc4)c4ccccc4)c4ccccc4)cc3)ccc21,ClCCl,2.6788635,val
5281,CCCCCCN1c2ccc(C=C3SC(SC)=C(SC)S3)cc2Sc2cc(-c3ccc(/C=C(\C#N)C(=O)O)cc3)ccc21,ClCCl,2.8716488,val
5293,CCCCCCN1c2ccccc2Sc2cc(-c3ccc(C=C(C#N)C(=O)O)s3)ccc21,ClCCl,2.7422574,val
5302,CCCCCCN1c2ccccc2Sc2cc(/C=C(/C#N)C(=O)O)ccc21,CCO,2.879457,val
5303,CCCCCCN1c2ccccc2Sc2cc(/C=C(/C#N)C(=O)O)ccc21,ClCCl,2.8018486,val
5304,CCCCCCN1c2ccccc2Sc2cc(/C=C(\C#N)C(=O)O)ccc21,C1CCOC1,2.8803287,val
5309,CCCCCCN1c2ccccc2Sc2cc(/C=C3\C(=O)c4ccc(C(=O)O)cc4C3=O)ccc21,CN(C)C=O,2.4802237,val
5312,CCCCCCN1c2ccccc2Sc2cc(C3=C(C)C4=C(CCCCC)c5c(C)c(/C=C(\C#N)C(=O)O)c(C)n5[B-](F)(F)[N+]4=C3C)ccc21,ClC(Cl)Cl,2.2964108,val
5345,CCCCCCOc1cc(-c2ccc3c(c2)N(CCCC)c2cc(/C=C(\C#N)C(=O)O)ccc2S3)ccc1C=C1SC(SCCCCCC)=C(SCCCCCC)S1,C1CCOC1,2.9401774,val
5348,CCCCCCOc1cc(-n2cc(-c3ccc(N(c4ccc(-c5cn(-c6cc(OCCCCCC)c(/C=C(/C#N)C(=O)O)cc6OCCCCCC)nn5)cc4)c4ccc(-c5cn(-c6cc(OCCCCCC)c(/C=C(/C#N)C(=O)O)cc6OCCCCCC)nn5)cc4)cc3)nn2)c(OCCCCCC)cc1/C=C(/C#N)C(=O)O,C1COCCO1,3.1501687,val
5355,CCCCCCOc1cc(/C=C/c2cc(OCCCCCC)c(/C=C/c3cc(OCCCCCC)c(C=C4C(=O)c5ccccc5C4=O)cc3OCCCCCC)cc2OCCCCCC)c(OCCCCCC)cc1C=C1C(=O)c2ccccc2C1=O,ClCCl,2.3877106,val
5358,CCCCCCOc1cc(/C=C/c2cc3ccc2CCc2ccc(c(/C=C/c4cc(OCCCCCC)c(/C=C/c5ccc(N(c6ccccc6)c6ccccc6)cc5)cc4OCCCCCC)c2)CC3)c(OCCCCCC)cc1C=C(C#N)C(=O)O,C1CCOC1,2.9150357,val
5359,CCCCCCOc1cc(/C=C/c2ccc(N(c3ccc(/C=C/c4cc(OCCCCCC)cc(OCCCCCC)c4)cc3)c3ccc(/C=C(\C#N)C(=O)O)cc3)cc2)cc(OCCCCCC)c1,ClCCl,2.8354776,val
5365,CCCCCCOc1cc(C=O)c(OCCCCCC)cc1C=O,ClCCl,3.2290328,val
5369,CCCCCCOc1cc(N(CC)CC)ccc1/C=C(\C#N)c1ccc(/C=C2\SC(=S)N(CC(=O)O)C2=O)s1,C1COCCO1,2.2851586,val
5371,CCCCCCOc1cc(N(CC)CC)ccc1/C=C(\C#N)c1ccc(/C=C2\SC(=S)N(CC(=O)O)C2=O)s1,CC(C)=O,2.2865255,val
5385,CCCCCCOc1cc(N(CC)CC)ccc1/C=C/c1ccc(/C=C2\SC(=S)N(CC(=O)O)C2=O)s1,ClCCl,2.2249553,val
5390,CCCCCCOc1cc(N(CC)CC)ccc1/C=C1\SC(=S)N(CC(=O)O)C1=O,CCO,2.5757287,val
5394,CCCCCCOc1cc(OCCCCCC)c2c(c1)C(C)(C)c1cc(N(c3ccc(-c4cc5c(s4)c4sc(/C=C(\C#N)C(=O)O)cc4n5C(CCCCCC)CCCCCC)cc3)c3ccc4c(c3)C(C)(C)c3cc(OCCCCCC)cc(OCCCCCC)c3-4)ccc1-2,ClCCl,2.245896,val
5400,CCCCCCOc1cc(OCCCCCC)cc(-n2c3cc(C4=C5C(C)=CC(C)=[N+]5[B-](F)(F)n5c(C)cc(C)c54)sc3c3sc(-c4cc5c(s4)c4sc(/C=C(\C#N)C(=O)O)cc4n5-c4ccc(OCCCCCC)cc4OCCCCCC)cc32)c1,ClCCl,2.2213893,val
5403,CCCCCCOc1cc2c3c4c1cccc4c1cccc4c(-c5ccc(C6=C7C(=O)N(CC(CC)CCCC)C(c8ccc(-c9ccc(/C=C(/C#N)C(=O)O)s9)cc8)=C7C(=O)N6CC(CC)CCCC)cc5)cc(c3c41)n2CC(CC)CCCC,ClC(Cl)Cl,2.2507281,val
5413,CCCCCCOc1ccc(-c2cc3cc(-c4ccc(-c5ccc(C=C(C#N)C(=O)O)s5)c5nc(-c6ccc(OCC(CC)CCCCC)cc6)c(-c6ccc(OCC(CC)CCCCC)cc6)nc45)cc4c3n2-c2ccccc2S4)cc1,ClCCl,2.477702,val
5415,CCCCCCOc1ccc(-c2cc3cc(-c4ccc(/C=C(\C#N)C(=O)O)s4)cc4c3n2-c2ccccc2S4)cc1,ClCCl,2.802562,val
5418,CCCCCCOc1ccc(-c2ccc(-c3c(CC(CC)CCCC)c4cc(-c5ccc(OCCCCCC)cc5OCCCCCC)ccn4c3/C=c3\s/c(=C4\SC(=S)N(CCCCCC)C4=O)n(CC(=O)O)c3=O)cc2)c(OCCCCCC)c1,ClCCl,2.1471772,val
5425,CCCCCCOc1ccc(-c2ccc(C(=Cc3ccc(N4c5ccc(-c6ccc(C7=C8C(=O)N(CC(CC)CCCC)C(c9ccc(-c%10ccc(C=C(C#N)C(=O)O)cc%10)cc9)=C8C(=O)N7CC(CC)CCCC)s6)cc5C5CCCC54)cc3)c3ccc(-c4ccc(OCCCCCC)cc4OCCCCCC)cc3)cc2)c(OCCCCCC)c1,ClCCl,2.1559865,val
5441,CCCCCCOc1ccc(-c2ccc(N(c3ccc(-c4ccc(OCCCCCC)cc4OCCCCCC)cc3)c3ccc4c(c3)sc3cc(-c5ccc(C=C(C#N)C(=O)O)s5)sc34)cc2)c(OCCCCCC)c1,C1CCOC1,2.4373884,val
5451,CCCCCCOc1ccc(-c2ccc3c(c2)Sc2cc(/C=C(\C#N)C(=O)O)ccc2N3CCCCCC)cc1,ClCCl,2.6169424,val
5456,CCCCCCOc1ccc(-c2ccc3c(c2)c2cc(-c4ccc(OCCCCCC)cc4)ccc2n3-c2ccc(-c3ccc(-c4ccc(C=C(C#N)C(=O)O)s4)s3)cc2)cc1,CCO,2.7289798,val
5459,CCCCCCOc1ccc(-c2cnc(-c3nnc(-c4ccc(OCCCCCC)cc4)o3)o2)cc1,C1CCCCC1,3.906612,val
5463,CCCCCCOc1ccc(-c2cnc(-c3nnc(-c4ccc(OCCCCCC)cc4)o3)o2)cc1,CO,3.894144,val
5464,CCCCCCOc1ccc(-c2cnc(-c3nnc(-c4ccc(OCCCCCC)cc4)o3)o2)cc1,ClC(Cl)Cl,3.806206,val
5465,CCCCCCOc1ccc(-c2nc3c(-c4cc(CCCCCC)c(C=C(C#N)C(=O)O)s4)ccc(-c4ccc(-c5ccc(N(c6ccc(OCCCCCC)cc6)c6ccc(OCCCCCC)cc6)cc5)s4)c3n2C)cc1,Cc1ccccc1,2.723342,val
5475,CCCCCCOc1ccc(-n2c3cc(/C=C(\C#N)C(=O)O)sc3c3sc(-c4ccc(C5=C6C(C)=CC(C)=[N+]6[B-](F)(F)n6c(C)cc(C)c65)cc4)cc32)c(OCCCCCC)c1,ClCCl,2.3967109,val
5479,CCCCCCOc1ccc(-n2c3cc(/C=C(\C#N)C(=O)O)sc3c3sc(-c4ccc5c(c4)Sc4ccccc4N5CCCCCC)cc32)c(OCCCCCC)c1,ClCCl,2.3833952,val
5484,CCCCCCOc1ccc(-n2c3ccsc3c3sc(/C=C(\C#N)C(=O)O)cc32)c(OCCCCCC)c1,ClCCl,2.5223303,val
5494,CCCCCCOc1ccc(C#Cc2ccc(C#CC#Cc3ccc(C#Cc4ccc(OCCCCCC)c(OCCCCCC)c4)c4nsnc34)c3nsnc23)cc1OCCCCCC,Cc1ccccc1,2.6223068,val
5504,CCCCCCOc1ccc(C(=O)Nc2ccc(C(=O)/C=C/c3ccc(N(C)CCO)cc3)cc2)cc1,CS(C)=O,2.842577,val
5506,CCCCCCOc1ccc(C(c2ccc(-c3ccc(-c4ccc(/C=C(/C#N)C(=O)O)s4)s3)cc2)c2ccc3c(c2)c2cc(N(c4ccc(OCCCCCC)cc4)c4ccc(-c5ccc(-c6ccc(/C=C(/C#N)C(=O)O)s6)s5)cc4)ccc2n3CCCCCC)cc1,C1CCOC1,2.5948803,val
5514,CCCCCCOc1ccc(C2CC(c3ccc(-c4ccc(C=C(C#N)C(=O)O)s4)s3)=NN2c2ccc(-c3nc4ccc(C)cc4s3)cc2)cc1,C1CCOC1,2.6405354,val
5516,CCCCCCOc1ccc(N(c2ccc(-c3cc4c(s3)c3sc(/C=C(\C#N)C(=O)O)cc3n4-c3ccc(OCCCCCC)cc3OCCCCCC)cc2)c2ccc3c(c2)sc2ccsc23)cc1,ClCCl,2.4766614,val
5520,CCCCCCOc1ccc(N(c2ccc(-c3ccc(-c4cc5c(s4)C(CCCCCC)(CCCCCC)c4cc(/C=C(\C#N)C(=O)O)sc4-5)c4nc(-c5ccccc5)c(-c5ccccc5)nc34)cc2)c2ccc(OCCCCCC)cc2OCCCCCC)c(OCCCCCC)c1,ClCCl,2.2718077,val
5522,CCCCCCOc1ccc(N(c2ccc(-c3ccc(-c4ccc(/C=C(\C#N)C(=O)O)s4)s3)cc2)c2ccc(N(c3ccc(OCCCCCC)cc3)c3ccc(-c4ccc(-c5ccc(/C=C(\C#N)C(=O)O)s5)s4)cc3)cc2)cc1,C1CCOC1,2.5428565,val
5529,CCCCCCOc1ccc(N(c2ccc(/C=C/c3c4c(c(/C=C(\C#N)C(=O)O)c5c3OC(C)(C)O5)OC(C)(C)O4)cc2)c2ccc(OCCCCCC)cc2)cc1,ClCCl,2.6279628,val
5534,CCCCCCOc1ccc(N(c2ccc(/C=C/c3cc4c(s3)c3sc(C=C(C#N)C(=O)O)cc3n4-c3ccc(N4c5ccccc5Sc5ccccc54)cc3)cc2)c2ccc(OCCCCCC)cc2)cc1,ClCCl,2.428444,val
5538,CCCCCCOc1ccc(N(c2ccc(/C=C/c3ccc(/C=C(\CC#N)C(=O)O)s3)cc2)c2ccc(OCCCCCC)cc2)cc1,CCO,2.554008,val
5542,CCCCCCOc1ccc(N(c2ccc(/C=C/c3ccc(N(c4ccc(OCCCCCC)cc4)c4ccc(-c5ccc(/C=C(\C#N)C(=O)O)cc5)cc4)cc3)cc2)c2ccc(-c3ccc(/C=C(/C#N)C(=O)O)cc3)cc2)cc1,C1CCOC1,2.9182563,val
5561,CCCCCCOc1ccc(N(c2ccc(OCCCCCC)cc2)c2ccc(-c3c4ccccc4c(-c4ccc(/C=C(\C#N)C(=O)O)cc4)c4nn(CCCCCC)nc34)cc2)cc1,C1CCOC1,2.6897755,val
5592,CCCCCCOc1ccc(N(c2ccc(OCCCCCC)cc2)c2ccc(-c3cc4c(s3)-c3sc(-c5ccncc5)cc3[Si]4(CC(CC)CCCC)CC(CC)CCCC)cc2)cc1,CN(C)C=O,2.8666012,val
5593,CCCCCCOc1ccc(N(c2ccc(OCCCCCC)cc2)c2ccc(-c3cc4c(s3)-c3sc(-c5ccncc5)cc3[Si]4(CC(CC)CCCC)CC(CC)CCCC)cc2)cc1,CS(C)=O,2.8290346,val
5599,CCCCCCOc1ccc(N(c2ccc(OCCCCCC)cc2)c2ccc(-c3cc4c(s3)-c3sc(/C=C(\C#N)C(=O)O)cc3C4(CCCCCC)CCCCCC)cc2)cc1,ClCCl,2.2913268,val
5602,CCCCCCOc1ccc(N(c2ccc(OCCCCCC)cc2)c2ccc(-c3cc4c(s3)-c3sc(C=C(C#N)C(=O)O)cc3C4(CCCCCC)CCCCCC)cc2)cc1,ClCCl,2.2930622,val
5608,CCCCCCOc1ccc(N(c2ccc(OCCCCCC)cc2)c2ccc(-c3cc4c(s3)c3sc(/C=C(/C#N)C(=O)O)cc3n4CCCCCC)cc2)cc1,ClCCl,2.3065262,val
5617,CCCCCCOc1ccc(N(c2ccc(OCCCCCC)cc2)c2ccc(-c3cc4c5nc(CCCCC)c(CCCCC)nc5c5cc(/C=C(\C#N)C(=O)O)sc5c4s3)cc2)cc1,ClC(Cl)Cl,2.5773368,val
5631,CCCCCCOc1ccc(N(c2ccc(OCCCCCC)cc2)c2ccc(-c3ccc(-c4cc5c(s4)c4sc(/C=C(\C#N)C(=O)O)cc4n5CCCCCC)cc3)cc2)cc1,ClCCl,2.3946939,val
5644,CCCCCCOc1ccc(N(c2ccc(OCCCCCC)cc2)c2ccc(-c3ccc(-c4ccc(-c5ccc(-c6ccc(N(c7ccc(OCCCCCC)cc7)c7ccc(OCCCCCC)cc7)cc6)s5)c5nc(C(=O)O)c(C(=O)O)nc45)s3)cc2)cc1,ClCCl,2.231447,val
5664,CCCCCCOc1ccc(N(c2ccc(OCCCCCC)cc2)c2ccc(-c3ccc(-c4ccc(/C=C(/C#N)C(=O)O)s4)s3)cc2)cc1,ClCCl,2.516497,val
5683,CCCCCCOc1ccc(N(c2ccc(OCCCCCC)cc2)c2ccc(-c3ccc(-c4nc(-c5ccc(-c6ccc(/C=C(/C#N)C(=O)O)s6)cc5)c(-c5ccc(-c6ccc(/C=C(/C#N)C(=O)O)s6)cc5)n4CCCCCC)s3)cc2)cc1,ClCCl,2.7640295,val
5685,CCCCCCOc1ccc(N(c2ccc(OCCCCCC)cc2)c2ccc(-c3ccc(-c4nc(-c5ccc(-c6ccc(/C=C(\C#N)C(=O)O)s6)s5)c(-c5ccc(-c6ccc(/C=C(\C#N)C(=O)O)s6)s5)n4CCCCCC)s3)cc2)cc1,C1CCOC1,2.6310244,val
5702,CCCCCCOc1ccc(N(c2ccc(OCCCCCC)cc2)c2ccc(-c3ccc(/C=C/c4ccc(/C=C(\C#N)C(=O)O)s4)s3)cc2)cc1,ClCCl,2.4053025,val
5706,CCCCCCOc1ccc(N(c2ccc(OCCCCCC)cc2)c2ccc(-c3ccc(C4=C5C(=O)N(CCCCCC)C(c6ccc(-c7ccc(/C=C(\C#N)C(=O)O)cc7)cc6)=C5C(=O)N4CCCCCC)cc3)cc2)cc1,ClCCl,2.3841743,val
5709,CCCCCCOc1ccc(N(c2ccc(OCCCCCC)cc2)c2ccc(-c3ccc(C=C(C#N)C(=O)O)s3)cc2)cc1,C1CCOC1,2.7138727,val
5710,CCCCCCOc1ccc(N(c2ccc(OCCCCCC)cc2)c2ccc(-c3ccc(C=C(C#N)C(=O)O)s3)cc2)cc1,ClC(Cl)Cl,2.6057332,val
5711,CCCCCCOc1ccc(N(c2ccc(OCCCCCC)cc2)c2ccc(-c3ccc(C=C(C#N)C(=O)O)s3)cc2)cc1,ClCCl,2.6101906,val
5713,CCCCCCOc1ccc(N(c2ccc(OCCCCCC)cc2)c2ccc(-c3ccc(N(c4ccc(-c5ccc(N(c6ccc(OCCCCCC)cc6)c6ccc(OCCCCCC)cc6)cc5)cc4)c4ccc(-c5sc(C=C(C#N)C(=O)O)c6c5OCCO6)cc4)cc3)cc2)cc1,ClCCl,2.5958364,val
5720,CCCCCCOc1ccc(N(c2ccc(OCCCCCC)cc2)c2ccc(-c3ccc4c5sc6c7sc(/C=C(\C#N)C(=O)O)cc7n(CCCCCC)c6c5n(CCCCCC)c4c3)cc2)cc1,ClCCl,2.321607,val
5722,CCCCCCOc1ccc(N(c2ccc(OCCCCCC)cc2)c2ccc(-c3cnc(-c4ccc(/C=C(\C#N)C(=O)O)s4)c4nsnc34)cc2)cc1,ClCCl,2.2663558,val
5723,CCCCCCOc1ccc(N(c2ccc(OCCCCCC)cc2)c2ccc(-c3nc4c(-c5cc(CCCCCC)c(/C=C(\C#N)C(=O)O)s5)ccc(-c5cc(CCCCCC)c(/C=C(\C#N)C(=O)O)s5)c4n3CCCCCC)cc2)cc1,C1CCOC1,2.7004251,val
5731,CCCCCCOc1ccc(N(c2ccc(OCCCCCC)cc2)c2ccc(-c3ncc(-c4sc(-c5ccc(/C=C(\C#N)C(=O)O)s5)cc4CCCCCC)c4nsnc34)cc2)cc1,ClCCl,2.2861414,val
5732,CCCCCCOc1ccc(N(c2ccc(OCCCCCC)cc2)c2ccc(-c3sc(-c4cc(OCCCCC)c(/C=C(/C#N)C(=O)O)s4)cc3CCCCCC)cc2)cc1,ClC(Cl)Cl,2.5333295,val
5734,CCCCCCOc1ccc(N(c2ccc(OCCCCCC)cc2)c2ccc(-c3sc(-c4cc5c6nc(CCCCC)c(CCCCC)nc6c6cc(/C=C(\C#N)C(=O)O)sc6c5s4)c4c3OCCO4)cc2)cc1,ClC(Cl)Cl,2.4716506,val
5742,CCCCCCOc1ccc(N(c2ccc(OCCCCCC)cc2)c2ccc(-c3sc(-c4ccc(N(c5ccc(OCCCCCC)cc5)c5ccc(OCCCCCC)cc5)cc4)c4nc(-c5ccccc5)c(-c5ccccc5)nc34)cc2)cc1,CC(C)=O,2.311024,val
5744,CCCCCCOc1ccc(N(c2ccc(OCCCCCC)cc2)c2ccc(-c3sc(-c4ccc(N(c5ccc(OCCCCCC)cc5)c5ccc(OCCCCCC)cc5)cc4)c4nc(-c5ccccc5)c(-c5ccccc5)nc34)cc2)cc1,CCOCC,2.314509,val
5746,CCCCCCOc1ccc(N(c2ccc(OCCCCCC)cc2)c2ccc(-c3sc(-c4ccc(N(c5ccc(OCCCCCC)cc5)c5ccc(OCCCCCC)cc5)cc4)c4nc(-c5ccccc5)c(-c5ccccc5)nc34)cc2)cc1,Cc1ccccc1,2.2317944,val
5752,CCCCCCOc1ccc(N(c2ccc(OCCCCCC)cc2)c2ccc(-c3sc(-c4ccc5c(-c6ccc(C(C)(C)C)cc6)c6cc(-c7cc(OCCCCC)c(/C=C(/C#N)C(=O)O)s7)ccc6c(-c6ccc(C(C)(C)C)cc6)c5c4)cc3CCCCCC)cc2)cc1,ClC(Cl)Cl,2.5530548,val
5753,CCCCCCOc1ccc(N(c2ccc(OCCCCCC)cc2)c2ccc(-c3sc(-c4ccc5c(-c6ccc(C(C)(C)C)cc6)c6cc(-c7cc(OCCCCC)c(/C=C(\C#N)C(=O)O)s7)ccc6c(-c6ccc(C(C)(C)C)cc6)c5c4)cc3CCCCCC)cc2)cc1,ClC(Cl)Cl,2.560169,val
5763,CCCCCCOc1ccc(N(c2ccc(OCCCCCC)cc2)c2ccc(-c3sc(C=C(C#N)C(=O)O)c4c3OCCO4)c3nsnc23)cc1,ClCCl,2.3182998,val
5777,CCCCCCOc1ccc(N(c2ccc(OCCCCCC)cc2)c2ccc(C3SC4C(SC5C6SC(/C=C(\C#N)C(=O)O)CC6N(c6ccc(OCCCCCC)cc6)C45)C3CCCCCC)cc2)cc1,ClCCl,2.3503454,val
5779,CCCCCCOc1ccc(N(c2ccc(OCCCCCC)cc2)c2ccc(C3SC4C(SC5C6SC7C(CCCCCC)C(/C=C(\C#N)C(=O)O)SC7C6N(c6ccc7c(c6)C(CCCCCC)(CCCCCC)c6c8c(c9c(c6-7)C(CCCCCC)(CCCCCC)c6ccccc6-9)C(CCCCCC)(CCCCCC)c6ccccc6-8)C45)C3CCCCCC)cc2)cc1,ClCCl,2.3620646,val
5786,CCCCCCOc1ccc(N2C3C4SC(c5ccc(N(c6ccccc6)c6ccccc6)cc5)C(CCCCCC)C4SC3C3SC4C(CCCCCC)C(c5ccc(/C=C(/C#N)C(=O)O)c6nsnc56)SC4C32)cc1,ClCCl,2.4478145,val
5788,CCCCCCOc1ccc(N2c3ccc(-c4cc5sc(/C=C(\C#N)C(=O)O)c(CCC)c5s4)cc3[C@@H]3CCC[C@@H]32)cc1,ClCCl,2.5291953,val
5797,CCCCCCOc1ccc(N2c3ccccc3Sc3cc(-c4ccc(-c5ccc(/C=C(\C#N)C(=O)O)s5)c5nc(-c6ccc7c(c6)C(CCCCCC)(CCCCCC)c6cc(N(c8ccccc8)c8ccccc8)ccc6-7)c(-c6ccc7c(c6)C(CCCCCC)(CCCCCC)c6cc(N(c8ccccc8)c8ccccc8)ccc6-7)nc45)ccc32)cc1,ClCCl,2.4546187,val
5808,CCCCCCOc1ccc2c(c1)C1(c3cc(OCCCCCC)ccc3-2)c2cc(/C=C(\C#N)C(=O)O)sc2-c2sc(-c3ccc(-c4ccc5c(c4)N(c4ccc(C)cc4)C4CCCC54)c4nsnc34)cc21,ClCCl,2.2161198,val
5811,CCCCCCOc1ccc2c(c1)Sc1cc(-c3ccc(-c4ccc(/C=C(\C#N)C(=O)O)cc4)c4nsnc34)ccc1N2CCCC,C1CCOC1,2.6881037,val
5815,CCCCCCOc1ccc2oc3c(c2c1)=CC1=C(c2ccccc2C)c2cc4c5cc(OCCCCCC)ccc5oc4n2[B-](F)(F)[N+]=31,CO,2.1351593,val
5831,CCCCCCSC1=C(SCCCCCC)SC(=Cc2ccc(N(c3ccccc3)c3ccc(/C=C(/C#N)C(=O)O)cc3)cc2)S1,CO,2.9008014,val
5839,CCCCCCSC1=C(SCCCCCC)SC(=c2c3ccccc3c(=C3SC(SCCCCCC)=C(SCCCCCC)S3)c3cc(-c4ccc(/C=C5/SC(=S)N(CC(=O)O)C5=O)s4)ccc23)S1,CN(C)C=O,2.816967,val
5844,CCCCCCSC1=C(SCCCCCC)SC(C2c3ccccc3C(C3SC(SCCCCCC)=C(SCCCCCC)S3)c3cc(-c4ccc(C=C5SC(=S)N(CC(=O)O)C5=O)cc4)ccc32)S1,CN(C)C=O,2.810562,val
5848,CCCCCCSc1ccc(N(c2ccc(SCCCCCC)cc2)c2ccc(-c3sc(C4=C/C(=C5/C=C(c6sc(C#Cc7ccc(C(=O)O)cc7)c(CCCCCC)c6CCCCCC)OC5=O)C(=O)O4)c(CCCCCC)c3CCCCCC)cc2)cc1,ClC(Cl)Cl,2.1138425,val
5873,CCCCCCc1c(/C=C(/C#N)C(=O)O)sc2c(CCCCCC)c(/C=C/c3sc4c(CCCCCC)c(-c5cc6ccc(N(c7ccc8c(c7)C(C)(C)c7ccccc7-8)c7ccc8c(c7)C(C)(C)c7ccccc7-8)cc6s5)sc4c3CCCCCC)sc12,C1CCOC1,2.3771176,val
5876,CCCCCCc1c(C2=C/C(=C3/C=C(c4sc(-c5ccc(C=C(C#N)C(=O)O)s5)c(CCCCCC)c4CCCCCC)N(CCCCCC)C3=O)C(=O)N2CCCCCC)sc(-c2ccc(N(c3ccccc3)c3ccccc3)cc2)c1CCCCCC,ClC(Cl)Cl,2.0336878,val
5889,CCCCCCc1cc(-c2cc3c(-c4ccc(CC(CC)CCCC)s4)c4sc(-c5cc(CCCCCC)c(-c6cc(CCCCCC)c(-c7sc(/C=C(\C#N)C(=O)O)c8c7OCCO8)s6)s5)cc4c(-c4ccc(CC(CC)CCCC)s4)c3s2)sc1-c1cc(CCCCCC)c(-c2sc(/C=C(/C#N)C(=O)O)c3c2OCCO3)s1,C1CCOC1,2.4224973,val
5908,CCCCCCc1cc(-c2ccc(-c3cc(CCCCCC)c(-c4ccc5c(c4)c4c6c(c7ccccc7n6CC(CC)CCCC)c6c(c7ccccc7n6CC(CC)CCCC)c4n5CC(CC)CCCC)s3)c3nsnc23)sc1/C=C(\C#N)C(=O)O,ClCCl,2.2846994,val
5918,CCCCCCc1cc(-c2ccc(-c3ccc(/C=C(\C#N)C(=O)O)s3)s2)sc1-c1ccc2c(c1)c1c(-c3ccccc3)c3c(c(-c4ccccc4)c1n2CCCCCC)c1ccccc1n3CCCCCC,C1CCOC1,2.644982,val
5923,CCCCCCc1cc(-c2ccc(-c3ccc4c(c3)N(c3ccc(C)cc3)C3CCCC43)c3nsnc23)sc1-c1ccc(/C=C(\C#N)C(=O)O)s1,ClCCl,2.363897,val
5946,CCCCCCc1cc(-c2ccc(O)c(C#N)c2)sc1-c1ccc(N(c2ccccc2)c2ccccc2)cc1,ClCCl,3.3344772,val
5957,CCCCCCc1cc(-c2ccc3c(c2)C(CCCCCC)(CCCCCC)c2cc(N(c4ccccc4)c4ccccc4)ccc2-3)sc1/C=C(\C#N)C(=O)O,Cc1ccccc1,2.7730289,val
5960,CCCCCCc1cc(-c2ccc3c(c2)C2CCCC2N3c2ccc(C)cc2)sc1/C=C(/C#N)C(=O)O,ClC(Cl)Cl,2.5219457,val
5961,CCCCCCc1cc(-c2ccc3c(c2)C2CCCC2N3c2ccc(C)cc2)sc1C=C(C#N)C(=O)O,ClCCl,2.5008109,val
5963,CCCCCCc1cc(-c2ccc3c(c2)C2CCCC2N3c2ccc3c(c2)C(C)(C)c2ccccc2-3)sc1C=C1C(=C(C#N)C#N)c2cc(C(=O)O)ccc2S1(=O)=O,ClC(Cl)Cl,2.07478,val
5968,CCCCCCc1cc(-c2ccc3c(c2)N(c2ccccc2)C2C4CCC(C4)C32)sc1-c1ccc(C=C2SC(=S)N(CC(=O)O)C2=O)s1,ClCCl,2.3989692,val
5973,CCCCCCc1cc(-c2ccc3c(c2)Sc2cc(/C=C(/C#N)C(=O)O)ccc2N3CCCCCC)sc1-c1ccc2[n+](c1)[B-](F)(F)N1C=CC=CC1=C2C#N,C1CCOC1,2.590397,val
5975,CCCCCCc1cc(-c2ccc3c(c2)c2ccccc2n3CC)sc1-c1sc(-c2ccc(/C=C(\C#N)C(=O)O)s2)cc1CCCCCC,ClCCl,2.6890104,val
5982,CCCCCCc1cc(-c2sc(-c3cc4c(s3)c3ccccc3n4CC)cc2CCCCCC)sc1C=C(C#N)C(=O)O,Cc1ccccc1,2.5425494,val
5986,CCCCCCc1cc(-c2sc(-c3sc(-c4cc(CCCCCC)c(-c5cc(CCCCCC)c(-c6ccc(N(c7ccc(C(=O)O)cc7)c7ccc(C(=O)O)cc7)cc6)s5)s4)c(CCCCCC)c3CCCCCC)cc2CCCCCC)sc1C=C(C#N)C#N,ClCCl,2.5437129,val
5992,CCCCCCc1cc(-c2sc(-c3sc(-c4sc(-c5ccc6c(c5)c5ccccc5n6CC)cc4CCCCCC)cc3CCCCCC)cc2CCCCCC)sc1/C=C(\C#N)C(=O)Cc1ccc([Si](OC)(OC)OC)cc1,ClC(Cl)Cl,2.585811,val
5994,CCCCCCc1cc(-c2sc(-c3sc(-c4sc(-c5ccc6c(c5)c5ccccc5n6CC)cc4CCCCCC)cc3CCCCCC)cc2CCCCCC)sc1/C=C(\C#N)C(=O)Nc1ccc([Si](OC)(OC)OC)cc1,Cc1ccccc1,2.6870503,val
6006,CCCCCCc1cc(-c2sc(/C=C3/SC(=S)N(CC(=O)O)C3=O)cc2CCCCCC)sc1-c1ccc(N(c2ccc(OCCCC)cc2)c2ccc(OCCCC)cc2)cc1,ClCCl,2.4464748,val
6016,CCCCCCc1cc(/C=C(/C#N)C(=O)O)sc1-c1sc(-c2ccc(N(c3ccccc3)c3ccccc3)cc2)cc1CCCCCC,ClCCl,2.7336783,val
6030,CCCCCCc1cc(/C=C(\C#N)C(=O)O)sc1-c1ccc(-c2sc(-c3ccc4c5ccccc5c5ccccc5c4c3)cc2CCCCCC)s1,ClC(Cl)Cl,2.7918828,val
6033,CCCCCCc1cc(/C=C(\C#N)C(=O)O)sc1-c1ccc(-c2sc(-c3ccc4sc5ccccc5c4c3)cc2CCCCCC)s1,ClC(Cl)Cl,2.8042228,val
6040,CCCCCCc1cc(B(c2c(C)cc(C)cc2C)c2c(C)cc(C)cc2C)c(-c2sc(CCCCCC)cc2P(=O)(c2ccccc2)c2ccccc2)s1,CO,3.595514,val
6046,CCCCCCc1cc(C=C(C#N)C(=O)O)sc1-c1ccc(N(c2ccccc2)c2ccccc2)cc1,ClC(Cl)Cl,2.78787,val
6047,CCCCCCc1cc(C=C(C#N)C(=O)O)sc1-c1ccc2c(c1)C(c1ccccc1OC)=[N+]1C2=Cc2c3ccc(-c4sc(/C=C(/C#N)C(=O)O)cc4CCCCCC)cc3c(-c3ccccc3OC)n2[B-]1(F)F,C1CCOC1,2.04701,val
6049,CCCCCCc1cc(C=C(C#N)C(=O)O)sc1C=Cc1ccc(N(c2ccc(C)cc2)c2ccc(C)cc2)cc1,ClC(Cl)Cl,2.4567976,val
6051,CCCCCCc1cc2c(=S)c3cc(CCCCCC)cc4c(=S)c5cc(CCCCCC)cc6c(=S)c(c1)c2n(c34)c65,ClCCl,2.1549728,val
6057,CCCCCCc1cc2c(s1)-c1sc(CCCCCC)cc1P(c1ccccc1)(c1ccccc1)=[O+][B-]2(c1c(C)cc(C)cc1C)c1c(C)cc(C)cc1C,C1CCOC1,3.65389,val
6059,CCCCCCc1cc2c3c(c1)c(=C(c1ccccc1)c1ccccc1)c1cc(CCCCCC)cc4c1-n-3-c1c(cc(CCCCCC)cc1c4=C(c1ccccc1)c1ccccc1)c2=C(c1ccccc1)c1ccccc1,ClCCl,2.9047358,val
6060,CCCCCCc1cc2c3c(c1)c(=C1c4ccccc4S(=O)(=O)c4ccccc41)c1cc(CCCCCC)cc4c1-n-3-c1c(cc(CCCCCC)cc1c4=C1c3ccccc3S(=O)(=O)c3ccccc31)c2=C1c2ccccc2S(=O)(=O)c2ccccc21,ClCCl,2.8454938,val
6068,CCCCCCc1ccc(-c2cc3c4c(c2)C(c2ccc(C)cc2)(c2ccc(C)cc2)c2cc(-c5ccc(CCCCCC)s5)cc5c2N4c2c(cc(-c4ccc(/C=C(\C#N)C(=O)O)s4)cc2C5(c2ccc(C)cc2)c2ccc(C)cc2)C3(c2ccc(C)cc2)c2ccc(C)cc2)s1,ClCCl,2.5027218,val
6073,CCCCCCc1ccc(-c2ccc(-c3ccc(N(c4ccc(/C=C(/C#N)C(=O)O)cc4)c4ccc(-c5ccc(-c6ccc(CCCCCC)s6)s5)cc4)cc3)s2)s1,ClC(Cl)Cl,2.7989852,val
6075,CCCCCCc1ccc(-c2ccc(-c3ccc4c(c3)N(CC(CC)CCCC)C(=O)/C4=C3/C(=O)N(CC(CC)CCCC)c4c3cccc4-c3sc(-c4ccc(P(=O)(O)O)s4)cc3CCCCCC)s2)s1,ClC(Cl)Cl,2.371503,val
6086,CCCCCCc1ccc(-c2ccc3c(c2)Sc2cc(/C=C(\C#N)C(=O)O)ccc2N3CCCCCC)s1,ClCCl,2.5780098,val
6092,CCCCCCc1ccc(-n2c3[n+](c4c5ccccc5c5ccccc5c42)[B-](C)(C)c2cc(-n4c5ccccc5c5ccccc54)ccc2-3)cc1,C1CCOC1,3.370125,val
6103,CCCCCCc1ccc(-n2c3[n+](c4c5ccccc5c5ccccc5c42)[B-](C)(C)c2ccccc2-3)cc1,C1CCOC1,3.470833,val
6104,CCCCCCc1ccc(-n2c3[n+](c4c5ccccc5c5ccccc5c42)[B-](C)(C)c2ccccc2-3)cc1,CC#N,3.4708796,val
6107,CCCCCCc1ccc(-n2c3c(c4c2c2c(n4-c4ccc(CCCCCC)cc4)-c4cccc(OC)c4NB2c2ccccc2)B(c2ccccc2)Nc2c(OC)cccc2-3)cc1,Cc1ccccc1,3.0368829,val
6108,CCCCCCc1ccc(-n2c3c4cccc(OC)c4nc(-c4ccc(C#N)cc4)c3c3c2c2c(-c4ccc(C#N)cc4)nc4c(OC)cccc4c2n3-c2ccc(CCCCCC)cc2)cc1,ClC(Cl)Cl,3.8494925,val
6124,CCCCCCc1ccc(N2c3ccc(-c4ccc(/C=C(/C#N)C(=O)O)s4)cc3Sc3cc(-c4ccc(/C=C(/C#N)C(=O)O)s4)ccc32)cc1,CN(C)C=O,2.6611638,val
6126,CCCCCCc1ccc(N2c3ccc(-c4sc(C=C(C#N)C(=O)O)c5c4OCCO5)cc3Sc3cc(-c4sc(C=C(C#N)C(=O)O)c5c4OCCO5)ccc32)cc1,CN(C)C=O,2.5028749,val
6136,CCCCCCc1ccc2c3c(ccc2c1)O[B-](F)(F)[N+](c1cc([N+]2=Cc4c(ccc5cc(CCCCCC)ccc45)O[B-]2(F)F)cc([N+]2=Cc4c(ccc5cc(CCCCCC)ccc45)O[B-]2(F)F)c1)=C3,C1CCOC1,2.881492,val
6138,CCCCCCc1ccc2c3c(ccc2c1)O[B-](F)(F)[N+](c1cc([N+]2=Cc4c(ccc5cc(CCCCCC)ccc45)O[B-]2(F)F)cc([N+]2=Cc4c(ccc5cc(CCCCCC)ccc45)O[B-]2(F)F)c1)=C3,Cc1ccccc1,2.8957129,val
6139,CCCCCCc1ccc2c3c(ccc2c1)O[B-](F)(F)[N+](c1cc([N+]2=Cc4c(ccc5cc(CCCCCC)ccc45)O[B-]2(F)F)cc([N+]2=Cc4c(ccc5cc(CCCCCC)ccc45)O[B-]2(F)F)c1)=C3,ClCCl,2.8432255,val
6140,CCCCCCc1ccc2c3c(ccc2c1)O[B-](F)(F)[N+](c1ccc([N+]2=Cc4c(ccc5cc(CCCCCC)ccc45)O[B-]2(F)F)cc1)=C3,C1CCOC1,2.8309772,val
6151,CCCCCCc1ccc2c3c(ccc2c1)O[B-](c1ccccc1)(c1ccccc1)[N+](c1ccc([N+]2=Cc4c(ccc5cc(CCCCCC)ccc45)O[B-]2(c2ccccc2)c2ccccc2)cc1)=C3,ClCCl,2.6921375,val
6156,CCCCCCc1ccsc1-c1ccc(-c2ccc(-c3sc(-c4cc(CCCCCC)c(-c5ccc(-c6ccc(-c7sc(-c8cc(CCCCCC)c(-c9ccc(-c%10ccc(-c%11sc(/C=C(\C#N)C(=O)O)cc%11CCCCCC)s%10)s9)s8)cc7CCCCCC)s6)s5)s4)cc3CCCCCC)s2)s1,ClC(Cl)Cl,2.568297,val
6158,CCCCCCc1ccsc1-c1ccc(-c2sc(C(=O)O)cc2CCCCCC)s1,CC(C)=O,3.4596303,val
6159,CCCCCCc1ccsc1-c1ccc(-c2sc(C(=O)O)cc2CCCCCC)s1,CCCCCC,3.4942393,val
6163,CCCCCCc1ccsc1-c1ccc2c(c1)C1=[N+]3C2=Cc2c4ccc(-c5sccc5CCCCCC)cc4c4n2[B-]3(Oc2ccccc21)Oc1ccccc1-4,C1CCOC1,1.8264667,val
6164,CCCCCCc1csc(-c2ccc(-c3cc(CCCCCC)c(/C=C/c4cc(-c5cc(CCCCCC)c(/C=C(\C#N)C(=O)O)s5)cc(/C=C/c5sc(-c6ccc(-c7cc(CCCCCC)cs7)c7nsnc67)cc5CCCCCC)c4OCC(CC)CCCC)s3)c3nsnc23)c1,ClC(Cl)Cl,2.448338,val
6168,CCCCCCc1csc(/C=C/c2sc(/C=C/c3sc(C=Cc4sc(/C=C(/C#N)C(=O)O)c(CCCCCC)c4CCCCCC)c(CCCCCC)c3CCCCCC)c(CCCCCC)c2CCCCCC)c1CCCCCC,ClCCl,2.1977382,val
6174,CCCCCCc1nc(-c2nc(CCCCCC)c(-c3ccc(N(c4ccc(/C=C(\C#N)C(=O)O)cc4)c4ccc(/C=C(\C#N)C(=O)O)cc4)cc3)s2)sc1-c1ccc(N(c2ccc(/C=C(\C#N)C(=O)O)cc2)c2ccc(/C=C(\C#N)C(=O)O)cc2)cc1,ClCCl,2.8505096,val
6180,CCCCCCc1sc(-c2ccc(-c3ccc4c(c3)Sc3cc(/C=C(\C#N)C(=O)O)ccc3N4CCCCCC)s2)c2c1OCCO2,ClCCl,2.5299003,val
6186,CCCCCCn1c(-c2ccc3c(c2)c2ccccc2n3CCCCCC)nc(-c2ccc(-c3ccc(/C=C(\C#N)C(=O)O)s3)cc2)c1-c1ccc(-c2ccc(/C=C(\C#N)C(=O)O)s2)cc1,C1CCOC1,2.9921339,val
6188,CCCCCCn1c(=O)c2c3[nH]c4cc5[nH]c6c(oc5cc4oc3c3c(=O)n(CCCCCC)c(=O)c3c2c1=O)c1c(=O)n(CCCCCC)c(=O)c1c1c(=O)n(CCCCCC)c(=O)c61,ClCCl,2.399337,val
6190,CCCCCCn1c(=O)c2c3[nH]c4ccccc4[nH]c3c3c(=O)n(CCCCCC)c(=O)c3c2c1=O,ClCCl,2.7074955,val
6197,CCCCCCn1c(=O)c2c3sc4ccccc4sc3c3c(=O)n(CCCCCC)c(=O)c3c2c1=O,ClCCl,2.8903954,val
6202,CCCCCCn1c(=S)n(CCCCCC)c2cc(N(c3ccc(-c4sc(-c5cc(-c6ccc(OCC)cc6)c(/C=C(\C#N)C(=O)O)s5)cc4-c4ccc(OCC)cc4)cc3)c3ccc4c(c3)n(CCCCCC)c(=S)n4CCCCCC)ccc21,CC#N,2.6658547,val
6205,CCCCCCn1c2c(c3cc(-c4ccc(/C=C(\C#N)C(=O)O)cc4)ccc31)C(CCCCCC)(CCCCCC)c1ccccc1-2,ClCCl,2.9998038,val
6206,CCCCCCn1c2c(c3cc(-c4ccc(/C=C(\C#N)C(=O)O)o4)ccc31)C(CC)(CC)c1ccccc1-2,ClCCl,2.7044158,val
6216,CCCCCCn1c2c(c3cc(C#Cc4ccc(/C=C(\C#N)C(=O)O)s4)ccc31)C(CCCCCC)(CCCCCC)c1ccccc1-2,ClCCl,2.6666245,val
6219,CCCCCCn1c2cc(-c3ccc(N(c4ccccc4)c4ccccc4)cc3)ccc2c2sc3c4sc(/C=C(\C#N)C(=O)O)cc4n(CCCCCC)c3c21,ClCCl,2.4167166,val
6227,CCCCCCn1c2cc(/C=C(\C#N)C(=O)O)sc2c2sc(-c3ccc4c(c3)C(CCCCCC)(CCCCCC)c3cc(-c5cc6c(s5)c5sc(/C=C(\C#N)C(=O)O)cc5n6CCCCCC)ccc3-4)cc21,C1CCOC1,2.4274025,val
6230,CCCCCCn1c2cc(/C=C/c3ccccc3)ccc2c2ccc(/C=C/c3ccccc3)cc21,ClC(Cl)Cl,3.4972758,val
6233,CCCCCCn1c2cc(C=C(C#N)C(=O)O)ccc2c2ccc(-c3ccc(-c4ccc(N(c5ccc(C(C)(C)C)cc5)c5ccc(C(C)(C)C)cc5)cc4)c4nsnc34)cc21,ClCCl,2.6670642,val
6235,CCCCCCn1c2cc(C=C(C#N)C(=O)O)ccc2c2ccc(-c3ccc(N(c4ccc(C(C)(C)C)cc4)c4ccc(C(C)(C)C)cc4)cc3)cc21,ClCCl,2.9083464,val
6236,CCCCCCn1c2cc(C=C(C#N)C(=O)O)ccc2c2ccc(-c3ccc4c(c3)c3cc(C(C)(C)C)ccc3n4-c3ccc(C(C)(C)C)cc3)cc21,ClCCl,3.0252893,val
6237,CCCCCCn1c2cc(C=C(C#N)C(=O)O)sc2c2sc(-c3ccc(N(c4ccc(OC)cc4)c4ccc(OC)cc4)cc3)cc21,ClCCl,2.3561642,val
6244,CCCCCCn1c2ccc(-c3ccc(/C=C(\C#N)C(=O)O)cc3)cc2c2cc(-c3ccc(/C=C(\C#N)C(=O)O)cc3)ccc21,CN(C)C=O,3.197092,val
6245,CCCCCCn1c2ccc(-c3ccc(C=C(C#N)C(=O)O)cc3)cc2c2cc(-c3ccc(/C=C(/C#N)C(=O)O)cc3)ccc21,CN(C)C=O,3.1820278,val
6256,CCCCCCn1c2ccc(/C=C3\SC(=O)NC3=O)cc2c2cc(-c3ccc(OC)cc3)ccc21,ClC(Cl)Cl,3.107108,val
6262,CCCCCCn1c2ccc(C=C(C#N)C(=O)O)cc2c2cc(-c3ccc(C=C(c4ccc(N5c6ccccc6Sc6ccccc65)cc4)c4ccc(N5c6ccccc6Sc6ccccc65)cc4)cc3)ccc21,ClCCl,3.1284025,val
6266,CCCCCCn1c2ccc(C=C3C(=O)NC(=S)NC3=O)cc2c2cc(C=C3C(=O)NC(=S)NC3=O)ccc21,C1CCOC1,2.5597553,val
6272,CCCCCCn1c2ccccc2c2cc(-c3c(/C=C(\C#N)C(=O)O)sc(/C=C(\C#N)C(=O)O)c3-c3ccc4c(c3)c3ccccc3n4CCCCCC)ccc21,ClC(Cl)Cl,2.3938866,val
6282,CCCCCCn1c2ccccc2c2cc(-c3ccc(-n4c(/C=C/c5cc6cc(-c7ccc8c(c7)c7ccccc7n8CCCCCC)ccc6n5CCCC)ccc4/C=C(\C#N)C(=O)O)cc3)ccc21,CCO,2.8562531,val
6286,CCCCCCn1c2ccccc2c2cc(-c3ccc(C=C(C#N)C(=O)O)c(F)c3F)ccc21,ClC(Cl)Cl,3.1944284,val
6288,CCCCCCn1c2ccccc2c2cc(-c3ccc(C=C(C#N)C(=O)O)cc3F)ccc21,ClC(Cl)Cl,3.2004323,val
6301,CCCCCCn1c2ccccc2c2cc(/C=C/c3cc(=O)oc4cc(C)ccc34)ccc21,ClC(Cl)Cl,3.1251953,val
6303,CCCCCCn1c2ccccc2c2cc(/C=C3\SC(=S)N(CC(=O)O)C3=O)ccc21,CC#N,2.8111212,val
6309,CCCCCCn1c2ccccc2c2cc(C=Cc3ccc(C=C4SC(=S)N(CC(=O)O)C4=O)cc3)ccc21,CCO,2.7741854,val
6310,CCCCCCn1c2ccccc2c2cc(N(c3ccc(-c4ccc5c(c4)C(CCCCCC)(CCCCCC)c4c6c(c7c(c4-5)C(CCCCCC)(CCCCCC)c4ccccc4-7)C(CCCCCC)(CCCCCC)c4ccccc4-6)cc3)c3ccc(-c4cc5c(s4)c4sc(/C=C(\C#N)C(=O)O)cc4n5CCCCCC)c(C(=O)OC)c3)ccc21,ClCCl,2.4486275,val
6311,CCCCCCn1c2ccccc2c2cc(N(c3ccc(-c4ccc5c(c4)C(CCCCCC)(CCCCCC)c4c6c(c7c(c4-5)C(CCCCCC)(CCCCCC)c4ccccc4-7)C(CCCCCC)(CCCCCC)c4ccccc4-6)cc3)c3ccc(-c4cc5c(s4)c4sc(/C=C(\C#N)C(=O)O)cc4n5CCCCCC)cc3)ccc21,ClCCl,2.393473,val
6317,CCCCCCn1c2ccccc2c2ccc(-c3cc(-c4ccc(/C=C(/C#N)C(=O)O)s4)c(-c4ccc(C=C(C#N)C(=O)O)s4)s3)cc21,C1CCOC1,2.5396533,val
6318,CCCCCCn1c2ccccc2c2ccc(N(c3ccc(-c4cc5c(s4)c4sc(C=C(C#N)C(=O)O)cc4n5CCCCCC)cc3)c3ccc4c(c3)C(CCCCCC)(CCCCCC)c3c5c(c6c(c3-4)C(CCCCCC)(CCCCCC)c3ccccc3-6)C(CCCCCC)(CCCCCC)c3ccccc3-5)cc21,ClCCl,2.3420577,val
6333,CCCCCCn1cc(C(=O)c2ccc3c(c2)C(C)(C)c2cc(N(C)C)ccc2-3)nn1,C1COCCO1,3.138653,val
6360,CCCCCOc1cc2oc(=O)c3c4ccc(N(c5ccc(C)cc5)c5ccc(C)cc5)cc4c4ccc5cccc6c(c1)c2c3c4c56,C1CCOC1,2.538109,val
6362,CCCCCOc1cc2oc(=O)c3c4ccc(N)cc4c4ccc5cccc6c(c1)c2c3c4c56,C1CCOC1,2.7279062,val
6363,CCCCCOc1cc2oc(=O)c3c4ccc(O)cc4c4ccc5cccc6c(c1)c2c3c4c56,C1CCOC1,2.7528486,val
6366,CCCCCOc1ccc2c(c1)c1ccc3cccc4c5cccc6oc(=O)c2c(c65)c1c34,C1CCOC1,2.8567557,val
6369,CCCCC[C@H](CC)COc1ccc(N(c2ccc(OC[C@@H](CC)CCCC)cc2)c2ccc(-c3ccc(-c4ccc(/C=C(\C#N)C(=O)O)s4)s3)cc2)cc1,ClCCl,2.4499333,val
6376,CCCCC[Si]1(CCCCC)c2cc(-c3ccc(/C=C(/C#N)C(=O)O)cc3)ccc2-c2ccc(-c3ccc4c(c3)C3CCCC3N4c3ccc(OC)cc3)cc21,CN(C)C=O,3.0737429,val
6383,CCCCCc1c(C)c2c3ccccc3[nH]c2c2ccccc12,ClCCl,3.8167374,val
6384,CCCCCc1c(CCCCC)c2cc3ccccc3n2c2nc3ccccc3cc12,ClCCl,2.8810904,val
6396,CCCCCn1c2cc(/C=C/c3ccc(N(c4ccccc4)c4ccccc4)cc3)ccc2c2ccc(/C=C/c3ccc(N(c4ccccc4)c4ccccc4)cc3)cc21,Cc1ccccc1,3.1477253,val
6402,CCCCCn1c2ccc(S(=O)(=O)O)cc2c(=O)c2cc(S(=O)(=O)O)ccc21,O,3.0401108,val
6405,CCCCCn1c2ccccc2c2cc(N3c4ccc(-c5ccc(/C=C6/SC(=S)N(CC(=O)O)C6=O)s5)cc4[C@H]4CCC[C@H]43)ccc21,CO,2.4927707,val
6406,CCCCCn1c2ccccc2c2cc(N3c4ccc(-c5ccc(/C=C6\SC(=S)N(CC(=O)O)C6=O)cc5)cc4[C@H]4CCC[C@H]43)ccc21,CO,2.6405241,val
6410,CCCCN(CCCC)c1ccc(-c2ccc(/C=C/c3ccc(C(=O)[O-])c[n+]3C)s2)s1,CC#N,2.3847806,val
6413,CCCCN(CCCC)c1ccc(/C=C/c2ccc3c(c2)CCc2cc(/C=C/c4ccc(N(CCCC)CCCC)cc4)ccc2-3)cc1,CS(C)=O,2.9537802,val
6414,CCCCN(CCCC)c1ccc(/C=C/c2ccc3c(c2)CCc2cc(/C=C/c4ccc(N(CCCC)CCCC)cc4)ccc2-3)cc1,Cc1ccccc1,2.993035,val
6418,CCCCN(CCCC)c1ccc(/C=C/c2ccc3nc(/C=C/c4ccc(N(C)C)cc4)c(-c4ccccc4)nc3c2)cc1,C1COCCO1,2.746128,val
6434,CCCCN(CCCC)c1ccc(C#Cc2cc(C#Cc3ccc(N(CCCC)CCCC)cc3)c(C#Cc3c(F)c(F)c(F)c(F)c3F)cc2C#Cc2c(F)c(F)c(F)c(F)c2F)cc1,ClCCl,2.950025,val
6438,CCCCN(CCCC)c1ccc(C#Cc2cc(C#Cc3ccc(N(CCCC)CCCC)cc3)c(C#Cc3ccc([N+](=O)[O-])cc3)cc2C#Cc2ccc([N+](=O)[O-])cc2)cc1,ClCCl,2.6360948,val
6440,CCCCN(CCCC)c1ccc(C#Cc2cc(C#Cc3ccc([N+](=O)[O-])cc3)c(C#Cc3ccc([N+](=O)[O-])cc3)cc2C#Cc2ccc(N(CCCC)CCCC)cc2)cc1,ClCCl,2.6360948,val
6460,CCCCN(CCCC)c1ccc2nc3c4ccccc4c(=O)c(-c4ccccc4)c-3oc2c1,ClCCl,2.2456908,val
6461,CCCCN(CCCC)c1ccc2nc3c4ccccc4c(=O)c(OC(=C(C(F)(C(F)(F)F)C(F)(F)F)C(F)(C(F)(F)F)C(F)(F)F)C(F)(F)F)c-3oc2c1,ClCCl,2.4708197,val
6471,CCCCN1/C(=C/C2=C([O-])/C(=C/C3=[N+](CCC(=O)O)c4ccccc4C3(C)C)C2=C(C#N)C#N)C(C)(C)c2cc3ccccc3cc21,ClCCl,1.74573,val
6493,CCCCN1C(=O)C(=C/C=C/C=C2N(CCCC)c3ccccc3N2CCCC)C(=O)N(CCCC)C1=S,CCO,2.2049766,val
6494,CCCCN1C(=O)C(=C/C=C/C=C2N(CCCC)c3ccccc3N2CCCC)C(=O)N(CCCC)C1=S,CN(C)C=O,2.192893,val
6501,CCCCN1C(=O)C(=CC=C2N(CCCC)c3ccccc3N2CCCC)C(=O)N(CCCC)C1=S,Cc1ccccc1,2.8179262,val
6511,CCCCN1C(=O)C2=C(c3ccc(-c4ccc(C=O)s4)s3)N(CCCC)C(=O)C2=C1c1ccc(-c2ccc(N(c3ccc(OC)cc3)c3ccc(OC)cc3)cc2)s1,ClCCl,1.9208333,val
6514,CCCCN1C(=O)C2=C(c3ccc(-c4ccc5c(c4)C(C)(C)c4ccccc4-5)cc3)NC(=O)C2=C1c1ccc(-c2ccc3c(c2)C(C)(C)c2ccccc2-3)cc1,ClCCl,2.4771767,val
6517,CCCCN1C(=O)c2cc(Oc3ccc(C(C)(C)C)cc3)c3c4c(Oc5ccc(C(C)(C)C)cc5)cc5c(=O)[nH]/c(=C\c6ccc7ccccc7n6)c6cc(Oc7ccc(C(C)(C)C)cc7)c(c7c(Oc8ccc(C(C)(C)C)cc8)cc(c2c37)C1=O)c4c56,ClCCl,2.1498559,val
6518,CCCCN1C(=O)c2cc(Oc3ccc(C(C)(C)C)cc3)c3c4c(Oc5ccc(C(C)(C)C)cc5)cc5c(=O)n6c(c7cc(Oc8ccc(C(C)(C)C)cc8)c(c8c(Oc9ccc(C(C)(C)C)cc9)cc(c2c38)C1=O)c4c57)=Cc1ccc2ccccc2[n+]1[B-]6(F)F,ClCCl,2.037373,val
6520,CCCCN1C(=O)c2cccc3c(N(C)C)ccc(c23)C1=O,CC#N,2.9688401,val
6526,CCCCN1C(=O)c2cccc3c(Oc4cc(CO)cc(Oc5ccc6c7c(cccc57)C(=O)N(CCCC)C6=O)c4)ccc(c23)C1=O,CC#N,3.4341729,val
6532,CCCCN1C(=O)c2cccc3c([O-])c(/C=C/c4sc5ccccc5[n+]4CC)cc(c23)C1=O,C1CCOC1,2.211643,val
6535,CCCCN1C(=O)c2cccc3c([O-])c(/C=C/c4sc5ccccc5[n+]4CC)cc(c23)C1=O,CCO,2.214988,val
6540,CCCCN1C(=O)c2cccc3c([O-])c(/C=C/c4sc5ccccc5[n+]4CC)cc(c23)C1=O,ClCCl,2.192862,val
6545,CCCCN1C(=S)c2cccc3c(N(C)C)ccc(c23)C1=S,CC#N,2.3609514,val
6546,CCCCN1C(=S)c2cccc3c(N(C)C)ccc(c23)C1=S,CS(C)=O,2.3614018,val
6555,CCCCN1NC2C(N1)C(c1ccc(N(c3ccccc3)c3ccccc3)cc1)C1NSNC1C2c1ccc(/C=C(\C#N)C(=O)O)cc1,C1CCOC1,3.227708,val
6560,CCCCN1c2ccc(-c3ccc(-c4ccc(/C=C(\C#N)C(=O)O)s4)s3)cc2Sc2cc(-c3nc4ccccc4n3-c3ccccc3)ccc21,C1CCOC1,2.7142391,val
6564,CCCCN1c2ccc(-c3ccc(C=O)cc3)cc2C(C)(C)c2cc(-c3ccc(C=O)cc3)ccc21,C1CCOC1,3.1627522,val
6568,CCCCN1c2ccc(-c3ccc(C=O)cc3)cc2C(C)(C)c2cc(-c3ccc(C=O)cc3)ccc21,CS(C)=O,3.0433002,val
6576,CCCCN1c2ccc(-c3ccc(C=O)cc3)cc2Sc2cc(-c3ccc(C=O)cc3)ccc21,C1CCOC1,3.1997786,val
6580,CCCCN1c2ccc(-c3ccc(C=O)cc3)cc2Sc2cc(-c3ccc(C=O)cc3)ccc21,CS(C)=O,3.0475721,val
6582,CCCCN1c2ccc(-c3ccc(N(c4ccccc4)c4ccccc4)cc3)cc2Sc2cc(-c3ccc(-c4ccc(/C=C(\C#N)C(=O)O)cc4)c4nsnc34)ccc21,C1CCOC1,2.7041426,val
6586,CCCCN1c2ccc(/C=C(\C#N)C(=O)O)cc2Sc2ccc(SC)cc21,ClCCl,2.8336475,val
6591,CCCCN1c2ccccc2Oc2cc(/C=C(\C#N)C(=O)O)ccc21,C1CCOC1,2.6649532,val
6594,CCCCN1c2ccccc2Sc2cc(-c3ccc(-c4ccc(/C=C(/C#N)C(=O)O)s4)s3)ccc21,C1CCOC1,2.6644788,val
6614,CCCCN1c2ccccc2Sc2cc(/C=C/C3=Nc4ccc5ccccc5c4C3(C)C)ccc21,CCOC(C)=O,3.0317338,val
6621,CCCCN1c2ccccc2Sc2cc(/C=C/c3nc4nc5ccccc5nc4s3)ccc21,C1CCCCC1,2.6817179,val
6622,CCCCN1c2ccccc2Sc2cc(/C=C/c3nc4nc5ccccc5nc4s3)ccc21,C1CCOC1,2.6684744,val
6631,CCCCN1c2ccccc2Sc2cc(/C=C/c3nc4nc5ccccc5nc4s3)ccc21,Cc1ccccc1,2.6684606,val
6637,CCCCN1c2ccccc2Sc2cc(C=C(C#N)C(=O)O)c(SCC)cc21,ClCCl,2.6146605,val
6644,CCCCNC(=O)CCC(=O)c1ccc2c(c1)C(C)(C)c1cc(N(C)C)ccc1-2,Cc1ccccc1,3.3415194,val
6648,CCCCNC(=O)c1ccc2ccc3c(N4CCCCC4)ccc4ccc1c2c43,C1COCCO1,3.3881602,val
6649,CCCCNC(=O)c1ccc2ccc3c(N4CCCCC4)ccc4ccc1c2c43,CC#N,3.3901482,val
6666,CCCCNc1ccc(NCCCC)c2c1C(=O)c1ccccc1C2=O,CC(C)=O,1.9248741,val
6667,CCCCNc1ccc(NCCCC)c2c1C(=O)c1ccccc1C2=O,CCCCCCCCCCO,1.9120879,val
6670,CCCCNc1ccc(NCCCC)c2c1C(=O)c1ccccc1C2=O,CCCCO,1.9105694,val
6674,CCCCNc1ccc(NCCCC)c2c1C(=O)c1ccccc1C2=O,CS(C)=O,1.894423,val
6677,CCCCNc1ccc2c3c(cccc13)C(=O)N(c1ccc(O)cc1)C2=O,CC#N,2.8079531,val
6683,CCCCNc1ccc2n1[B-](F)(F)[N+]1=CC(/C=C/C(=O)OC(C)(C)C)=CC1=C2c1c(C)cc(C)cc1C,ClCCl,2.2738528,val
6686,CCCCOC(=O)/C=C/c1c(C(=O)OC)cc2ccccn12,ClCCl,3.3980966,val
6689,CCCCOC(=O)/C=C/c1nc2c(N(C)C)nc(N(C)C)nc2n1CCCC,ClCCl,3.095604,val
6711,CCCCOc1c2cc(-c3ccc(/C=C(\C#N)C(=O)O)s3)cc1Cc1cc(-c3ccc(/C=C(\C#N)C(=O)O)s3)cc(c1OCCCC)Cc1cc(-c3ccc(/C=C(\C#N)C(=O)O)s3)cc(c1OCCCC)Cc1cc(-c3ccc(/C=C(\C#N)C(=O)O)s3)cc(c1OCCCC)C2,ClC(Cl)Cl,2.9890795,val
6713,CCCCOc1cc(/C=C/c2cc(OC)c(N(CCCC)CCCC)cc2OC)c(OCCCC)cc1/C=C/c1ccnc(-c2cc(C)ccn2)c1,CC#N,2.9810293,val
6716,CCCCOc1cc(/C=C/c2cc(OC)c(N3CCCC3)cc2OC)c(OCCCC)cc1/C=C/c1ccnc(-c2cc(C)ccn2)c1,C1CCOC1,3.0167894,val
6721,CCCCOc1cc(/C=C/c2ccnc(-c3cc(C)ccn3)c2)c(OCCCC)cc1/C=C/c1ccc(N(CCCC)CCCC)cc1,CC#N,3.0290022,val
6724,CCCCOc1cc(C)c(C=Cc2ccc([N+](=O)[O-])cc2[N+](=O)[O-])cc1C,CO,3.0821445,val
6734,CCCCOc1ccc(-c2cc3c(o2)c(-c2ccc(OCCCC)cc2)c2n3[B-](F)(F)[N+]3=Cc4c(-c5ccc(OCCCC)cc5)c5oc(-c6ccc(OCCCC)cc6)cc5n4[B-](F)(F)[N+]3=C2)cc1,ClCCl,2.010994,val
6735,CCCCOc1ccc(-c2ccc(-c3ccc(-c4ccc(/C=C(\C#N)C(=O)O)s4)s3)s2)cc1,ClC(Cl)Cl,2.6429935,val
6751,CCCCOc1ccc(-c2oc3c(-c4ccc(OCCCC)cc4)c4n(c3c2-c2ccc(OCCCC)cc2)[B-](F)(F)[N+]2=Cc3c(-c5ccc(OCCCC)cc5)c5oc(-c6ccc(OCCCC)cc6)c(-c6ccc(OCCCC)cc6)c5n3[B-](F)(F)[N+]2=C4)cc1,C1CCOC1,2.10086,val
6752,CCCCOc1ccc(-c2oc3c(-c4ccc(OCCCC)cc4)c4n(c3c2-c2ccc(OCCCC)cc2)[B-](F)(F)[N+]2=Cc3c(-c5ccc(OCCCC)cc5)c5oc(-c6ccc(OCCCC)cc6)c(-c6ccc(OCCCC)cc6)c5n3[B-](F)(F)[N+]2=C4)cc1,CN(C)C=O,2.0966911,val
6759,CCCCOc1ccc(-c2oc3cc4n(c3c2-c2ccc(OCCCC)cc2)[B-](F)(F)[N+]2=Cc3cc5oc(-c6ccc(OCCCC)cc6)c(-c6ccc(OCCCC)cc6)c5n3[B-](F)(F)[N+]2=C4)cc1,CS(C)=O,2.0858395,val
6761,CCCCOc1ccc(-c2oc3cc4n(c3c2-c2ccc(OCCCC)cc2)[B-](F)(F)[N+]2=Cc3cc5oc(-c6ccc(OCCCC)cc6)c(-c6ccc(OCCCC)cc6)c5n3[B-](F)(F)[N+]2=C4)cc1,ClC(Cl)Cl,2.042061,val
6762,CCCCOc1ccc(-c2oc3cc4n(c3c2-c2ccc(OCCCC)cc2)[B-](F)(F)[N+]2=Cc3cc5oc(-c6ccc(OCCCC)cc6)c(-c6ccc(OCCCC)cc6)c5n3[B-](F)(F)[N+]2=C4)cc1,ClCCl,2.061607,val
6767,CCCCOc1ccc(/C=C/C=C/C=C/c2ccc([N+](=O)[O-])cc2)cc1,Cc1ccccc1,3.0203042,val
6768,CCCCOc1ccc(/C=C/C=C/C=C/c2ccc([N+](=O)[O-])cc2)cc1,ClCCl,3.0195804,val
6769,CCCCOc1ccc(/C=C/c2cc(C)c3n2[B-](F)(F)[N+]2=CC=CC2=C3)cc1,CS(C)=O,2.2348266,val
6773,CCCCOc1ccc(N(c2ccc(/C=C/c3cc(OCC)c(/C=C(/C#N)C(=O)O)cc3OCC)cc2)c2ccc(OCCCC)cc2)cc1,ClCCl,2.6470072,val
6777,CCCCOc1ccc(N(c2ccc(OCCCC)cc2)c2ccc(-c3ccc(/C=C(\C#N)C(=O)O)s3)cc2)cc1,ClC(Cl)Cl,2.684052,val
6778,CCCCOc1ccc(N(c2ccc(OCCCC)cc2)c2ccc(-c3ccc(C=C(C#N)C(=O)O)s3)cc2)cc1,ClC(Cl)Cl,2.6382952,val
6785,CCCCOc1ccc(N(c2ccc(OCCCC)cc2)c2ccc3nc(/C=C(\C#N)C(=O)O)ncc3c2)cc1,ClC(Cl)Cl,2.6560564,val
6789,CCCCOc1ccc2cc(-c3ccc(C)cc3)c(=O)oc2c1,CS(C)=O,3.5379746,val
6793,CCCCSC1=C(SCCCC)SC(=C(C(=C2SC(SCCCC)=C(SCCCC)S2)c2ccc(-c3ccc(/C=C(\C#N)C(=O)O)s3)cc2)c2ccc(-c3ccc(/C=C(\C#N)C(=O)O)s3)cc2)S1,C1CCOC1,2.9149184,val
6798,CCCCSC1=C(SCCCC)SC(=C(C(=C2SC(SCCCC)=C(SCCCC)S2)c2ccc3c(c2)C(CC)(CC)c2cc(-c4ccc(/C=C(\C#N)C(=O)O)s4)ccc2-3)c2ccc3c(c2)C(CC)(CC)c2cc(-c4ccc(/C=C(\C#N)C(=O)O)s4)ccc2-3)S1,C1CCOC1,2.881061,val
6805,CCCC[C@@H](CC)Cn1c2cc(-c3ccc(/C=C(\C#N)C(=O)O)s3)ccc2c2nc3c(-c4ccc(N(c5ccccc5)c5ccccc5)cc4)ccc(-c4ccc(N(c5ccccc5)c5ccccc5)cc4)c3nc21,ClCCl,2.777604,val
6813,CCCC[C@H](CC)CN1c2ccc(/C=C(\C#N)C(=O)O)cc2Sc2cc(/C=C(\C#N)C(=O)O)ccc21,ClCCl,2.6232808,val
6816,CCCC[C@H](CC)CN1c2ccccc2Sc2cc(-c3ccc(/C=C(\C#N)C(=O)O)s3)ccc21,C1CCOC1,2.8486845,val
6823,CCCC[C@H](CC)COc1ccc(-n2c(-c3ccc(-c4ccc(C=C(C#N)C(=O)O)cc4)cc3)cc3c2cc(-c2ccc(-c4ccc(C[C@@H](CC)CCCC)cc4)cc2)n3-c2ccc(OC[C@@H](CC)CCCC)cc2)cc1,ClCCl,2.7635744,val
6833,CCCC[N+]1=C(/C=C2\C(=O)C(/C=C3/N(CC)c4ccccc4C3(C)C)=C2[O-])C(C)(C)c2cc(-c3ccc(/C=C(\C#N)C(=O)O)s3)ccc21,CCO,1.9987526,val
6862,CCCCc1c2ccccc2c(-c2ccc(-c3nc4cc(CC(NC(=O)OC(C)(C)C)C(=O)OC)ccc4o3)cc2)c2ccccc12,N#Cc1ccccc1,3.0597458,val
6866,CCCCc1cc(-c2cccc(COC)c2)oc1-c1cccc(-c2cc(CCCC)c(-c3cccc(-c4oc(-c5cccc(-c6oc(-c7cccc(COC)c7)cc6CCCC)c5)cc4CCCC)c3)o2)c1,ClC(Cl)Cl,3.6648326,val
6874,CCCCc1cc(C(=O)CCC)c2ccc3c(CCCC)cc(N4CCCCC4)c4ccc1c2c34,CN(C)C=O,3.0625565,val
6875,CCCCc1cc(C(=O)CCC)c2ccc3c(CCCC)cc(N4CCCCC4)c4ccc1c2c34,CO,3.0610144,val
6883,CCCCc1cc(C=O)c2ccc3c(CCCC)cc(CCCC)c4ccc1c2c34,OCC(F)(F)F,3.0162086,val
6887,CCCCc1cc(C=O)c2ccc3c(CCCC)cc(N4CCCCC4)c4ccc1c2c34,CCO,2.9466152,val
6893,CCCCc1cc2c3c(c1)-c1ccccc1B(c1c(C)cc(C)cc1C)N3B(c1c(C)cc(C)cc1C)c1ccccc1-2,ClCCl,3.4300747,val
6896,CCCCc1cc2cccc[n+]2[b-]2ccc(-c3cc[b-]4c(c3)c(CCCC)cc3cccc[n+]43)cc21,C1CCCCC1,2.6403425,val
6908,CCCCc1ccc(C#Cc2ccc3nc4ccc(C#Cc5ccc(CCCC)cc5)cn4c(=O)c3c2)cc1,ClCCl,3.3192575,val
6912,CCCCc1ccc(N(c2ccc(CCCC)cc2)c2ccc3c(c2)C(c2ccccc2)(c2ccccc2)c2cc(-c4ccc(C=C(C#N)C(=O)O)cc4)ccc2-3)cc1,ClCCl,2.9059985,val
6915,CCCCc1ccc(N(c2ccc(CCCC)cc2)c2ccc3c(c2)S(=O)(=O)c2cc(N(c4ccc(CCCC)cc4)c4ccc(CCCC)cc4)ccc2-3)cc1,ClC(Cl)Cl,3.0389128,val
6918,CCCCc1ccc2cc3cc4ccccc4cc3cc2c1,ClCCl,2.7744508,val
6920,CCCCc1ccc2ccc3c(C=O)ccc4ccc1c2c43,CC#N,3.1374571,val
6921,CCCCc1ccc2ccc3c(C=O)ccc4ccc1c2c43,CC(C)=O,3.1138194,val
6923,CCCCc1ccc2ccc3c(C=O)ccc4ccc1c2c43,CCO,3.1211383,val
6926,CCCCc1ccc2ccc3c(C=O)ccc4ccc1c2c43,ClC(Cl)Cl,3.0994368,val
6932,CCCCc1ccc2ccc3c(CCCC)ccc4ccc1c2c43,CO,3.5612137,val
6938,CCCCc1coc2cc(O)ccc2c1=O,O,3.6817844,val
6953,CCCCn1c(-c2ccc(-c3ccc(/C=C(\C#N)C(=O)O)s3)cc2)nc2c3cccc4ccc5cccc(c5c43)c21,CN(C)C=O,3.0201187,val
6956,CCCCn1c(-c2ccc(-c3ccc(/C=C(\C#N)C(=O)O)s3)cc2)nc2c3cccc4ccc5cccc(c5c43)c21,ClCCl,3.0247655,val
6962,CCCCn1c(-c2ccc(-c3ccc(C(=O)OCC)cc3)s2)nc2c3cccnc3c3ncccc3c21,ClCCl,3.5167153,val
6964,CCCCn1c(-c2ccc(-c3ccc(C=O)s3)s2)nc2c3cccnc3c3ncccc3c21,ClCCl,3.1956496,val
6972,CCCCn1c(-c2ccc(-c3nnc(-c4ccc(-c5nc6ccccc6n5CCCC)cc4)o3)cc2)nc2ccccc21,ClCCl,3.5209682,val
6984,CCCCn1c(-c2ccc(N(c3ccccc3)c3ccccc3)cc2)nc2c(-c3ccc(N(c4ccccc4)c4ccccc4)cc3)ccc(-c3ccc(-c4ccc(C=C(C#N)C(=O)O)s4)s3)c21,C1CCOC1,2.9068623,val
6986,CCCCn1c(-c2ccc3c(c2)C(CC)(CC)c2cc(-c4ccc(-c5ccc(/C=C(\C#N)C(=O)O)s5)s4)ccc2-3)nc2c3cccc4ccc5cccc(c5c43)c21,CC#N,2.917562,val
7007,CCCCn1c2cc(-c3ccc(-c4ccc(/C=C(\C#N)C(=O)O)s4)s3)ccc2c2ccc(-n3c4ccc(C(C)(C)C)cc4c4cc(C(C)(C)C)ccc43)cc21,CN(C)C=O,2.6848688,val
7012,CCCCn1c2cc(-c3ccc(-c4ccc(/C=C(\C#N)C(=O)O)s4)s3)ccc2c2ccc(-n3c4ccccc4c4ccccc43)cc21,CCO,2.6805558,val
7013,CCCCn1c2cc(-c3ccc(-c4ccc(/C=C(\C#N)C(=O)O)s4)s3)ccc2c2ccc(-n3c4ccccc4c4ccccc43)cc21,CN(C)C=O,2.7542684,val
7015,CCCCn1c2cc(-c3ccc(-c4ccc(/C=C(\C#N)C(=O)O)s4)s3)ccc2c2ccc(-n3c4ccccc4c4ccccc43)cc21,ClC(Cl)Cl,2.6092255,val
7017,CCCCn1c2cc(-c3ccc(-c4ccc(/C=C(\C#N)C(=O)O)s4)s3)ccc2c2ccc(N(c3ccc(-c4ccc5c(c4)C(CC)(CC)c4ccccc4-5)cc3)c3ccc(-c4ccc5c(c4)C(CC)(CC)c4ccccc4-5)cc3)cc21,ClCCl,2.5663285,val
7028,CCCCn1c2cc(-c3ccc(-c4cncc(-c5ccc(-c6ccc7c8ccc(N(c9ccccc9)c9ccccc9)cc8n(CCCC)c7c6)s5)c4)s3)ccc2c2ccc(N(c3ccccc3)c3ccccc3)cc21,C1COCCO1,3.06019,val
7032,CCCCn1c2cc(-c3ccc(/C=C(\C#N)C(=O)O)s3)ccc2c2ccc(-n3c4ccc(C(C)(C)C)cc4c4cc(C(C)(C)C)ccc43)cc21,Cc1ccccc1,2.8716629,val
7033,CCCCn1c2cc(-c3ccc(/C=C(\C#N)C(=O)O)s3)ccc2c2ccc(-n3c4ccc(C(C)(C)C)cc4c4cc(C(C)(C)C)ccc43)cc21,ClC(Cl)Cl,2.822701,val
7036,CCCCn1c2cc(-c3ccc(/C=C(\C#N)C(=O)O)s3)ccc2c2ccc(-n3c4ccccc4c4ccccc43)cc21,CC#N,2.9681506,val
7037,CCCCn1c2cc(-c3ccc(/C=C(\C#N)C(=O)O)s3)ccc2c2ccc(-n3c4ccccc4c4ccccc43)cc21,CCO,2.9349785,val
7039,CCCCn1c2cc(-c3ccc(/C=C(\C#N)C(=O)O)s3)ccc2c2ccc(-n3c4ccccc4c4ccccc43)cc21,Cc1ccccc1,2.931791,val
7043,CCCCn1c2cc(-c3ccc(/C=C(\C#N)C(=O)O)s3)ccc2c2ccc(N(c3ccc4c(c3)C(CC)(CC)c3ccccc3-4)c3ccc4c(c3)C(CC)(CC)c3ccccc3-4)cc21,ClCCl,2.5602312,val
7045,CCCCn1c2cc(-c3ccc(/C=C(\C#N)C(=O)O)s3)ccc2c2ccc(N(c3ccccc3)c3ccccc3)cc21,ClCCl,2.727916,val
7053,CCCCn1c2cc(-c3ccc(O)c(O)c3)ccc2c2ccc(N(c3ccccc3)c3ccccc3)cc21,C1CCOC1,3.410788,val
7059,CCCCn1c2cc(/C=C(\C#N)C(=O)O)ccc2c2ccc(-n3c4ccccc4c4ccccc43)cc21,CCO,3.085847,val
7069,CCCCn1c2ccc(-c3ccc(-c4ccncc4)s3)cc2c2cc(-c3ccc(-c4ccc(O)c(O)c4)s3)ccc21,C1COCCO1,3.3317456,val
7073,CCCCn1c2ccc(-c3ccc(/C=C(\C#N)C(=O)O)s3)cc2c2cc(-c3ccc(-c4ccc(OC)cc4)s3)ccc21,ClCCl,2.9115803,val
7075,CCCCn1c2ccc(-c3ccc(C(F)(F)F)cc3)cc2c2ccc3c4cc(-c5ccc(C(F)(F)F)cc5)ccc4n(CCCC)c3c21,ClC(Cl)Cl,3.7810302,val
7077,CCCCn1c2ccc(-c3ccc(C=O)cc3)cc2c2cc(-c3ccc(C=O)cc3)ccc21,CC#N,3.5110388,val
7096,CCCCn1c2ccc(/C=C(\C#N)c3ccc([N+](=O)[O-])cc3)cc2c2cc(Cn3c(-c4ccc5c(c4)c4ccccc4n5CCCC)nc4ccccc43)ccc21,C1CCOC1,3.107706,val
7100,CCCCn1c2ccc(/C=C(\C#N)c3ccc([N+](=O)[O-])cc3)cc2c2cc(Cn3c(-c4ccc5c(c4)c4ccccc4n5CCCC)nc4ccccc43)ccc21,CN(C)C=O,3.1065967,val
7103,CCCCn1c2ccc(/C=C(\C#N)c3ccc([N+](=O)[O-])cc3)cc2c2cc(Cn3c(-c4ccc5c(c4)c4ccccc4n5CCCC)nc4ccccc43)ccc21,c1ccccc1,3.0901492,val
7111,CCCCn1c2ccc(C=C3SC(=O)NC3=O)cc2c2cc(C=C3SC(=O)NC3=O)ccc21,C1CCOC1,3.107361,val
7112,CCCCn1c2ccc(C=CC(=O)O)cc2c2cc(C=CC3=CC(=C(C#N)C#N)C=C(C=Cc4ccc5c(c4)c4cc(C=CC(=O)O)ccc4n5CC(C)CC)O3)ccc21,CN(C)C=O,2.7369235,val
7114,CCCCn1c2ccc(C=CC(=O)O)cc2c2cc(C=CC3=CC(=C4C(=O)N(CC)C(=S)N(CC)C4=O)C=C(C=Cc4ccc5c(c4)c4cc(C=CC(=O)O)ccc4n5CC(C)CC)O3)ccc21,CN(C)C=O,2.3683612,val
7123,CCCCn1c2ccccc2c2c1c1c3ccccc3n(CCCC)c1c1c3ccccc3n(CCCC)c21,C1CCOC1,4.175647,val
7138,CCCCn1c2ccccc2c2ccc3c4cc(-c5ccc6ccccc6c5)ccc4n(CCCC)c3c21,ClC(Cl)Cl,3.7034264,val
7140,CCCCn1c2ccccc2c2ccc3c4cc(-c5ccccc5)ccc4n(CCCC)c3c21,ClC(Cl)Cl,3.7090073,val
7143,CCCCn1nc2c(-c3ccc(/C=C(\C#N)C(=O)O)cc3)c3nc(-c4ccccc4)c(-c4ccccc4)nc3c(-c3ccc(N(c4ccccc4)c4ccccc4)cc3)c2n1,C1CCOC1,2.3888657,val
7144,CCCCn1nc2c(-c3ccc(/C=C(\C#N)C(=O)O)cc3)ccc(-c3ccc(N(c4ccccc4)c4ccccc4)cc3)c2n1,C1CCOC1,2.9927824,val
7154,CCCN(CCC)c1ccc(-c2c3c(n4ccc(C(C)=O)cc24)C(=O)N(CCNC(=O)OC(C)(C)C)C3)cc1,ClCCl,2.9159265,val
7169,CCCN1C(=O)c2c3c(c4c(c2C1=O)CCc1cc(-c2ccc(N(C)C)cc2)c(OC)cc1-4)-c1cc(OC)c(-c2ccc(N(C)C)cc2)cc1CC3,C1CCCCC1,3.0667942,val
7170,CCCN1C(=O)c2c3c(c4c(c2C1=O)CCc1cc(-c2ccc(N(C)C)cc2)c(OC)cc1-4)-c1cc(OC)c(-c2ccc(N(C)C)cc2)cc1CC3,C1CCOC1,3.0565686,val
7176,CCCN1c2ccccc2Sc2cc(/C=C\c3cc(=O)oc4cc(C)c(Cl)cc34)ccc21,ClC(Cl)Cl,2.9712815,val
7177,CCCN1c2ccccc2Sc2cc(/C=C\c3cc(=O)oc4cc(C)ccc34)ccc21,ClC(Cl)Cl,2.977723,val
7180,CCCN1c2ccccc2Sc2cc(/C=C\c3cc(=O)oc4ccc(C)cc34)ccc21,ClC(Cl)Cl,2.9676628,val
7182,CCCN1c2ccccc2Sc2cc(C#CC3=C4C=CC=[N+]4[B-](F)(F)n4cccc43)ccc21,ClCCl,2.3977442,val
7184,CCCN1c2ccccc2Sc2cc(C=Cc3cc(=O)oc4c(O)c(O)ccc34)ccc21,ClC(Cl)Cl,2.8796046,val
7189,CCCN1c2ccccc2Sc2cc(C=Cc3cc(=O)oc4ccccc34)ccc21,ClC(Cl)Cl,3.0036268,val
7198,CCCOC1Cc2cc(/C=N/N(c3ccccc3)c3ccc(C=C(C#N)C(=O)O)cc3)ccc2N(c2ccccc2)C1,C1CCOC1,2.8141053,val
7205,CCCOc1cc2c(C(C)(C)C)c(c1)Cc1cc(OCCCCC(=O)OCc3cc(-c4ccc(/C=C(\C#N)C(=O)O)s4)sc3-c3ccc(N(c4ccccc4)c4ccccc4)cc3)cc(c1C(C)(C)C)Cc1cc(OCCC)cc(c1C(C)(C)C)Cc1cc(OCCCCC(=O)OCc3cc(-c4ccc(C=C(C#N)C(=O)O)s4)sc3-c3ccc(N(c4ccccc4)c4ccccc4)cc3)cc(c1C(C)(C)C)C2,C1CCOC1,2.7268724,val
7213,CCCOc1ccc(/C=C/C=C/C=C/c2ccc([N+](=O)[O-])cc2)cc1,CC1CCCCC1,3.033165,val
7214,CCCOc1ccc(/C=C/C=C/C=C/c2ccc([N+](=O)[O-])cc2)cc1,Cc1ccccc1,3.0188112,val
7230,CCCSc1cc(-c2ccccn2)nc(-c2cc(SCCC)cc(-c3cc(SCCC)cc(-c4cccc(-c5cc(SCCC)cc(-c6cc(SCCC)cc(-c7cc(SCCC)cc(-c8ccccn8)n7)n6)n5)n4)n3)n2)c1,CC#N,2.8436465,val
7231,CCCSc1ccc2n1[B-](F)(F)[N+]1=C(SC#N)C=CC1=C2c1ccccc1,CC#N,2.357448,val
7235,CCCSc1ccc2n1[B-](F)(F)[N+]1=C(SC#N)C=CC1=C2c1ccccc1,ClCCl,2.3402252,val
7252,CCCc1c(CCC)c(CCC)n2c(c1CCC)c(C=O)c1cc(OC)ccc12,CS(C)=O,2.8600416,val
7254,CCCc1c(CCC)c(CCC)n2c(c1CCC)c(C=O)c1ccccc12,CS(C)=O,2.9623353,val
7270,CCCn1c(=O)c(/C=C/c2nc3ccc(C)cc3n(CCC)c2=O)nc2ccc(C)cc21,ClCCl,2.8142323,val
7271,CCCn1c(N=Nc2ccc3ncsc3c2)ccc1-c1cccs1,CS(C)=O,2.5112975,val
7295,CCN(CC)C(=O)c1ccc2ccc3c(N4CCCCC4)ccc4ccc1c2c43,CS(C)=O,3.3547847,val
7305,CCN(CC)c1cc(F)c(C(=O)c2cc(F)c(F)cc2F)cc1F,CCO,3.4135122,val
7312,CCN(CC)c1cc2ccc3cc(C#N)cc4ccc(c1)c2c34,CCCCCC,3.143626,val
7317,CCN(CC)c1cc2sc3cc(N(CC)CC)c(F)cc3c(=O)c2cc1F,CCO,3.0095992,val
7318,CCN(CC)c1ccc(-c2c3c(n4c2ccc2oc(-c5ccc(C#N)cc5)cc24)C(=O)N(CCCNC(=O)OC(C)(C)C)C3)cc1,ClCCl,2.891076,val
7328,CCN(CC)c1ccc(-c2cc3c(s2)c(C(=O)OC)cc(=O)n3C)cc1,CCO,2.8738232,val
7353,CCN(CC)c1ccc(-c2nc3c(c4c2-c2ccccc2CC4)-c2ccccc2CC3)cc1,CC#N,3.4617543,val
7354,CCN(CC)c1ccc(-c2nc3c(c4c2-c2ccccc2CC4)-c2ccccc2CC3)cc1,CCCCCC,3.4769826,val
7357,CCN(CC)c1ccc(-c2nc3c(c4c2-c2ccccc2CC4)-c2ccccc2CC3)cc1,CS(C)=O,3.4057627,val
7361,CCN(CC)c1ccc(-c2nc3c4ccccc4n(C)c3nc2-c2ccc(B(c3c(C)cc(C)cc3C)c3c(C)cc(C)cc3C)cc2)cc1,C1CCOC1,3.0859017,val
7367,CCN(CC)c1ccc(-c2nc3ccc(-n4nc5ccc6ccccc6c5n4)cc3[nH]2)c(O)c1,CS(C)=O,3.2551444,val
7375,CCN(CC)c1ccc(-c2oc3ccccc3c(=O)c2OC)cc1,CC(C)OC(C)C,3.163773,val
7377,CCN(CC)c1ccc(-c2oc3ccccc3c(=O)c2OC)cc1,CCCCCC,3.163563,val
7379,CCN(CC)c1ccc(-c2oc3ccccc3c(=O)c2OC)cc1,CCCCO,3.1515536,val
7384,CCN(CC)c1ccc(-c2oc3ccccc3c(=O)c2OC)cc1,Cc1ccccc1,3.1471336,val
7389,CCN(CC)c1ccc(-n2c(C)ccc2C)cc1,CC#N,4.2259197,val
7392,CCN(CC)c1ccc(-n2cccc2)cc1,CCCCCC,3.9891162,val
7407,CCN(CC)c1ccc(/C=C/c2cc(/C=C/c3ccc(N(CC)CC)cc3)nc(N)n2)cc1,Cc1ccccc1,3.043176,val
7408,CCN(CC)c1ccc(/C=C/c2cc(/C=C/c3ccc(N(CC)CC)cc3)nc(N)n2)cc1,ClC(Cl)Cl,3.0214632,val
7425,CCN(CC)c1ccc(/C=C2\SC(=S)N(CC(=O)O)C2=O)c(O)c1,CN(C)C=O,2.6030002,val
7438,CCN(CC)c1ccc(/C=N/Nc2ccc(C#N)cc2)c(O)c1,CC#N,3.3098786,val
7439,CCN(CC)c1ccc(/C=N/Nc2ccc(C#N)cc2)c(O)c1,CCCCCC,3.3241131,val
7448,CCN(CC)c1ccc(/C=N/c2cc3nc4ccccc4nc3cc2/N=C/c2ccc(N(CC)CC)cc2O)c(O)c1,ClCCl,2.6473193,val
7462,CCN(CC)c1ccc(/N=N/c2nc3ccc(OC)cc3s2)cc1,CC#N,2.3219948,val
7463,CCN(CC)c1ccc(/N=N/c2nc3ccc(OC)cc3s2)cc1,ClCCl,2.2953854,val
7474,CCN(CC)c1ccc(C2=C3C(C)=CC(/C=C/c4ccc(OCC(=O)OC)cc4)=[N+]3[B-](F)(F)n3c(C)cc(C)c32)cc1,CO,2.1603742,val
7475,CCN(CC)c1ccc(C2=C3C(C)=CC(/C=C/c4ccc(OCCCN=[N+]=[N-])cc4)=[N+]3[B-](F)(F)n3c(C)cc(C)c32)cc1,CO,2.1953044,val
7476,CCN(CC)c1ccc(C2=C3C(C)=CC(C)=[N+]3[B-](F)(F)n3c(C)cc(C)c32)cc1,CO,2.4056516,val
7478,CCN(CC)c1ccc(C=C(C#N)c2ccc(-c3nc4ccc(C(=O)O)cc4[nH]3)s2)cc1,CN(C)C=O,2.5869248,val
7479,CCN(CC)c1ccc(C=C(C#N)c2ccc(C=C(C#N)C(=O)O)s2)cc1,C1CCOC1,2.500247,val
7483,CCN(CC)c1ccc(C=CC(=O)O)cc1,CCO,3.1888986,val
7491,CCN(CC)c1ccc(C=Cc2ccn3cc(-c4ccccc4)nc3c2)cc1,O=C(O)C(F)(F)F,2.7152188,val
7494,CCN(CC)c1ccc(C=Cc2nc3nc4ccccc4nc3s2)cc1,CO,2.5266695,val
7497,CCN(CC)c1ccc(N=Nc2ccc([N+](=O)[O-])cc2[N+](=O)[O-])cc1,CC#N,2.5423982,val
7507,CCN(CC)c1ccc(Nc2cc3oc(-c4ccc(C#N)cc4)nc3c3ccccc23)cc1,CC(C)=O,3.0595376,val
7515,CCN(CC)c1ccc(OC)c(C=O)c1,CS(C)=O,2.9782224,val
7524,CCN(CC)c1ccc([N+]2=Cc3ccc4c5c(ccc4c3O[B-]2(c2ccccc2)c2ccccc2)C=[N+](c2ccc(N(CC)CC)cc2)[B-](c2ccccc2)(c2ccccc2)O5)cc1,ClCCl,2.11311,val
7528,CCN(CC)c1ccc([N+]2=Cc3ccc4c5c(ccc4c3O[B-]2(c2ccccc2)c2ccccc2)C=[N+](c2ccc([N+](=O)[O-])cc2)[B-](c2ccccc2)(c2ccccc2)O5)cc1,Cc1ccccc1,2.1855698,val
7540,CCN(CC)c1ccc2c(/C=C/C=C/C=C3\N(CCCCCC(=O)O)c4ccc(S(=O)(=O)[O-])cc4C3(C)C)cc(C(C)(C)C)[o+]c2c1,CCO,1.8581045,val
7542,CCN(CC)c1ccc2c(/C=C/C=C3\N(CCCCCS(=O)(=O)O)c4ccc(S(=O)(=O)[O-])cc4C3(C)CCCC(=O)O)cc(C(C)(C)C)[o+]c2c1,CCO,1.8398081,val
7543,CCN(CC)c1ccc2c(C#N)c(/C=C(\C#N)c3nc4ccccc4o3)c(=O)oc2c1,C1COCCO1,2.1345134,val
7545,CCN(CC)c1ccc2c(C#N)c(/C=C(\C#N)c3nc4ccccc4o3)c(=O)oc2c1,CCO,2.1346343,val
7548,CCN(CC)c1ccc2c(C#N)c(/C=C(\C#N)c3nc4ccccc4o3)c(=O)oc2c1,CO,2.1435485,val
7552,CCN(CC)c1ccc2c(C#N)c(/C=C(\C#N)c3nc4ccccc4s3)c(=O)oc2c1,C1COCCO1,2.1585984,val
7553,CCN(CC)c1ccc2c(C#N)c(/C=C(\C#N)c3nc4ccccc4s3)c(=O)oc2c1,CC#N,2.1557336,val
7556,CCN(CC)c1ccc2c(C#N)c(/C=C(\C#N)c3nc4ccccc4s3)c(=O)oc2c1,CN(C)C=O,2.1354551,val
7558,CCN(CC)c1ccc2c(C#N)c(/C=C(\C#N)c3nc4ccccc4s3)c(=O)oc2c1,Cc1ccccc1,2.104447,val
7565,CCN(CC)c1ccc2c(C(C)(C)C)cc(/C=C/C=C3/N(CCCCCC(=O)O)c4ccc(S(=O)(=O)[O-])cc4C3(C)C)[o+]c2c1,CCO,1.8020879,val
7570,CCN(CC)c1ccc2c(C(F)(F)F)cc(=O)oc2c1,ClCCl,3.1860971,val
7585,CCN(CC)c1ccc2c(O)c(N=Nc3ccc(OC)cc3)c(=O)oc2c1,CO,2.7697403,val
7592,CCN(CC)c1ccc2c(c1)C(C)(C)c1cc(-c3oc4ccccc4c(=O)c3OC)ccc1-2,CC#N,3.027387,val
7594,CCN(CC)c1ccc2c(c1)C(C)(C)c1cc(-c3oc4ccccc4c(=O)c3OC)ccc1-2,CC(C)O,3.0333984,val
7604,CCN(CC)c1ccc2c(c1)C(C)(C)c1cc(-c3oc4ccccc4c(=O)c3OC)ccc1-2,CN(C)C=O,3.028173,val
7610,CCN(CC)c1ccc2c(c1)C(C)(C)c1cc(-c3oc4ccccc4c(=O)c3OC)ccc1-2,ClCCl,3.0256245,val
7623,CCN(CC)c1ccc2c(c1)O/C(=C/C=C1/C(=O)N(CCCCCC(=O)O)C(=O)N(CCCS(=O)(=O)O)C1=O)C=C2c1cc(S(=O)(=O)O)c(OC)cc1C,CCO,2.2656393,val
7624,CCN(CC)c1ccc2c(c1)O/C(=C/CC1C(=O)N(CCCCCC(=O)O)C(=O)N(CCCS(=O)(=O)O)C1=O)C(C)=C2c1cccc(C(=O)O)c1,CCO,2.8460207,val
7626,CCN(CC)c1ccc2c(c1)OC1=NC(c3ccc(C(=O)O)cc3)n3c(nc4ccccc43)C1=C2,CS(C)=O,2.7193842,val
7637,CCN(CC)c1ccc2c(c1)oc(=O)c1c(=O)oc3cc(C#Cc4ccc(N(C)C)cc4)ccc3c12,ClCCl,2.7126868,val
7638,CCN(CC)c1ccc2c(c1)oc(=O)c1c(=O)oc3cc([N+](=O)[O-])ccc3c12,CS(C)=O,2.6061542,val
7640,CCN(CC)c1ccc2c(c1)oc(=O)c1c(C)nc3c(c(-c4ccccc4)nn3-c3ccccc3)c12,ClCCl,2.9239657,val
7644,CCN(CC)c1ccc2c(c1)oc(=O)c1cc3c(-c4ccccc4)nn(-c4ccccc4)c3nc12,ClCCl,2.859727,val
7646,CCN(CC)c1ccc2c(c1)oc(=O)c1cc3c(C)nn(-c4ccccc4)c3nc12,ClCCl,2.9839337,val
7656,CCN(CC)c1ccc2cc(-c3cc(SC)c(C#N)c(=O)o3)c(=O)oc2c1,CCOC(C)=O,2.3807998,val
7657,CCN(CC)c1ccc2cc(-c3cc(SC)c(C#N)c(=O)o3)c(=O)oc2c1,CN(C)C=O,2.357941,val
7658,CCN(CC)c1ccc2cc(-c3cc(SC)c(C#N)c(=O)o3)c(=O)oc2c1,CO,2.3850598,val
7670,CCN(CC)c1ccc2cc(-c3ccc(C(F)(F)F)cc3)oc(=O)c2c1,CCCCCC,3.2792845,val
7671,CCN(CC)c1ccc2cc(-c3ccc(C(F)(F)F)cc3)oc(=O)c2c1,CCCCO,3.2621574,val
7675,CCN(CC)c1ccc2cc(-c3ccc(C(F)(F)F)cc3)oc(=O)c2c1,CN(C)C=O,3.2612474,val
7680,CCN(CC)c1ccc2cc(-c3ccc(S(C)(=O)=O)cc3)oc(=O)c2c1,CCCCO,3.2871456,val
7682,CCN(CC)c1ccc2cc(-c3ccc(S(C)(=O)=O)cc3)oc(=O)c2c1,CCO,3.2747235,val
7683,CCN(CC)c1ccc2cc(-c3ccc(S(C)(=O)=O)cc3)oc(=O)c2c1,CCOC(C)=O,3.300498,val
7694,CCN(CC)c1ccc2cc(-c3csc(NC(C)=O)c3C#N)c(=O)oc2c1,Cc1ccccc1,3.1062415,val
7697,CCN(CC)c1ccc2cc(-c3nc4cc(C(=O)Nc5ccc(C)cc5[N+](=O)[O-])ccc4o3)c(=O)oc2c1,ClCCl,2.757244,val
7698,CCN(CC)c1ccc2cc(-c3nc4cc(C(=O)Nc5cccc(C)c5)ccc4o3)c(=O)oc2c1,ClCCl,2.8129628,val
7707,CCN(CC)c1ccc2cc(-c3nc4ccccc4s3)c(=O)oc2c1,CCO,2.8951359,val
7709,CCN(CC)c1ccc2cc(-c3oc4ccccc4c(=O)c3OC)oc2c1,Brc1ccccc1,2.7688475,val
7721,CCN(CC)c1ccc2cc(-c3oc4ccccc4c(=O)c3OC)oc2c1,CCN(CC)CC,2.8451426,val
7727,CCN(CC)c1ccc2cc(-c3oc4ccccc4c(=O)c3OC)oc2c1,Cc1ccccc1,2.793455,val
7728,CCN(CC)c1ccc2cc(-c3oc4ccccc4c(=O)c3OC)oc2c1,ClC(Cl)(Cl)Cl,2.765811,val
7733,CCN(CC)c1ccc2cc(/C(Cl)=C/C=C/C(=C(C#N)C#N)c3ccc(N(c4ccccc4)c4ccccc4)cc3)c(=O)oc2c1,CCOC(C)=O,2.4185634,val
7740,CCN(CC)c1ccc2cc(/C(Cl)=C/C=C/C(=C(C#N)C#N)c3ccc4c(c3)c3ccccc3n4CC)c(=O)oc2c1,CS(C)=O,2.356588,val
7750,CCN(CC)c1ccc2cc(/C=C(\C#N)c3nc4ccccc4o3)c(=O)oc2c1,Cc1ccccc1,2.3490725,val
7767,CCN(CC)c1ccc2cc(/C=C/C(=C(C#N)C#N)c3ccc4c(c3)c3ccccc3n4CC)c(=O)oc2c1,CCOC(C)=O,2.4312675,val
7780,CCN(CC)c1ccc2cc(/C=C/C(=O)/C=C(O)/C=C/c3cc4ccc(N(CC)CC)cc4oc3=O)c(=O)oc2c1,ClC(Cl)Cl,2.347013,val
7783,CCN(CC)c1ccc2cc(/C=C/C(=O)c3cc4ccc(N(CC)CC)cc4oc3=O)c(=O)oc2c1,C1COCCO1,2.4743795,val
7785,CCN(CC)c1ccc2cc(/C=C/C(=O)c3cc4ccc(N(CC)CC)cc4oc3=O)c(=O)oc2c1,CC(C)=O,2.47823,val
7794,CCN(CC)c1ccc2cc(/C=C/C(O)=C/C(C)=O)c(=O)oc2c1,CC(C)=O,2.7877033,val
7797,CCN(CC)c1ccc2cc(/C=C/C(O)=C/C(C)=O)c(=O)oc2c1,CS(C)=O,2.7311823,val
7800,CCN(CC)c1ccc2cc(/C=C/C(O)=C/C(C)=O)c(=O)oc2c1,ClCCl,2.7191482,val
7801,CCN(CC)c1ccc2cc(/C=C/C(O)=C3\CC/C(=C\c4cc5ccc(N(CC)CC)cc5oc4=O)C3=O)c(=O)oc2c1,C1COCCO1,2.321289,val
7807,CCN(CC)c1ccc2cc(/C=C/C(O)=C3\CC/C(=C\c4cc5ccc(N(CC)CC)cc5oc4=O)C3=O)c(=O)oc2c1,Cc1ccccc1,2.271123,val
7812,CCN(CC)c1ccc2cc(/C=C/C3=C4CC/C(=C\c5cc6ccc(N(CC)CC)cc6oc5=O)C4=[O+][B-](F)(F)O3)c(=O)oc2c1,CCOC(C)=O,1.9097112,val
7814,CCN(CC)c1ccc2cc(/C=C/C3=C4CC/C(=C\c5cc6ccc(N(CC)CC)cc6oc5=O)C4=[O+][B-](F)(F)O3)c(=O)oc2c1,CS(C)=O,1.8882371,val
7818,CCN(CC)c1ccc2cc(/C=C/C3=CC(/C=C/c4cc5ccc(N(CC)CC)cc5oc4=O)=[O+][B-](F)(F)O3)c(=O)oc2c1,CC#N,2.13372,val
7819,CCN(CC)c1ccc2cc(/C=C/C3=CC(/C=C/c4cc5ccc(N(CC)CC)cc5oc4=O)=[O+][B-](F)(F)O3)c(=O)oc2c1,CC(C)=O,2.1384456,val
7824,CCN(CC)c1ccc2cc(/C=C/C3=CC(/C=C/c4cc5ccc(N(CC)CC)cc5oc4=O)=[O+][B-](F)(F)O3)c(=O)oc2c1,ClC(Cl)Cl,2.0851753,val
7825,CCN(CC)c1ccc2cc(/C=C/C3=CC(/C=C/c4cc5ccc(N(CC)CC)cc5oc4=O)=[O+][B-](F)(F)O3)c(=O)oc2c1,ClCCl,2.101617,val
7828,CCN(CC)c1ccc2cc(/C=C/c3ccc(N(c4ccc(/C=C/c5cc6ccc(N(CC)CC)cc6oc5=O)cc4)c4ccc(-c5ccc(-c6ccc(/C=C(\C#N)C(=O)O)s6)s5)cc4)cc3)c(=O)oc2c1,ClCCl,2.4541454,val
7831,CCN(CC)c1ccc2cc(/C=C/c3ccc([N+](=O)[O-])cc3)c(=O)oc2c1,CC#N,2.6239357,val
7833,CCN(CC)c1ccc2cc(/C=C/c3cccc[n+]3CCCS(=O)(=O)[O-])c(=O)oc2c1,CC#N,2.527979,val
7846,CCN(CC)c1ccc2cc(C#N)/c(=N\C(=O)c3ccccc3)oc2c1,CCO,2.858264,val
7848,CCN(CC)c1ccc2cc(C#N)/c(=N\C(=O)c3ccco3)oc2c1,CCO,2.8009913,val
7852,CCN(CC)c1ccc2cc(C#N)c(=N)oc2c1,ClCCl,2.948895,val
7853,CCN(CC)c1ccc2cc(C#N)c(=O)oc2c1,ClCCl,2.8747592,val
7857,CCN(CC)c1ccc2cc(C=CC(=O)c3c(O)c4ccccc4n(C)c3=O)c(=O)oc2c1,CO,2.6649272,val
7858,CCN(CC)c1ccc2cc(C=CC(=O)c3c(O)c4ccccc4oc3=O)c(=O)oc2c1,ClCCl,2.6906433,val
7860,CCN(CC)c1ccc2cc(C=CC3=[O+][B-](F)(F)Oc4c3c(=O)oc3ccccc43)c(=O)oc2c1,CO,2.339226,val
7863,CCN(CC)c1ccc2cc3cc(-c4ccc(C#N)cc4)n(CCCC(=O)OCc4ccccc4)c(=O)n3c2c1,CCO,2.9012618,val
7867,CCN(CC)c1ccc2cc3cc(-c4ccc(C(F)(F)F)cc4)n(CCCC(=O)OCc4ccccc4)c(=O)n3c2c1,CN(C)C=O,3.108295,val
7871,CCN(CC)c1ccc2ccc(=O)oc2c1,CCCCCCC,3.3676376,val
7877,CCN(CC)c1ccc2nc3c4cc(C5=CC(C)(C)NC5(C)C)ccc4c(=O)cc-3oc2c1,C1COCCO1,2.2595174,val
7881,CCN(CC)c1ccc2nc3c4ccccc4c(=O)cc-3oc2c1,CCCCCC,2.3190978,val
7895,CCN(CC)c1cccc(C=O)c1,ClCCl,3.2582653,val
7896,CCN(CC)c1cccc2c1ccc1c(=O)oc(-c3ccc(C(F)(F)F)cc3)cc12,CC(C)=O,3.2530453,val
7897,CCN(CC)c1cccc2c1ccc1c(=O)oc(-c3ccc(C(F)(F)F)cc3)cc12,CCCCCC,3.2725618,val
7899,CCN(CC)c1cccc2c1ccc1c(=O)oc(-c3ccc(C(F)(F)F)cc3)cc12,CCCCO,3.252361,val
7901,CCN(CC)c1cccc2c1ccc1c(=O)oc(-c3ccc(C(F)(F)F)cc3)cc12,CCO,3.2379088,val
7908,CCN(CC)c1nc(-c2ccc(C)cc2)c(-c2ccc([N+](=O)[O-])s2)s1,CS(C)=O,2.5229673,val
7909,CCN(CC)c1nc(-c2ccc(C)cc2)c(-c2ccc([N+](=O)[O-])s2)s1,Cc1ccccc1,2.543418,val
7914,CCN(CC)c1nc(-c2ccccc2)c(-c2ccc([N+](=O)[O-])s2)s1,CC#N,2.537757,val
7915,CCN(CC)c1nc(-c2ccccc2)c(-c2ccc([N+](=O)[O-])s2)s1,CCCCCC,2.5646677,val
7918,CCN(CC)c1nc(-c2ccccc2)c(-c2ccc([N+](=O)[O-])s2)s1,ClCCl,2.494262,val
7920,CCN(CCCS(=O)(=O)O)c1ccc2c(/C=C/C=C3\N(CCCCCS(=O)(=O)O)c4ccc(S(=O)(=O)[O-])cc4C3(C)CCCC(=O)O)cc(C(C)(C)C)[o+]c2c1,CCO,1.8412886,val
7922,CCN(CCCS(=O)(=O)[O-])c1ccc2nc3cc/c(=[N+](/C)CCC(=O)O)cc-3oc2c1,CCO,1.7491776,val
7929,CCN1/C(=C\C2=C([O-])/C(=C/C3=[N+](CC)c4c(ccc5ccc(C)nc45)C3(C)C)C2=O)C(C)(C)c2ccc3ccc(C)nc3c21,C1CCOC1,1.8276063,val
7954,CCN1C(=O)/C(=c2\c(=Cc3ccc4c(c3)C3CCCC3N4c3ccc(CO)cc3)sc(=O)n2CC(=O)O)SC1=S,CS(C)=O,2.2098482,val
7960,CCN1C(=O)/C(=c2\s/c(=C\c3ccc4c(c3)C3CCCC3N4c3ccc(C=C(c4ccccc4)c4ccccc4)cc3)c(=O)n2CC(=O)O)SC1=S,CC(C)(C)O,2.3853889,val
7971,CCN1C(=O)/C(=c2\s/c(=C\c3ccc4sc(-c5ccc6c(c5)CCN6c5ccc(C=C(c6ccccc6)c6ccccc6)cc5)nc4c3)c(=O)n2CC(=O)O)SC1=S,ClCCl,2.437267,val
7981,CCN1C(=O)C(=CC=CC=c2c3cccc4cccc(c43)n2Cc2ccccc2)C(=O)N(CC)C1=S,Cc1ccccc1,1.9262571,val
7987,CCN1C(=O)C(=Cc2ccc(-c3sc(N(c4ccccc4)c4ccccc4)nc3-c3ccccc3)s2)C(=O)N(CC)C1=S,Cc1ccccc1,2.2477906,val
7988,CCN1C(=O)C(=Cc2ccc(-c3sc(N(c4ccccc4)c4ccccc4)nc3-c3ccccc3)s2)C(=O)N(CC)C1=S,ClCCl,2.2638109,val
7991,CCN1C(=O)C(C2C(=O)c3c4ccccc4cc4cc5ccccc5c2c34)C(=O)N(CC)C1=S,ClCCl,2.573598,val
7997,CCN1CCN(CC)c2cc3oc(=O)c(-c4nc5ccccc5s4)cc3cc21,CO,2.5666752,val
7999,CCN1CCN(CC)c2cc3oc(=O)c(C(=O)C=Cc4ccccc4)cc3cc21,CCCCCC,2.6850276,val
8002,CCN1CCN(c2ccc(/N=N/c3cc(C(=O)OC)cc(C(=O)OC)c3)cc2)CC1,CCOC(C)=O,3.0741727,val
8003,CCN1CCN(c2ccc(/N=N/c3cc(C(F)(F)F)cc(C(F)(F)F)c3)cc2)CC1,CCOC(C)=O,3.005711,val
8016,CCN1c2cc3[o+]c(-c4ccccc4)cc(/C=C/C=C4\N(CCCCCC(=O)O)c5ccc(S(=O)(=O)[O-])cc5C4(C)C)c3cc2C(C)=CC1(C)C,CCO,1.879929,val
8026,CCN1c2ccc(-c3cc(-c4ccccc4)[nH]n3)cc2Sc2cc(-c3cc(-c4ccccc4)[nH]n3)ccc21,C1CCOC1,3.6988401,val
8038,CCN1c2ccc(/C=C(\C#N)c3ccccc3)cc2Sc2cc(/C=C(\C#N)c3ccccc3)ccc21,CC(C)=O,2.8753543,val
8043,CCN1c2ccc(/C=C3\SC(=S)N(CC(=O)O)C3=O)cc2CCc2cc(/C=C3\SC(=S)N(CC(=O)O)C3=O)ccc21,CN(C)C=O,2.6776805,val
8047,CCN1c2ccc(/C=N/Nc3ccccn3)cc2Sc2cc(-c3ccc(C#N)cc3)ccc21,Cc1ccccc1,3.2267008,val
8050,CCN1c2ccc(/C=N/Nc3ccccn3)cc2Sc2cc(-c3ccc(OC)cc3)ccc21,Cc1ccccc1,3.2785718,val
8061,CCN1c2ccc(/C=N/Nc3ccccn3)cc2Sc2cc(/C=N/Nc3ccccn3)ccc21,Cc1ccccc1,3.1435087,val
8074,CCN1c2ccccc2Sc2cc(/C=C(\C#N)c3ccccc3)ccc21,CC(C)=O,3.075853,val
8075,CCN1c2ccccc2Sc2cc(/C=C(\C#N)c3ccccc3)ccc21,CN(C)C=O,3.0714571,val
8079,CCN1c2ccccc2Sc2cc(/C=C/C(=O)O)ccc21,CC#N,3.1306264,val
8084,CCNCC,CCCCCC,4.6843643,val
8088,CCNc1cc2oc(=O)cc(C)c2cc1C,CC#N,3.3675113,val
8092,CCNc1ccc(NCC)c2c1C(=O)c1ccccc1C2=O,CC(C)=O,1.8907154,val
8098,CCNc1ccc(NCC)c2c1C(=O)c1ccccc1C2=O,CN(C)C=O,1.8804169,val
8101,CCNc1ccc(NCC)c2c1C(=O)c1ccccc1C2=O,ClC(Cl)(Cl)Cl,1.8317829,val
8106,CCNc1ccc2c(C(F)(F)F)cc(=O)oc2c1,CC#N,3.2897842,val
8111,CCNc1ccc2c(C(F)(F)F)cc(=O)oc2c1,CCCC(C)C,3.3000402,val
8112,CCNc1ccc2c(C(F)(F)F)cc(=O)oc2c1,CCCCCC,3.303564,val
8114,CCNc1ccc2c(C(F)(F)F)cc(=O)oc2c1,CCCCO,3.2820878,val
8116,CCNc1ccc2c(C(F)(F)F)cc(=O)oc2c1,CCOC(C)=O,3.2989197,val
8125,CCOC(=O)/C(=C/c1ccc(N(c2ccc(N(c3ccccc3)c3ccccc3)cc2)c2ccc(N(c3ccccc3)c3ccccc3)cc2)cc1)c1nnn[nH]1,ClCCl,3.1042502,val
8135,CCOC(=O)/C(C#N)=C(\C=C\c1ccc(N(c2ccccc2)c2ccc(/C=C/C(=C(/C#N)C(=O)OCC)c3ccccc3)cc2)cc1)c1ccccc1,CC(C)=O,2.5632007,val
8146,CCOC(=O)/C(C#N)=C(\C=C\c1ccc(N(c2ccccc2)c2ccccc2)cc1)c1ccccc1,CN(C)C=O,2.7421298,val
8150,CCOC(=O)/C(C#N)=C/c1cc2c3ccccc3n(C)c2cc1OC,CCOC(C)=O,3.1048949,val
8153,CCOC(=O)/C(C#N)=C/c1cc2c3ccccc3n(C)c2cc1OC,CS(C)=O,3.0474367,val
8156,CCOC(=O)/C(C#N)=C/c1cc2c3ccccc3n(C)c2cc1OC,ClCCl,3.0670447,val
8158,CCOC(=O)/C(C#N)=C\c1ccc2c(c1)c1ccccc1n2-c1ccc(C)cc1,CC#N,3.1986983,val
8171,CCOC(=O)/C(C#N)=C\c1ccc2c(c1)c1ccccc1n2-c1ccc(OC)cc1,Cc1ccccc1,3.099615,val
8173,CCOC(=O)/C(C#N)=C\c1cn(-c2ccccc2)nc1-c1ccccc1,C1CCOC1,3.5883503,val
8174,CCOC(=O)/C(C#N)=C\c1cn(-c2ccccc2)nc1-c1ccccc1,C1COCCO1,3.5896883,val
8175,CCOC(=O)/C(C#N)=C\c1cn(-c2ccccc2)nc1-c1ccccc1,CCO,3.5831263,val
8177,CCOC(=O)/C(C#N)=C\c1cn(-c2ccccc2)nc1-c1ccccc1,CN(C)C=O,3.546866,val
8185,CCOC(=O)/C=C/C1=C(c2ccc(C)cc2)C2=Nc3c(-c4ccc(C)cc4)cc(-c4ccc(C)cc4)n3[B-](F)(F)[N+]2=C1c1ccc(C)cc1,ClC(Cl)Cl,1.8096898,val
8187,CCOC(=O)/C=C/C1=[N+]2C(=C(c3c(C)cc(C)cc3C)c3ccc(/C=C/C(=O)OCC)n3[B-]2(F)F)C=C1,ClCCl,1.9500163,val
8189,CCOC(=O)/C=C/c1cc2ccc(O)cc2oc1=O,CCO,3.425919,val
8190,CCOC(=O)/C=C/c1ccc(-c2ccc(/C=C/C(=O)OCC)c(N(C)C)c2)cc1N(C)C,ClCCl,3.3001606,val
8193,CCOC(=O)/C=C/c1ccc(N(C)C)cc1,C1COCCO1,3.457737,val
8207,CCOC(=O)/N=c1/oc2cc(OC)ccc2cc1C#N,ClCCl,3.3274386,val
8209,CCOC(=O)C(=Cc1ccc(N(c2ccccc2)c2ccc(C=C(C(=O)OCC)c3nnn[nH]3)cc2)cc1)c1nnn[nH]1,ClCCl,3.0611196,val
8212,CCOC(=O)C(C#N)=CNc1cccc(F)c1,CS(C)=O,3.9331236,val
8220,CCOC(=O)C(C(=O)OCC)C1=[N+]2C(=C(c3ccc(C)cc3)c3ccc(Cl)n3[B-]2(F)F)C=C1,C1CCCCC1,2.5049505,val
8221,CCOC(=O)C(C(=O)OCC)C1=[N+]2C(=C(c3ccc(C)cc3)c3ccc(Cl)n3[B-]2(F)F)C=C1,C1CCOC1,2.5059288,val
8230,CCOC(=O)C1=C(C(=O)OC)N2CCc3cc(OC)c(OC)cc3C2=C[C@H](c2ccc(Cl)cc2)C12c1ccccc1-c1ccccc12,ClCCl,4.028171,val
8246,CCOC(=O)C1=C(N)n2c(=O)c3ccccc3c(=O)n2C1c1ccc([N+](=O)[O-])cc1,CS(C)=O,3.379871,val
8247,CCOC(=O)C1=C(N)n2c(=O)c3ccccc3c(=O)n2C1c1ccccc1,CS(C)=O,3.3191063,val
8251,CCOC(=O)C1=C(c2ccc(-c3ccccc3)cc2)NC(=O)C1=Cc1cccc2ccccc12,CS(C)=O,2.7041528,val
8255,CCOC(=O)C1=C(c2ccc3ccccc3c2)NC(=O)C1=NNc1ccccc1O,C1CCOC1,2.4466274,val
8259,CCOC(=O)C1=C(c2ccccc2)NC(=O)C1=CC1=CCC(=C=O)C=C1,CS(C)=O,2.6849258,val
8260,CCOC(=O)C1=C(c2ccccc2)NC(=O)C1=Cc1ccc(-c2cccs2)s1,CC1CCCO1,2.3591347,val
8261,CCOC(=O)C1=C(c2ccccc2)NC(=O)C1=Cc1ccc(N(C)C)cc1,CS(C)=O,2.6246796,val
8265,CCOC(=O)C1=C(c2ccccc2)NC(=O)C1=NNc1cc([N+](=O)[O-])ccc1O,C1CCOC1,2.5580585,val
8272,CCOC(=O)C1=CN(c2ccccc2)C=C(C(=O)OCC)C1c1ccccc1,C1CCOC1,3.3718636,val
8273,CCOC(=O)C1=CN(c2ccccc2)C=C(C(=O)OCC)C1c1ccccc1,CO,3.3562412,val
8275,CCOC(=O)C1=CN(c2ccccc2)C=CC1c1ccccc1,CO,3.6193943,val
8279,CCOC(=O)C1c2cc(Cl)ccc2C(=O)N1c1ccc(OC)c(OC)c1,CCCCCC,4.179414,val
8291,CCOC(=O)C1c2ccccc2C(=O)N1c1ccccc1,CCCCCC,4.441804,val
8318,CCOC(=O)CCOc1ccccc1C(c1c(C)[nH]c2ccccc12)c1c(C)[nH]c2ccccc12,CO,4.3231235,val
8319,CCOC(=O)CN(CC(=O)OCC)c1ccc(-c2cc(-c3ccccn3)nc(-c3ccccn3)c2)cc1,CC#N,3.999757,val
8326,CCOC(=O)CN(CC(=O)OCC)c1ccc(-c2cc(-c3cccnc3)nc(-c3cccnc3)c2)cc1,CN(C)C=O,3.687655,val
8332,CCOC(=O)CN(CC(=O)OCC)c1ccc(-c2cc(-c3ccncc3)nc(-c3ccncc3)c2)cc1,CS(C)=O,3.5224032,val
8333,CCOC(=O)CN(CC(=O)OCC)c1ccc(-c2cc(-c3ccncc3)nc(-c3ccncc3)c2)cc1,c1ccccc1,3.5742736,val
8337,CCOC(=O)CN1C(=O)C2=C(c3ccc(C#N)cc3)N(CC(=O)OCC)C(=O)C2=C1c1ccccc1,CC#N,2.7677705,val
8340,CCOC(=O)CN1C(=O)C2=C(c3ccc(N4CCCCC4)cc3)N(CC(=O)OCC)C(=O)C2=C1c1ccc(C#N)cc1,CC#N,2.469277,val
8347,CCOC(=O)CN1C(=O)C2=C(c3ccc(N4CCCCC4)cc3)N(CC(=O)OCC)C(=O)C2=C1c1ccccc1,CS(C)=O,2.4947352,val
8355,CCOC(=O)COc1ccc(/C=C/C2=C3C(C)=CC(C)=[N+]3[B-](F)(F)n3c2c2ccccc2c3-c2[nH]c(C)cc2C)cc1,ClCCl,1.9400386,val
8362,CCOC(=O)COc1ccc(/C=C/C2=C3c4ccccc4C(c4[nH]c(C)cc4C)=[N+]3[B-](F)(F)n3c(C)cc(C)c32)cc1,C1CCOC1,2.0790665,val
8373,CCOC(=O)COc1ccc(/C=C/C2=C3c4ccccc4C(c4ccc[nH]4)=[N+]3[B-](F)(F)n3ccc(C)c32)cc1,ClCCl,2.0597749,val
8375,CCOC(=O)COc1ccc(/C=C/c2c(CC)c(C)c3n2[B-](F)(F)[N+]2=C(c4[nH]c(C)c(CC)c4C)c4ccccc4C2=C3C)cc1,C1CCOC1,1.8887357,val
8380,CCOC(=O)COc1ccc(/C=C/c2c(CC)c(C)c3n2[B-](F)(F)[N+]2=C(c4[nH]c(C)c(CC)c4C)c4ccccc4C2=C3C)cc1,ClCCl,1.8656559,val
8399,CCOC(=O)CSc1nc2c(c(C#N)c1C#N)CCCC2,c1ccccc1,3.4356108,val
8407,CCOC(=O)c1c(-c2c(Cl)c3ccccc3oc2=O)nn(-c2ccc(OC)cc2)c1C(=O)OCC,ClCCl,3.8047783,val
8415,CCOC(=O)c1c(-c2cc3cc(OC)ccc3oc2=O)nn(-c2cccc(Cl)c2)c1C(=O)OCC,ClCCl,3.7030227,val
8418,CCOC(=O)c1c(-c2cc3cc4c(cc3oc2=O)OC(C)(C)CC4)nn(-c2ccccc2)c1C(=O)OCC,ClCCl,3.641109,val
8422,CCOC(=O)c1c(-c2cc3ccc(OCC=C(C)C)cc3oc2=O)nn(-c2cccc(C)c2)c1C(=O)OCC,ClCCl,3.7681458,val
8427,CCOC(=O)c1c(-c2cc3ccccc3oc2=O)nn(-c2ccc(OC)cc2)c1C(=O)OCC,ClCCl,3.7978272,val
8429,CCOC(=O)c1c(-c2cc3ccccc3oc2=O)nn(-c2cccc(Cl)c2)c1C(=O)OCC,ClCCl,3.816918,val
8431,CCOC(=O)c1c(-c2cc3ccccc3oc2=O)nn(-c2ccccc2)c1C(=O)OCC,ClCCl,3.8160825,val
8440,CCOC(=O)c1c(N)sc(/N=C/c2cccs2)c1C(=O)OCC,CC#N,2.9169993,val
8441,CCOC(=O)c1c(N)sc(N)c1C(=O)OCC,CC#N,3.4958165,val
8442,CCOC(=O)c1c(N)sc(N=Nc2ccc(C#N)cc2)c1-c1ccccc1,CS(C)=O,2.4634118,val
8450,CCOC(=O)c1c(NC(C)=O)sc2c1-c1ccccc1C2,CC(C)=O,3.7723165,val
8453,CCOC(=O)c1c(O)c(N=Nc2ccc(OC)cc2)c2ccccc2c1O,CS(C)=O,2.8165047,val
8460,CCOC(=O)c1c2c(c3n1CCn1c(C(=O)OCC)c4c(c1-3)-c1ccc(C(=O)N(C)C)c3c(C(=O)N(C)C)ccc-4c13)-c1ccc(C(=O)N(C)C)c3c(C(=O)N(C)C)ccc-2c13,CO,2.7292078,val
8461,CCOC(=O)c1c2c(c3n1CCn1c(C(=O)OCC)c4c(c1-3)-c1ccc(C(=O)N(C)C)c3c(C(=O)N(C)C)ccc-4c13)-c1ccc(C(=O)N(C)C)c3c(C(=O)N(C)C)ccc-2c13,Cc1ccccc1,2.7551591,val
8462,CCOC(=O)c1c2c(c3n1CCn1c(C(=O)OCC)c4c(c1-3)-c1ccc(C(=O)N(C)C)c3c(C(=O)N(C)C)ccc-4c13)-c1ccc(C(=O)N(C)C)c3c(C(=O)N(C)C)ccc-2c13,ClCCl,2.7107425,val
8466,CCOC(=O)c1c2c(c3n1Cn1c(C(=O)OCC)c4c(c1-3)-c1ccc(C(=O)N(C)C)c3c(C(=O)N(C)C)ccc-4c13)-c1ccc(C(=O)N(C)C)c3c(C(=O)N(C)C)ccc-2c13,CO,2.6826518,val
8469,CCOC(=O)c1c2c(c3n1Cn1c(C(=O)OCC)c4c(c1-3)-c1ccc3c5c(ccc-4c15)C(=O)N(c1c(C(C)C)cccc1C(C)C)C3=O)-c1ccc3c4c(ccc-2c14)C(=O)N(c1c(C(C)C)cccc1C(C)C)C3=O,Cc1ccccc1,2.403689,val
8474,CCOC(=O)c1c2c3c(ccc(F)c3c3cc4ccccc4cc13)N(C)C2=O,CC#N,3.117925,val
8476,CCOC(=O)c1c2c3c(ccc(OC)c3c3cc4ccccc4cc13)N(C)C2=O,CC#N,2.9732907,val
8478,CCOC(=O)c1c2c3c(ccc([N+](=O)[O-])c3c3cc4ccccc4cc13)N(C)C2=O,CC#N,2.7597592,val
8483,CCOC(=O)c1cc(C#Cc2ccc3cc(N4CCC4)ccc3c2)c(C(=O)OCC)cc1C#Cc1ccc([N+](=O)[O-])cc1,C1COCCO1,2.9512987,val
8490,CCOC(=O)c1cc(C#Cc2ccc3cc(N4CCC4)ccc3c2)c(C(=O)OCC)cc1C#Cc1ccccc1,CCOC(C)=O,3.1015887,val
8491,CCOC(=O)c1cc(C#Cc2ccc3cc(N4CCC4)ccc3c2)c(C(=O)OCC)cc1C#Cc1ccccc1,Cc1ccccc1,3.0520945,val
8492,CCOC(=O)c1cc(C#Cc2ccc3cc(N4CCC4)ccc3c2)c(C(=O)OCC)cc1C#Cc1ccccc1,ClC(Cl)Cl,3.0258377,val
8493,CCOC(=O)c1cc(C#Cc2ccc3cc(N4CCC4)ccc3c2)c(C(=O)OCC)cc1C#Cc1ccccc1,ClCCl,3.019461,val
8502,CCOC(=O)c1cc(C#Cc2ccc3ccccc3c2)c(C(=O)OCC)cc1C#Cc1ccccc1,ClCCl,3.3862526,val
8506,CCOC(=O)c1cc(C(=O)OC)c2ccc(-c3ccc(Cl)cc3)nn12,CC#N,3.3952157,val
8507,CCOC(=O)c1cc(C(=O)OCC)c2c(C)ccc(O)c2n1,CCO,3.504597,val
8513,CCOC(=O)c1cc(C(=O)OCC)c2cc(N)ccc2n1,CCO,3.2256446,val
8518,CCOC(=O)c1cc(C(=O)OCC)c2cc([N+](=O)[O-])ccc2n1,CCO,3.3854544,val
8519,CCOC(=O)c1cc(C(=O)OCC)c2ccc(C)cc2n1,CCO,3.6671443,val
8523,CCOC(=O)c1cc(C(=O)OCC)c2cccc(O)c2n1,CCO,3.4453027,val
8529,CCOC(=O)c1cc(C(N)=O)n2ncccc12,CCO,3.1250594,val
8531,CCOC(=O)c1cc(N2CCC2)c(C(=O)OCC)cc1N1CCC1,CCCCCC,3.080634,val
8549,CCOC(=O)c1cc2cc3c4c(c2oc1=O)CCCN4CCC3,CCO,2.7371385,val
8553,CCOC(=O)c1cc2cc3ccccc3nc2nc1C,CC(C)=O,3.3667662,val
8554,CCOC(=O)c1cc2ccc3ccccc3c2c(C#N)c1N,Cc1ccccc1,3.0393746,val
8563,CCOC(=O)c1ccc(-c2c3ccccc3nn2C)o1,ClCCl,3.5828793,val
8569,CCOC(=O)c1ccc(C2=CC3=c4cc(-c5ccc(C(=O)OCC)cc5)c5nc(C(F)(F)C(F)(F)C(F)(F)F)nc6c(-c7ccc(C(=O)OCC)cc7)cc(c4c65)C4=CC(c5ccc(C(=O)OCC)cc5)=C5N=C(C(F)(F)C(F)(F)C(F)(F)F)N=C2C5C43)cc1,C1CCOC1,2.4259934,val
8570,CCOC(=O)c1ccc(C2=Cc3cc4ccccc4cc3P2(=O)c2ccccc2)cc1,ClCCl,3.1398685,val
8572,CCOC(=O)c1ccc(C2CC(c3ccc(-c4ccc(C=C(C#N)C(=O)O)s4)s3)=NN2c2ccc(-c3nc4ccc(C)cc4s3)cc2)cc1,C1CCOC1,2.705046,val
8575,CCOC(=O)c1ccc(C2CC(c3cccc4ccccc34)=NN2c2ccc(Cl)cc2)cc1,ClCCl,3.2728264,val
8576,CCOC(=O)c1ccc(C2CC(c3cccc4ccccc34)=NN2c2ccc(F)cc2)cc1,ClCCl,3.2986455,val
8587,CCOC(=O)c1ccc2c(c1)C(C)(C)C1=[N+]2[B-](F)(F)n2cccc2-c2c1cc1n2CC=C1,CO,2.567121,val
8588,CCOC(=O)c1ccc2c(c1)C(C)(C)C1=[N+]2[B-](F)(F)n2cccc2-c2c1cc1n2CC=C1,CS(C)=O,2.5166934,val
8594,CCOC(=O)c1ccc2nc(/N=N/c3ccc(N(CC)CC)cc3)sc2c1,ClCCl,2.3779953,val
8599,CCOC(=O)c1cccc(N)c1,CC#N,4.1051006,val
8606,CCOC(=O)c1csc2[n+]1[B-](F)(F)OC(c1ccc(N(C)C)cc1)=N2,CC#N,3.0260518,val
8608,CCOC(=O)c1csc2[n+]1[B-](F)(F)OC(c1ccc(N(C)C)cc1)=N2,ClCCl,2.998637,val
8611,CCOC(=O)c1sc(SC)c2c(=O)[nH]nnc12,CC#N,3.2068434,val
8621,CCOC(=O)c1sc(SC)c2c(=O)n(C)nnc12,CS(C)=O,3.152033,val
8632,CCOC(=O)c1sc2nc3c(c(C#N)c2c1N)CCCC3,c1ccccc1,2.9974062,val
8633,CCOC(=O)c1sc2nc3c(c(C#N)c2c1N)CCCCCC3,c1ccccc1,3.0033484,val
8642,CCOC1CC(C(=O)OC)=C2C=CC=NN21,C1CCCCC1,2.7367704,val
8643,CCOC1CCN2c3c1cc(-c1cc(C)c(-c4sc(/C=C(\C#N)C(=O)O)cc4C)s1)cc3C(OCC)CC2C(C)C,CCO,2.6714778,val
8650,CCOP1(=O)c2cccc3cccc(c23)-c2cccc3cccc1c23,ClCCl,3.4775004,val
8656,CCO[Si](OCC)(c1ccccc1)c1ccc(N=Nc2ccc(N(C)C)cc2)cc1,CC#N,3.0877836,val
8678,CCOc1cc2c(cc1/C=C/C1=CC(=C(C#N)C#N)CC(C)(C)C1)c1ccccc1n2CC,CS(C)=O,2.6031516,val
8687,CCOc1ccc(/C=C/C=C/C=C/c2ccc([N+](=O)[O-])cc2)cc1,Cc1ccccc1,3.0185275,val
8692,CCOc1ccc(/C=C/c2cc(C)c3n2[B-](F)(F)[N+]2=CC=CC2=C3)cc1OCC,CS(C)=O,2.2086773,val
8694,CCOc1ccc(N(c2ccc(OCC)cc2)c2ccc(-c3ccc(-c4ccc5c(c4)sc4c[n+](CCCS(=O)(=O)[O-])ccc45)s3)cc2)cc1,CS(C)=O,2.5169544,val
8711,CCOc1cccc(/C=C/c2cc(C)c3n2[B-](F)(F)[N+]2=CC=CC2=C3)c1OCC,CS(C)=O,2.2166536,val
8714,CCOc1ccccc1-c1ccc(=O)n(-c2ccc(N(C)C)cc2)n1,CS(C)=O,3.53798,val
8716,CCOc1ccccc1C(=O)Nc1ccc(C(=O)/C=C/c2ccc(N(C)CCO)cc2)cc1,CS(C)=O,2.8320377,val
8717,CCOc1nc(-c2ccc(C)cc2)cc(-c2ccc(N3CCOCC3)cc2)c1C#N,ClC(Cl)Cl,3.8738418,val
8719,CCOc1nc(-c2ccc(F)cc2)cc(-c2ccc(N3CCOCC3)cc2)c1C#N,ClC(Cl)Cl,3.8795853,val
8720,CCOc1nc(-c2ccc(OC)cc2)cc(-c2ccc(N3CCOCC3)cc2)c1C#N,ClC(Cl)Cl,3.8856754,val
8742,CC[N+]1=C(C=CC=CC=CC=C2N(CCCCCC(=O)ON3C(=O)CCC3=O)c3ccc(S(=O)(=O)O)cc3C2(C)C)C(C)(C)c2cc(S(=O)(=O)[O-])ccc21,O,2.014457,val
8751,CC[n+]1c(/C=C/c2c([O-])ccc3ccc(=O)oc23)sc2ccccc21,Cc1ccccc1,2.1571488,val
8756,CC[n+]1c(C=C2C(=O)C(C=C3N(C)c4ccc(Cl)cc4C3(C)C)=C2[O-])sc2ccccc21,ClC(Cl)Cl,1.8543291,val
8772,CCc1c(C)[nH]c(C2=[N+]3C(=C(C)c4c(C)c(CC)c(C)n4[B-]3(F)F)c3ccccc32)c1C,CC#N,2.002356,val
8779,CCc1c(C)[nH]c(C2=[N+]3C(=Cc4c(C)c(CC)c(/C=C/c5ccc(N(C)C)cc5)n4[B-]3(F)F)c3ccccc32)c1C,CCCCCC,1.7889869,val
8781,CCc1c(C)[nH]c(C2=[N+]3C(=Cc4c(C)c(CC)c(/C=C/c5ccc(N(C)C)cc5)n4[B-]3(F)F)c3ccccc32)c1C,Cc1ccccc1,1.7475306,val
8784,CCc1c(C)[nH]c(C2=[N+]3C(=Cc4c(C)c(CC)c(C)n4[B-]3(F)F)c3ccccc32)c1C,CC#N,1.9755125,val
8786,CCc1c(C)[nH]c(C2=[N+]3C(=Cc4c(C)c(CC)c(C)n4[B-]3(F)F)c3ccccc32)c1C,CO,1.9994348,val
8790,CCc1c(C)[nH]c(C2=[N+]3C(=Cc4c(C)cc(C)n4[B-]3(F)F)c3ccccc32)c1C,CC#N,2.0232577,val
8793,CCc1c(C)[nH]c(C2=[N+]3C(=Cc4c(C)cc(C)n4[B-]3(F)F)c3ccccc32)c1C,Cc1ccccc1,1.977759,val
8803,CCc1c(C)c2n(c1C)[B-](F)(F)[N+]1=C(NCc3ccc(OC)cc3)C=CC1=C2C,CCCCCC,2.384685,val
8807,CCc1c(C)c2n(c1C)[B-](F)(F)[N+]1=C(c3ccc[nH]3)c3ccccc3C1=C2,C1CCOC1,2.0634766,val
8809,CCc1c(C)c2n(c1C)[B-](F)(F)[N+]1=C(c3ccc[nH]3)c3ccccc3C1=C2,CCCCCC,2.0426686,val
8813,CCc1c(C)c2n(c1C)[B-](F)(F)[N+]1=C(c3ccc[nH]3)c3ccccc3C1=C2C,C1CCOC1,2.0467558,val
8817,CCc1c(C)c2n(c1C)[B-](F)(F)[N+]1=C(c3ccc[nH]3)c3ccccc3C1=C2C,Cc1ccccc1,2.0129929,val
8820,CCc1c(CC)c(CC)n2c(c1CC)c(C=O)c1ccccc12,CS(C)=O,2.970194,val
8823,CCc1ccc(-c2ccc(-c3nnc(-c4ccc(-c5nnc(-c6ccc(-c7ccc(CC)cc7)s6)o5)cc4)o3)s2)cc1,C1COCCO1,3.5190241,val
8824,CCc1ccc(-c2ccc(-c3nnc(-c4ccc(-c5nnc(-c6ccc(-c7ccc(CC)cc7)s6)o5)cc4)o3)s2)cc1,CC#N,3.5193634,val
8826,CCc1ccc(-c2ccc(-c3nnc(-c4ccc(-c5nnc(-c6ccc(-c7ccc(CC)cc7)s6)o5)cc4)o3)s2)cc1,CCCCCCCCCCO,3.5246732,val
8828,CCc1ccc(-c2ccc(-c3nnc(-c4ccc(-c5nnc(-c6ccc(-c7ccc(CC)cc7)s6)o5)cc4)o3)s2)cc1,CCCCCCO,3.521461,val
8833,CCc1ccc(-c2ccc(-c3nnc(-c4ccc(-c5nnc(-c6ccc(-c7ccc(CC)cc7)s6)o5)cc4)o3)s2)cc1,ClC(Cl)Cl,3.4992442,val
8837,CCc1ccc(-c2nc(-c3ccc(-n4c5ccccc5c5ccccc54)cc3)cc(-c3ccc(-n4c5ccccc5c5ccccc54)cc3)n2)cc1,ClC(Cl)Cl,3.512661,val
8882,CCn1c(-c2cc(-c3nc(-c4ccc5c(c4)C(CC)(CC)c4ccccc4-5)c(-c4ccc5c(c4)C(CC)(CC)c4ccccc4-5)n3CC)c3c(c2)C(CC)(CC)c2cc(-c4ccc(/C=C(\C#N)C(=O)O)s4)ccc2-3)nc(-c2ccc3c(c2)C(CC)(CC)c2ccccc2-3)c1-c1ccc2c(c1)C(CC)(CC)c1ccccc1-2,C1CCOC1,2.9811404,val
8886,CCn1c(-c2ccc(-c3ccc4c(c3)C(c3ccccc3)(c3ccccc3)c3ccccc3-4)cc2)c(-c2ccc3ccccc3c2)c(-c2ccc3ccccc3c2)c1-c1ccc(-c2ccc3c(c2)C(c2ccccc2)(c2ccccc2)c2ccccc2-3)cc1,CCOC(C)=O,3.8137112,val
8896,CCn1c(-c2ccc3c(c2)C(CC)(CC)c2cc(-c4ccc(-c5ccc(/C=C(\C#N)C(=O)O)s5)s4)ccc2-3)nc(-c2ccccc2)c1-c1ccccc1,C1CCOC1,2.877516,val
8905,CCn1c2c(-c3cccs3)cc(C(C)(C)C)cc2c2cc(C(C)(C)C)cc(-c3cccs3)c21,ClCCl,3.763649,val
8920,CCn1c2ccc(-c3ccc(N(c4ccccc4)c4ccccc4)cc3)cc2c2nc3cc(-c4ccc(/C=C(\C#N)C(=O)O)s4)ccc3nc21,CN(C)C=O,2.8974853,val
8932,CCn1c2ccc(C3=[O+][B-](F)(F)OC(C)=C3)cc2c2cc(C3=[O+][B-](F)(F)OC(C)=C3)ccc21,Cc1ccccc1,3.0569038,val
8933,CCn1c2ccc(C3=[O+][B-](F)(F)OC(C)=C3)cc2c2cc(C3=[O+][B-](F)(F)OC(C)=C3)ccc21,ClC(Cl)Cl,3.0917115,val
8941,CCn1c2ccccc2c2c1c1c3ccccc3n(CC)c1c1c3cc(-c4ccc(/C=C(\C#N)C(=O)O)s4)ccc3n(CC)c21,C1CCOC1,2.9267669,val
8944,CCn1c2ccccc2c2c1c1c3ccccc3n(CC)c1c1c3cc(-c4ccc(C=C5SC(=S)N(CC(=O)O)C5=O)cc4)ccc3n(CC)c21,C1CCOC1,2.7636042,val
8949,CCn1c2ccccc2c2cc(-c3cc(-c4c(OC)cccc4OC)c(-c4sc(-c5ccc(/C=C(\C#N)C(=O)O)s5)cc4-c4c(OC)cccc4OC)s3)ccc21,ClCCl,2.5616944,val
8956,CCn1c2ccccc2c2cc(-c3cc(-c4ccc5c(c4)c4ccccc4n5CC)nc(-c4ccc(OC)cc4)n3)ccc21,CCOC(C)=O,3.493632,val
8959,CCn1c2ccccc2c2cc(-c3cc(-c4ccc5c(c4)c4ccccc4n5CC)nc(-c4ccc(OC)cc4)n3)ccc21,ClCCl,3.4985354,val
8962,CCn1c2ccccc2c2cc(-c3cc(-c4ccc5c(c4)c4ccccc4n5CC)nc(-c4ccccc4)n3)ccc21,CN(C)C=O,3.4753115,val
8971,CCn1c2ccccc2c2cc(-c3cc(-c4ccc5c(c4)c4ccccc4n5CC)nc(N4CCCCC4)n3)ccc21,CCOC(C)=O,3.3321319,val
8972,CCn1c2ccccc2c2cc(-c3cc(-c4ccc5c(c4)c4ccccc4n5CC)nc(N4CCCCC4)n3)ccc21,CN(C)C=O,3.3410842,val
8974,CCn1c2ccccc2c2cc(-c3cc(-c4ccc5c(c4)c4ccccc4n5CC)nc(N4CCCCC4)n3)ccc21,ClCCl,3.3191862,val
8990,CCn1c2ccccc2c2cc(-c3cc(-c4ccc5c(c4)c4ccccc4n5CC)ncn3)ccc21,CCOC(C)=O,3.4010265,val
8991,CCn1c2ccccc2c2cc(-c3cc(-c4ccc5c(c4)c4ccccc4n5CC)ncn3)ccc21,Cc1ccccc1,3.378172,val
8997,CCn1c2ccccc2c2cc(-c3ccc(C=C(C#N)C(=O)O)s3)ccc21,CN(C)C=O,2.9269586,val
9002,CCn1c2ccccc2c2cc(/C=C(\C#N)C(=O)O)ccc21,CC#N,3.1147366,val
9008,CCn1c2ccccc2c2cc(/C=C/C(=O)c3ccc4c(c3)c3cc(C(=O)/C=C/c5ccc6c(c5)c5ccccc5n6CC)ccc3n4CC)ccc21,CCO,3.0816329,val
9014,CCn1c2ccccc2c2cc(/C=C/C(=O)c3ccc4c(c3)c3cc(C(=O)/C=C/c5ccc6c(c5)c5ccccc5n6CC)ccc3n4CC)ccc21,ClC(Cl)Cl,3.0794902,val
9020,CCn1c2ccccc2c2cc(/C=C/C3=C(C#N)C(=C(C#N)C#N)OC3(C)C)ccc21,ClC(Cl)Cl,2.3809304,val
9024,CCn1c2ccccc2c2cc(/C=C/C3=C(S(=O)(=O)c4ccccc4)C(=C(C#N)C#N)OC3(C)C)ccc21,ClCCl,2.379203,val
9040,CCn1c2ccccc2c2cc(/C=C/c3cc(/C=C/c4ccc5c(c4)c4ccccc4n5CC)ncn3)ccc21,CN(C)C=O,3.1338277,val
9053,CCn1c2ccccc2c2cc(/C=C3\C(=O)c4ccccc4S3(=O)=O)ccc21,C1COCCO1,2.815645,val
9058,CCn1c2ccccc2c2cc(/C=C3\C(=O)c4ccccc4S3(=O)=O)ccc21,CO,2.8233392,val
9063,CCn1c2ccccc2c2cc(/C=C3\SC(=S)N(CC(=O)O)C3=O)c(OC)cc21,CC#N,2.6782658,val
9064,CCn1c2ccccc2c2cc(/N=C/c3ccc(N(c4ccccc4)c4ccc(/C=C(\C#N)C(=O)O)cc4)cc3)ccc21,ClCCl,3.0486522,val
9076,CCn1c2ccccc2c2cc(C#Cc3cc(C#Cc4ccc5c(c4)c4ccccc4n5CC)nc(OC)n3)ccc21,CCOC(C)=O,3.257997,val
9079,CCn1c2ccccc2c2cc(C#Cc3cc(C#Cc4ccc5c(c4)c4ccccc4n5CC)nc(OC)n3)ccc21,ClCCl,3.2119646,val
9085,CCn1c2ccccc2c2cc(C#Cc3cc(C#Cc4ccc5c(c4)c4ccccc4n5CC)nc(SC)n3)ccc21,C1CCOC1,3.1858792,val
9092,CCn1c2ccccc2c2cc(C#Cc3cc(C#Cc4ccc5c(c4)c4ccccc4n5CC)ncn3)ccc21,CN(C)C=O,3.248696,val
9094,CCn1c2ccccc2c2cc(C#Cc3cc(C#Cc4ccc5c(c4)c4ccccc4n5CC)ncn3)ccc21,ClCCl,3.2399793,val
9096,CCn1c2ccccc2c2cc(C(=O)OC)nc(-c3nc4ccccc4s3)c21,ClC(Cl)Cl,3.254184,val
9099,CCn1c2ccccc2c2cc(C3=CC(c4ccc5c(c4)c4ccccc4n5CC)=[O+][B-](F)(F)O3)ccc21,CO,2.7395933,val
9111,CCn1c2ccccc2c2cc(C3=[O+][B-](F)(F)OC(c4ccc(OC)cc4)=C3)ccc21,CO,2.860752,val
9113,CCn1c2ccccc2c2cc(C3=[O+][B-](F)(F)OC(c4ccc(OC)cc4)=C3)ccc21,ClC(Cl)Cl,2.8311787,val
9117,CCn1c2ccccc2c2cc(C=CC3=[O+][B-](F)(F)Oc4c3c(=O)oc3ccccc43)ccc21,CC#N,2.6515806,val
9119,CCn1c2ccccc2c2cc(N(c3ccc4c(c3)C(CC)(CC)c3ccccc3-4)c3ccc4c(c3)C(CC)(CC)c3cc(-c5ccc(-c6ccc(/C=C(\C#N)C(=O)O)s6)s5)ccc3-4)ccc21,C1CCOC1,2.56146,val
9120,CCn1c2ccccc2c2cc(N(c3ccc4c(c3)C(CC)(CC)c3ccccc3-4)c3ccc4c(c3)C(CC)(CC)c3cc(-c5ccc(/C=C(\C#N)C(=O)O)s5)ccc3-4)ccc21,C1CCOC1,2.7165895,val
9121,CCn1c2ccccc2c2cc(N3C(=O)c4cccc5c(-c6ccc(-c7ccc(/C=C(\C#N)C(=O)O)s7)s6)ccc(c45)C3=O)ccc21,ClCCl,2.722836,val
9125,CCn1c2ccccc2c2cc(N3c4ccccc4Sc4cc(/C=C(\C#N)C(=O)O)ccc43)ccc21,ClCCl,2.7596405,val
9126,CCn1c2ccccc2c2cc3c(cc21)c1ccccc1n3CC,ClC(Cl)Cl,3.357181,val
9129,CCn1c2ccccc2c2ccc(C#N)cc21,C1CCCCC1,3.6757095,val
9137,CCn1c2ccccc2sc2c(C#N)c3[nH]c4ccccc4sc3c(C#N)c21,ClC(Cl)Cl,2.5734122,val
9141,CCn1c2ccsc2c2c3nsnc3c3c4sccc4n(CC)c3c21,CN(C)C=O,2.939886,val
9146,CCn1c2sccc2c2c3nsnc3c3c4ccsc4n(CC)c3c21,CN(C)C=O,2.931378,val
9149,CCn1cc(C=C(C#N)C#N)c2ccccc21,CO,3.0655313,val
9152,CCn1ncc2c3c(C#N)c4c5ccccc5n(C)c4nc3ccc21,CCOC(C)=O,3.1581683,val
9157,CN(C)/C=N\c1ccc2c3c(cccc13)C(=O)c1ccccc1-2,CCCCCC,2.6434398,val
9158,CN(C)/C=N\c1ccc2c3c(cccc13)C(=O)c1ccccc1-2,CCO,2.64062,val
9192,CN(C)CCN(Cc1c2ccccc2c(CN(CCN(C)C)c2ccc([N+](=O)[O-])cc2[N+](=O)[O-])c2ccccc12)c1ccc([N+](=O)[O-])cc1[N+](=O)[O-],CC#N,3.630305,val
9197,CN(C)CCN(Cc1c2ccccc2cc2ccccc12)c1ccc([N+](=O)[O-])cc1,C1CCCCC1,3.1396563,val
9198,CN(C)CCN(Cc1c2ccccc2cc2ccccc12)c1ccc([N+](=O)[O-])cc1,C1CCOC1,3.131689,val
9199,CN(C)CCN(Cc1c2ccccc2cc2ccccc12)c1ccc([N+](=O)[O-])cc1,CC#N,3.1166263,val
9203,CN(C)CCN(Cc1c2ccccc2cc2ccccc12)c1ccc([N+](=O)[O-])cc1,CO,3.1144807,val
9206,CN(C)CCN(Cc1c2ccccc2cc2ccccc12)c1ccc([N+](=O)[O-])cc1[N+](=O)[O-],C1CCOC1,3.2506275,val
9217,CN(C)CCN(Cc1c2ccccc2cc2ccccc12)c1ccc([N+](=O)[O-])cn1,CC#N,3.20897,val
9222,CN(C)CCNCc1c2ccccc2cc2ccccc12,C1CCCCC1,3.387622,val
9224,CN(C)CCNCc1c2ccccc2cc2ccccc12,CC#N,3.3840992,val
9229,CN(C)CCNCc1c2ccccc2cc2ccccc12,ClC(Cl)Cl,3.4020467,val
9230,CN(C)CCNc1ccc([N+](=O)[O-])cc1[N+](=O)[O-],C1CCCCC1,3.605939,val
9234,CN(C)CCNc1ccc([N+](=O)[O-])cc1[N+](=O)[O-],CCO,3.5988088,val
9237,CN(C)CCNc1ccc([N+](=O)[O-])cc1[N+](=O)[O-],CO,3.602378,val
9242,CN(C)CCNc1ccc2c3c(cccc13)C(=O)N(c1ccc(O)cc1)C2=O,CN(C)C=O,2.9388137,val
9247,CN(C)c1c2ccccc2cc2ccccc12,C1CCOC1,3.2048173,val
9255,CN(C)c1c2ccccc2cc2ccccc12,O,3.1446288,val
9256,CN(C)c1c2ccccc2cc2ccccc12,OCC(O)CO,3.177839,val
9258,CN(C)c1cc(-c2ccc(C#Cc3ccccc3)cc2)cc2ccccc12,CC#N,3.8741992,val
9261,CN(C)c1cc(-c2ccc(C#Cc3ccncc3)cc2)cc2ccccc12,CC#N,3.7921653,val
9263,CN(C)c1cc(-c2ccc(C#Cc3ccncc3)cc2)cc2ccccc12,ClCCl,3.817037,val
9264,CN(C)c1cc(-c2ccccc2)cc2cc(C#Cc3ccncc3)ccc12,ClCCl,3.7060752,val
9272,CN(C)c1cc(C#N)c(N(C)C)c(C#N)c1,CC1COC(=O)O1,3.158945,val
9276,CN(C)c1cc(C#N)c(N(C)C)c(C#N)c1,CCCCCCCCO,3.188997,val
9278,CN(C)c1cc(C#N)c(N(C)C)c(C#N)c1,CCCCOC(C)=O,3.1852214,val
9280,CN(C)c1cc(C#N)c(N(C)C)c(C#N)c1,CCCOCCC,3.1870751,val
9283,CN(C)c1cc(C#N)c(N(C)C)c(C#N)c1,CCOCC,3.1896992,val
9291,CN(C)c1cc(C#N)c(N(C)C)c(C#N)c1,O,3.1061049,val
9299,CN(C)c1cc2oc3cc(N(C)C)c(F)cc3c(=O)c2cc1F,CCO,3.2260537,val
9307,CN(C)c1ccc(-c2c(F)c(F)c(-c3ccc(N(C)C)cc3)c(F)c2F)cc1,ClCCl,3.9295397,val
9317,CN(C)c1ccc(-c2cc(-c3ccc(N(C)C)cc3)ncn2)cc1,ClCCl,3.2011313,val
9319,CN(C)c1ccc(-c2cc(-c3ccc4ccccc4c3)nc(-c3ccccc3)n2)cc1,CS(C)=O,3.4413748,val
9327,CN(C)c1ccc(-c2cc3c(ccc4c([N+](=O)[O-])cccc43)c(=O)o2)cc1,CCOC(C)=O,2.9240785,val
9334,CN(C)c1ccc(-c2cc3ccc([N+](=O)[O-])cc3c(=O)o2)cc1,CN(C)C=O,2.9519799,val
9339,CN(C)c1ccc(-c2ccc(-c3cc(-c4ccccc4)c(-c4ccccc4)c(-c4ccccc4)c3-c3ccccc3)s2)cc1,ClC(Cl)Cl,3.303287,val
9352,CN(C)c1ccc(-c2ccc(-c3ccc(N(C)C)cc3)c3nc(-c4ccccc4)c(-c4ccccc4)nc23)cc1,ClC(Cl)Cl,2.7318244,val
9354,CN(C)c1ccc(-c2ccc(-c3nc(C#N)c(C#N)n3C)cc2)cc1,CC#N,3.6825416,val
9357,CN(C)c1ccc(-c2ccc(-c3ncc4ccccn34)cc2)cc1,ClC(Cl)Cl,3.4327893,val
9365,CN(C)c1ccc(-c2ccc(C=O)cc2)cc1,CC#N,3.3617113,val
9372,CN(C)c1ccc(-c2ccc(N(c3ccc(-c4ccc(N(C)C)cc4)cc3)c3ccc(-c4ccc(C=C(C#N)C(=O)O)s4)cc3)cc2)cc1,CCO,2.702528,val
9375,CN(C)c1ccc(-c2ccc3c(=O)c(O)coc3c2)cc1,C1CCOC1,3.391069,val
9376,CN(C)c1ccc(-c2ccc3c(=O)c(O)coc3c2)cc1,C1COCCO1,3.3939788,val
9383,CN(C)c1ccc(-c2ccc3n2[B-](F)(F)[N+]2=C(c4ccccc4)C=CC2=C3C(F)(F)F)cc1,C1COCCO1,1.9293917,val
9387,CN(C)c1ccc(-c2ccc3n2[B-](F)(F)[N+]2=C(c4ccccc4)C=CC2=C3C(F)(F)F)cc1,CCCCOCCCC,1.9258102,val
9404,CN(C)c1ccc(-c2nc(-c3ccc(-n4c5ccccc5c5ccccc54)cc3)cc(-c3ccc(-n4c5ccccc5c5ccccc54)cc3)n2)cc1,Cc1ccccc1,3.3396225,val
9406,CN(C)c1ccc(-c2nc(-c3ccc(C#Cc4ccc(C#N)cc4)cc3)[nH]c2-c2ccc(N(C)C)cc2)cc1,ClCCl,3.0509593,val
9408,CN(C)c1ccc(-c2nc(-c3ccc(C#N)cc3)[nH]c2-c2ccc(N(C)C)cc2)cc1,ClCCl,3.2004988,val
9409,CN(C)c1ccc(-c2nc(-c3ccc(C=Cc4ccc(C#N)cc4)cc3)[nH]c2-c2ccc(N(C)C)cc2)cc1,ClCCl,2.9665344,val
9415,CN(C)c1ccc(-c2nc(C#N)c(C#N)n2C)cc1,CC#N,3.763054,val
9423,CN(C)c1ccc(-c2nc3c(c4c2-c2ccc(C#N)cc2CC4)-c2ccc(C#N)cc2CC3)cc1,CC#N,3.5654542,val
9432,CN(C)c1ccc(-c2nc3c(c4c2-c2ccccc2CC4)-c2ccccc2CC3)cc1,CO,3.63297,val
9449,CN(C)c1ccc(-c2nc3cnccc3[nH]2)cc1,CO,3.7565222,val
9450,CN(C)c1ccc(-c2nc3cnccc3[nH]2)cc1,O,3.7709398,val
9453,CN(C)c1ccc(-c2nc3nccc(-c4cc(C(F)(F)F)cc(C(F)(F)F)c4)n3n2)cc1,ClCCl,3.3825793,val
9465,CN(C)c1ccc(-n2c(-c3ccncc3)nc3ccccc32)cc1,CC#N,3.926546,val
9474,CN(C)c1ccc(/C=C(\C#N)c2nc3ccccc3s2)cc1,CO,2.8131936,val
9476,CN(C)c1ccc(/C=C/C(=C(C#N)C#N)c2ccc3c4c(cccc24)CC3)cc1,CC#N,2.5422783,val
9477,CN(C)c1ccc(/C=C/C(=C(C#N)C#N)c2ccc3c4c(cccc24)CC3)cc1,CC(C)=O,2.5608134,val
9478,CN(C)c1ccc(/C=C/C(=C(C#N)C#N)c2ccc3c4c(cccc24)CC3)cc1,CCOC(C)=O,2.5607257,val
9484,CN(C)c1ccc(/C=C/C(=O)O)cc1,C1CCOC1,3.4058588,val
9492,CN(C)c1ccc(/C=C/C(=O)O)cc1,c1ccccc1,3.402262,val
9494,CN(C)c1ccc(/C=C/C(=O)c2ccc(Cl)cc2)cc1,CC#N,2.9823675,val
9497,CN(C)c1ccc(/C=C/C(=O)c2ccc(Cl)cc2)cc1,CCO,2.9583154,val
9500,CN(C)c1ccc(/C=C/C(=O)c2ccc(Cl)cc2)cc1,Cc1ccccc1,2.9832504,val
9504,CN(C)c1ccc(/C=C/C(=O)c2ccccc2)cc1,CC#N,2.9747934,val
9506,CN(C)c1ccc(/C=C/C(=O)c2ccccc2)cc1,CC(C)=O,2.9810095,val
9520,CN(C)c1ccc(/C=C/C=C/C=C/c2ccc(N(C)C)cc2)cc1,CC#N,3.0441508,val
9523,CN(C)c1ccc(/C=C/C=C/C=C/c2ccc(N(C)C)cc2)cc1,CCOCC,3.0733511,val
9524,CN(C)c1ccc(/C=C/C=C/C=C/c2ccc(N(C)C)cc2)cc1,Cc1ccccc1,3.060798,val
9525,CN(C)c1ccc(/C=C/C=C/C=C/c2ccc(N(C)C)cc2)cc1,ClC(Cl)(Cl)Cl,3.0438378,val
9533,CN(C)c1ccc(/C=C/C=C/c2ccncc2)cc1,CC#N,3.2398553,val
9535,CN(C)c1ccc(/C=C/C=C/c2ccncc2)cc1,CO,3.227558,val
9538,CN(C)c1ccc(/C=C/C=C/c2nc3ccccc3o2)cc1,CC(C)=O,3.0302007,val
9543,CN(C)c1ccc(/C=C/C=C/c2nc3ccccc3o2)cc1,CN(C)C=O,3.0211773,val
9546,CN(C)c1ccc(/C=C/C=C/c2nc3ccccc3o2)cc1,ClC(Cl)(Cl)Cl,2.9862924,val
9547,CN(C)c1ccc(/C=C/C=C/c2nc3ccccc3o2)cc1,ClC(Cl)Cl,2.9836056,val
9555,CN(C)c1ccc(/C=C/C=C/c2nc3ccccc3s2)cc1,CCCCCC,2.9768927,val
9562,CN(C)c1ccc(/C=C/C=C/c2nc3ccccc3s2)cc1,ClC(Cl)(Cl)Cl,2.9366438,val
9566,CN(C)c1ccc(/C=C/C=C/c2nc3ccccc3s2)cc1,OCCO,2.9296138,val
9580,CN(C)c1ccc(/C=C/C=C2\CC/C(=C\C=C\c3ccc(N(C)C)cc3)C2=O)cc1,CS(C)=O,2.5107136,val
9582,CN(C)c1ccc(/C=C/C=C2\CC/C(=C\C=C\c3ccc(N(C)C)cc3)C2=O)cc1,ClC(Cl)(Cl)Cl,2.5066965,val
9584,CN(C)c1ccc(/C=C/C=C2\CC/C(=C\C=C\c3ccc(N(C)C)cc3)C2=O)cc1,OCC(F)(F)F,2.496037,val
9587,CN(C)c1ccc(/C=C/C=C2\CC/C(=C\C=C\c3ccc(N(C)C)cc3)C2=O)cc1,c1ccncc1,2.5290666,val
9614,CN(C)c1ccc(/C=C/C=C2\CCCC2=O)cc1,CCCCCC,3.0557415,val
9619,CN(C)c1ccc(/C=C/C=C2\CCCC2=O)cc1,CCOCC,3.0387228,val
9620,CN(C)c1ccc(/C=C/C=C2\CCCC2=O)cc1,CN(C)C=O,3.0191743,val
9623,CN(C)c1ccc(/C=C/C=C2\CCCC2=O)cc1,Cc1ccccc1,3.0092719,val
9628,CN(C)c1ccc(/C=C/C=C2\CCCC2=O)cc1,c1ccncc1,2.9968448,val
9630,CN(C)c1ccc(/C=C/C=N/N=C/c2ccc3ccc4cccc5ccc2c3c45)cc1,CC(C)(C)O,2.9295795,val
9634,CN(C)c1ccc(/C=C/C=N/N=C/c2ccc3ccc4cccc5ccc2c3c45)cc1,CO,2.9160507,val
9637,CN(C)c1ccc(/C=C/C=N/N=C/c2ccc3ccc4cccc5ccc2c3c45)cc1,ClCCl,2.9084666,val
9641,CN(C)c1ccc(/C=C/c2cc(/C=C/c3ccc(N(C)C)cc3)nc(N)n2)cc1,ClC(Cl)Cl,2.9723296,val
9650,CN(C)c1ccc(/C=C/c2ccc(-c3nc(C#N)c(C#N)n3C)cc2)cc1,C1CCCCC1,3.490708,val
9651,CN(C)c1ccc(/C=C/c2ccc(-c3nc(C#N)c(C#N)n3C)cc2)cc1,CC#N,3.4870663,val
9653,CN(C)c1ccc(/C=C/c2ccc(-c3nc(C#N)c(C#N)n3C)cc2)cc1,ClC(Cl)Cl,3.4577885,val
9654,CN(C)c1ccc(/C=C/c2ccc(-c3nnc(-c4ccc(-c5cc6ccccc6s5)cc4)o3)cc2)cc1,CC#N,3.4003205,val
9656,CN(C)c1ccc(/C=C/c2ccc(-c3nnc(-c4ccc(-c5cc6ccccc6s5)cc4)o3)cc2)cc1,CCCCCCCC,3.417563,val
9658,CN(C)c1ccc(/C=C/c2ccc(-c3nnc(-c4ccc(-c5cc6ccccc6s5)cc4)o3)cc2)cc1,CCCCCCCCO,3.410537,val
9659,CN(C)c1ccc(/C=C/c2ccc(-c3nnc(-c4ccc(-c5cc6ccccc6s5)cc4)o3)cc2)cc1,CCCCCO,3.404386,val
9660,CN(C)c1ccc(/C=C/c2ccc(-c3nnc(-c4ccc(-c5cc6ccccc6s5)cc4)o3)cc2)cc1,CCCO,3.3954272,val
9665,CN(C)c1ccc(/C=C/c2ccc(C#N)cc2)cc1,CC#N,3.2771847,val
9666,CN(C)c1ccc(/C=C/c2ccc(C#N)cc2)cc1,CCCCCC,3.3047557,val
9670,CN(C)c1ccc(/C=C/c2ccc3ncnc(Nc4ccccc4)c3c2)cc1,ClC(Cl)Cl,3.3052335,val
9675,CN(C)c1ccc(/C=C/c2ccccn2)cc1,C1COCCO1,3.4893584,val
9696,CN(C)c1ccc(/C=C/c2cnc(C#Cc3ccc(C#N)cc3)o2)cc1,ClCCl,2.9843535,val
9701,CN(C)c1ccc(/C=C/c2cnc3ccccc3n2)cc1,ClCCl,2.9500327,val
9702,CN(C)c1ccc(/C=C/c2cnccn2)cc1,ClCCl,3.3063972,val
9711,CN(C)c1ccc(/C=C/c2nc3c4ccccc4c4ccccc4c3[nH]2)cc1,CCOC(C)=O,3.1897938,val
9725,CN(C)c1ccc(/C=C/c2nc3ccc(N(C)C)cc3oc2=O)cc1,CCO,2.5211742,val
9736,CN(C)c1ccc(/C=C/c2nc3ccccc3s2)cc1,CC#N,3.1571023,val
9738,CN(C)c1ccc(/C=C/c2nc3ccccc3s2)cc1,CCCCCC,3.1986654,val
9747,CN(C)c1ccc(/C=C/c2nc3ccccc3s2)cc1,OCC(O)CO,3.11223,val
9756,CN(C)c1ccc(/C=C2/N=C(c3ccccc3)OC2=O)cc1,CC#N,2.6881564,val
9763,CN(C)c1ccc(/C=C2/N=C(c3ccccc3)OC2=O)cc1,CN(C)C=O,2.7134335,val
9767,CN(C)c1ccc(/C=C2\CC/C(=C\c3ccc(C#N)cc3)C2=O)cc1,C1CCOC1,2.6921055,val
9776,CN(C)c1ccc(/C=C2\CC/C(=C\c3ccc(C#N)cc3)C2=O)cc1,CCOC(C)=O,2.701057,val
9785,CN(C)c1ccc(/C=C2\CC/C(=C\c3ccc(C#N)cc3)C2=O)cc1,Clc1ccccc1Cl,2.6869507,val
9795,CN(C)c1ccc(/C=C2\CC/C(=C\c3ccc(N(C)C)cc3)C2=O)cc1,CCO,2.6506307,val
9798,CN(C)c1ccc(/C=C2\CC/C(=C\c3ccc(N(C)C)cc3)C2=O)cc1,CO,2.644437,val
9799,CN(C)c1ccc(/C=C2\CC/C(=C\c3ccc(N(C)C)cc3)C2=O)cc1,CS(C)=O,2.6208851,val
9800,CN(C)c1ccc(/C=C2\CC/C(=C\c3ccc(N(C)C)cc3)C2=O)cc1,Cc1ccccc1,2.661251,val
9802,CN(C)c1ccc(/C=C2\CC/C(=C\c3ccc(N(C)C)cc3)C2=O)cc1,ClC(Cl)Cl,2.6479926,val
9805,CN(C)c1ccc(/C=C2\CCCC2=O)cc1,CC#N,3.3001013,val
9820,CN(C)c1ccc(/C=C2\CCCC2=O)cc1,ClCCl,3.2591414,val
9821,CN(C)c1ccc(/C=C2\CCCC2=O)cc1,S=C=S,3.191103,val
9839,CN(C)c1ccc(C#Cc2cc(C#Cc3ccc(N(C)C)cc3)nc(Cl)n2)cc1,ClC(Cl)Cl,3.1202195,val
9842,CN(C)c1ccc(C#Cc2cc(C#N)c(C#Cc3ccccc3C#N)cc2C#N)cc1,ClC(Cl)Cl,2.6977956,val
9849,CN(C)c1ccc(C#Cc2ccc(-c3nc(C#N)c(C#N)n3C)cc2)cc1,CO,3.5735915,val
9852,CN(C)c1ccc(C#Cc2ccc(C#Cc3cc(C#N)ccc3C#N)cc2C#N)cc1,ClC(Cl)Cl,2.853851,val
9857,CN(C)c1ccc(C#Cc2ccc(C#Cc3ccccc3C#N)cc2C#N)cc1,ClC(Cl)Cl,3.0912728,val
9858,CN(C)c1ccc(C#Cc2ccc(C#N)cc2)cc1,C1CCCCC1,3.3788087,val
9861,CN(C)c1ccc(C#Cc2ccc(C#N)cc2)cc1,CC#N,3.376409,val
9866,CN(C)c1ccc(C#Cc2ccc(C#N)cc2)cc1,CCCCCCCCCCCCCCCC,3.3987381,val
9868,CN(C)c1ccc(C#Cc2ccc(C#N)cc2)cc1,CCOC(C)=O,3.3843014,val
9870,CN(C)c1ccc(C#Cc2ccc(C#N)cc2)cc1,CN(C)C=O,3.3661506,val
9876,CN(C)c1ccc(C#Cc2ccc(C=C(C#N)C(=O)O)cc2)cc1,ClCCl,2.9611256,val
9877,CN(C)c1ccc(C#Cc2ccc(C=C(C#N)C(=O)O)s2)cc1,ClCCl,2.7409372,val
9883,CN(C)c1ccc(C#Cc2ccc(C=O)cc2)cc1,CC(C)CC(C)(C)C,3.2918158,val
9898,CN(C)c1ccc(C#Cc2ccc3ccc4c(C#Cc5ccc(N(C)C)cc5)ccc5ccc2c3c54)cc1,CCCCCC,2.9030082,val
9899,CN(C)c1ccc(C#Cc2ccc3ccc4c(C#Cc5ccc(N(C)C)cc5)ccc5ccc2c3c54)cc1,CCCCCCO,2.8899887,val
9901,CN(C)c1ccc(C#Cc2ccc3ccc4c(C#Cc5ccc(N(C)C)cc5)ccc5ccc2c3c54)cc1,CCOC(C)=O,2.8715463,val
9903,CN(C)c1ccc(C#Cc2ccc3ccc4c(C#Cc5ccc(N(C)C)cc5)ccc5ccc2c3c54)cc1,Cc1ccccc1,2.8792179,val
9924,CN(C)c1ccc(C#Cc2nc(-c3ccccc3)nc3ccccc23)cc1,ClCCl,3.2252922,val
9926,CN(C)c1ccc(C#N)cc1,CC#N,4.213958,val
9941,CN(C)c1ccc(C(=Cc2ccc(/C=C/c3ccc(C#N)cc3)cc2)c2ccc(N(C)C)cc2)cc1,C1CCOC1,3.0366206,val
9950,CN(C)c1ccc(C(=O)Nc2ccc([N+](=O)[O-])cc2)cc1,C1CCOC1,3.611185,val
9960,CN(C)c1ccc(C(=O)c2ccccc2)cc1,CO,3.581812,val
9961,CN(C)c1ccc(C(=O)c2ccccc2)cc1,CS(C)=O,3.5515487,val
9973,CN(C)c1ccc(C2=C3C(=O)NC(c4ccc(N(C)C)cc4)=C3C(=O)N2)cc1,CS(C)=O,2.0701737,val
9984,CN(C)c1ccc(C2=CC=C(C(=O)O)CC2)cc1,C1CCOC1,3.2888138,val
9992,CN(C)c1ccc(C2=Cc3c4ccccc4c4ccccc4[n+]3[B-](F)(F)O2)cc1,CN(C)C=O,2.6389346,val
9995,CN(C)c1ccc(C2=Cc3c4ccccc4c4ccccc4[n+]3[B-](F)(F)O2)cc1,ClC(Cl)Cl,2.637639,val
9996,CN(C)c1ccc(C2=Cc3c4ccccc4cc[n+]3[B-](F)(F)O2)cc1,C1CCOC1,2.6834917,val
10003,CN(C)c1ccc(C2=Cc3c4ccccc4cc[n+]3[B-](F)(F)O2)cc1,CO,2.682272,val
10005,CN(C)c1ccc(C2=Cc3c4ccccc4cc[n+]3[B-](F)(F)O2)cc1,ClC(Cl)Cl,2.6802907,val
10010,CN(C)c1ccc(C2=Cc3cc(Cl)nc[n+]3[B-](F)(F)O2)cc1,ClC(Cl)Cl,2.7473803,val
10020,CN(C)c1ccc(C2=Cc3ccc4ccccc4[n+]3[B-](F)(F)O2)cc1,COC(C)=O,2.6898391,val
10023,CN(C)c1ccc(C2=Cc3cccc[n+]3[B-](F)(F)O2)cc1,C1COCCO1,2.8733997,val
10035,CN(C)c1ccc(C2=Nc3sc4c(F)c(F)c(F)c(F)c4[n+]3[B-](F)(F)O2)cc1,CC#N,2.9132023,val
10041,CN(C)c1ccc(C2=Nc3sc4cc(-c5ccc(C#N)cc5)ccc4[n+]3[B-](F)(F)O2)cc1,Cc1ccccc1,2.868036,val
10046,CN(C)c1ccc(C2=Nc3sc4cc(-c5ccc(C(F)(F)F)cc5)ccc4[n+]3[B-](F)(F)O2)cc1,Cc1ccccc1,2.895333,val
10051,CN(C)c1ccc(C2=Nc3sc4cc(-c5ccc(N(C)C)cc5)ccc4[n+]3[B-](F)(F)O2)cc1,Cc1ccccc1,2.8306763,val
10066,CN(C)c1ccc(C2=Nc3sc4cc(C(F)(F)F)ccc4[n+]3[B-](F)(F)O2)cc1,Cc1ccccc1,2.913211,val
10069,CN(C)c1ccc(C2=Nc3sc4cc(Cl)ccc4[n+]3[B-](F)(F)O2)cc1,CC#N,2.9066937,val
10082,CN(C)c1ccc(C2=Nc3sc4ccccc4[n+]3[B-](F)(F)O2)cc1,ClCCl,2.888887,val
10090,CN(C)c1ccc(C2=Nc3scc(-c4ccc(N(C)C)cc4)[n+]3[B-](F)(F)O2)cc1,ClCCl,2.9744163,val
10091,CN(C)c1ccc(C2=Nc3scc(-c4ccc([N+](=O)[O-])cc4)[n+]3[B-](F)(F)O2)cc1,C1CCOC1,2.9657478,val
10099,CN(C)c1ccc(C2=Nc3scc[n+]3[B-](F)(F)O2)cc1,C1CCOC1,3.0085373,val
10106,CN(C)c1ccc(C2=[N+]3C(=Nc4c(-c5ccccc5)cc(-c5ccc(N(C)C)cc5)n4[B-]3(F)F)C(c3ccccc3)=C2)cc1,ClC(Cl)Cl,1.6927226,val
10113,CN(C)c1ccc(C=C/C=C/C=C/c2ccc(C#N)cc2)cc1,CCCCOCCCC,3.037143,val
10115,CN(C)c1ccc(C=C/C=C/C=C/c2ccc(C#N)cc2)cc1,CCOCC,3.03315,val
10135,CN(C)c1ccc(C=Cc2ccn3cc(-c4ccccc4-c4ccc(Cl)cc4)nc3c2)cc1,Cc1ccccc1,3.0919738,val
10136,CN(C)c1ccc(C=O)cc1,CCO,3.543797,val
10137,CN(C)c1ccc(C=c2c(O)c3ccccc3c3c2=Nc2ccccc2N3)cc1,C1CCOC1,2.3214402,val
10143,CN(C)c1ccc(N=Nc2ccc(C(=O)ON3C(=O)CCC3=O)cc2)cc1,CO,2.7588093,val
10152,CN(C)c1ccc2c(CC(=O)O)cc(=O)oc2c1,CO,3.4979458,val
10154,CN(C)c1ccc2c(c1)-c1ccccc1C2=O,C1CCCCC1,2.910967,val
10156,CN(C)c1ccc2c(c1)-c1ccccc1C2=O,CCO,2.8756757,val
10161,CN(C)c1ccc2c(c1)C(=O)NC2=O,CC(C)(C)O,3.2572806,val
10162,CN(C)c1ccc2c(c1)C(=O)NC2=O,CC(C)=O,3.272375,val
10164,CN(C)c1ccc2c(c1)C(=O)NC2=O,CCOCC,3.282587,val
10169,CN(C)c1ccc2c(c1)C(=O)c1ccccc1-2,CCO,2.5827127,val
10178,CN(C)c1ccc2c(c1)C(C)(C)c1cc(-c3ccc4nsnc4c3)ccc1-2,O,2.8990605,val
10192,CN(C)c1ccc2c(c1)C(C)(C)c1cc(C=C(C#N)C#N)ccc1-2,O,2.647796,val
10194,CN(C)c1ccc2c(c1)C(C)(C)c1cc(C=O)ccc1-2,CC#N,3.2263913,val
10195,CN(C)c1ccc2c(c1)C(C)(C)c1cc(C=O)ccc1-2,CCCCCC,3.2596502,val
10207,CN(C)c1ccc2c(c1)CCc1cc(C=O)ccc1-2,CO,3.3021767,val
10209,CN(C)c1ccc2c(c1)CCc1cc(C=O)ccc1-2,ClCCl,3.2797217,val
10215,CN(C)c1ccc2c(c1)c1cccc3c(-c4ccccc4)nc2n31,CO,2.546205,val
10217,CN(C)c1ccc2c3c(ccc2c1)C(=O)CCC3,C1CCCCC1,3.4727426,val
10219,CN(C)c1ccc2c3c(ccc2c1)C(=O)CCC3,CC(C)O,3.4645526,val
10225,CN(C)c1ccc2c3c(ccc2c1)C(=O)CCC3,ClCCl,3.4595156,val
10229,CN(C)c1ccc2c3c(ccc2c1)CCCC3=O,CC(C)O,3.1575096,val
10232,CN(C)c1ccc2c3c(ccc2c1)CCCC3=O,CCOC(C)=O,3.1866958,val
10234,CN(C)c1ccc2c3c(ccc2c1)CCCC3=O,Cc1ccccc1,3.1586351,val
10240,CN(C)c1ccc2c3ccc4c5c(ccc(c6cccc1c62)c53)C(=O)OC4=O,CS(C)=O,2.4068348,val
10243,CN(C)c1ccc2cc(C#Cc3cn([C@H]4C[C@H](O)[C@@H](CO)O4)c4ncnc(N)c34)ccc2c1,CC(C)O,3.6595242,val
10251,CN(C)c1ccc2cc(C(/C=C/c3c[nH]c4ccccc34)=C(C#N)C#N)c(=O)oc2c1,ClCCl,2.6669009,val
10274,CN(C)c1ccc2cc3c(cc2c1)C(=O)CC3,ClCCl,3.2158532,val
10280,CN(C)c1ccc2nc(-c3ccc(C(=O)Nc4ccccc4)cc3)sc2c1,C1CCCCC1,3.2733033,val
10285,CN(C)c1ccc2nc(-c3ccc(C(=O)Nc4ccccc4)cc3)sc2c1,ClC(Cl)Cl,3.1804924,val
10286,CN(C)c1ccc2nc(-c3ccc(C(=O)Nc4ccccc4)cc3)sc2c1,c1ccccc1,3.2050886,val
10292,CN(C)c1ccc2nc(-c3ccc(C(=O)O)cc3)sc2c1,ClC(Cl)Cl,3.1301317,val
10294,CN(C)c1ccc2nc(-c3ccc(C(=O)OC(C)(C)C)cc3)sc2c1,C1CCCCC1,3.2743516,val
10295,CN(C)c1ccc2nc(-c3ccc(C(=O)OC(C)(C)C)cc3)sc2c1,CC#N,3.2548444,val
10305,CN(C)c1ccc2nc(-c3ccc(C(=O)OC[C@H](NC(=O)OC(C)(C)C)C(=O)OCc4ccccc4)cc3)sc2c1,CS(C)=O,3.111385,val
10308,CN(C)c1ccc2nc(-c3ccccc3)c(=O)oc2c1,c1ccccc1,3.0863454,val
10326,CN(C)c1ccc2nc(/C=C/c3cc4c5c(c3)CCCN5CCC4)c(=O)oc2c1,ClC(Cl)Cl,2.3736508,val
10331,CN(C)c1ccc2nc(/C=C/c3ccccc3)c(=O)oc2c1,CC(C)=O,2.7252254,val
10336,CN(C)c1ccc2nc(/C=C/c3ccccc3)c(=O)oc2c1,CS(C)=O,2.6596406,val
10337,CN(C)c1ccc2nc(/C=C/c3ccccc3)c(=O)oc2c1,Cc1ccccc1,2.7161915,val
10341,CN(C)c1ccc2nc3c(cc2c1)c(-c1ccccc1)nn3-c1ccccc1,C1CCOC1,2.7903972,val
10347,CN(C)c1ccc2nn(C)c(-c3ccc(C=C(C#N)C#N)o3)c2c1,ClCCl,2.6245692,val
10350,CN(C)c1ccc2nn(C)c(-c3ccc(C=O)o3)c2c1,ClCCl,2.977965,val
10377,CN(C)c1cccc2c1ccc1c(=O)oc(-c3ccc(C(F)(F)F)cc3)cc12,CC(C)=O,3.316486,val
10379,CN(C)c1cccc2c1ccc1c(=O)oc(-c3ccc(C(F)(F)F)cc3)cc12,CCCCO,3.3352456,val
10381,CN(C)c1cccc2c1ccc1c(=O)oc(-c3ccc(C(F)(F)F)cc3)cc12,ClC(Cl)Cl,3.2877097,val
10385,CN(C)c1nc(-c2ccc(/C=C(\C#N)C(=O)O)cc2)nc(-c2ccc(N(c3ccccc3)c3ccccc3)cc2)n1,CN(C)C=O,3.008609,val
10393,CN(C)c1nc(N)c2nc(C#N)n(Cc3ccccc3)c2n1,C1COCCO1,3.6505265,val
10396,CN(C)c1nc(N)c2nc(C#N)n(Cc3ccccc3)c2n1,ClCCl,3.654289,val
10405,CN(CC(=O)O)c1ccc(C2=C([O-])C(=C3C=CC(=[N+](C)CC(=O)O)C=C3)C2=O)cc1,C1CCOC1,1.9524521,val
10415,CN(CC(O)c1cccc(O)c1)c1ccc([N+](=O)[O-])c(C2CC(c3cccc4ccccc34)=NN2c2ccccc2)c1,CCOC(C)=O,3.1675127,val
10425,CN(CCO)c1ccc(/C=C/C(=O)c2ccc(NC(=O)C3C=CCCC3)cc2)cc1,CS(C)=O,2.9515224,val
10438,CN(CCO)c1ccc(/C=C/C(=O)c2ccc(NC(=O)N3CCOCC3)cc2)cc1,CS(C)=O,2.8406103,val
10441,CN(CCO)c1ccc(/C=C/C(=O)c2ccc(NC(=O)c3c(F)c(F)c(F)c(F)c3F)cc2)cc1,CS(C)=O,2.8991268,val
10442,CN(CCO)c1ccc(/C=C/C(=O)c2ccc(NC(=O)c3c(F)cc(F)cc3F)cc2)cc1,CS(C)=O,2.8891861,val
10444,CN(CCO)c1ccc(/C=C/C(=O)c2ccc(NC(=O)c3c(F)ccc(F)c3Cl)cc2)cc1,CS(C)=O,2.841153,val
10449,CN(CCO)c1ccc(/C=C/C(=O)c2ccc(NC(=O)c3cc(C(F)(F)F)cc(Cl)c3F)cc2)cc1,CS(C)=O,2.901133,val
10450,CN(CCO)c1ccc(/C=C/C(=O)c2ccc(NC(=O)c3cc(C(F)(F)F)ccc3Cl)cc2)cc1,CS(C)=O,2.8709373,val
10451,CN(CCO)c1ccc(/C=C/C(=O)c2ccc(NC(=O)c3cc(C(F)(F)F)ccc3F)cc2)cc1,CS(C)=O,2.9037542,val
10454,CN(CCO)c1ccc(/C=C/C(=O)c2ccc(NC(=O)c3cc(F)c(Cl)cc3Cl)cc2)cc1,CS(C)=O,2.828453,val
10457,CN(CCO)c1ccc(/C=C/C(=O)c2ccc(NC(=O)c3cc(F)ccc3C(F)(F)F)cc2)cc1,CS(C)=O,2.8832006,val
10458,CN(CCO)c1ccc(/C=C/C(=O)c2ccc(NC(=O)c3cc(F)ccc3Cl)cc2)cc1,CS(C)=O,2.8412156,val
10471,CN(CCO)c1ccc(/C=C/C(=O)c2ccc(NC(=O)c3ccc(C(F)(F)F)cc3)cc2)cc1,CS(C)=O,2.8782449,val
10484,CN(CCO)c1ccc(/C=C/C(=O)c2ccc(NC(=O)c3ccc([N+](=O)[O-])cc3Cl)cc2)cc1,CS(C)=O,2.84923,val
10488,CN(CCO)c1ccc(/C=C/C(=O)c2ccc(NC(=O)c3cccc(Cl)c3Cl)cc2)cc1,CS(C)=O,2.815223,val
10492,CN(CCO)c1ccc(/C=C/C(=O)c2ccc(NC(=O)c3ccccc3Cl)cc2)cc1,CS(C)=O,2.824088,val
10495,CN(CCO)c1ccc(/C=C/C(=O)c2ccc(NC(=O)c3cccnc3)cc2)cc1,CS(C)=O,2.850327,val
10496,CN(CCO)c1ccc(/C=C/C(=O)c2ccc(NC(=O)c3cccnc3Cl)cc2)cc1,CS(C)=O,2.8561244,val
10497,CN(CCO)c1ccc(/C=C/C(=O)c2ccc(NC(=O)c3ccco3)cc2)cc1,CS(C)=O,2.88223,val
10515,CN(CCO)c1ccc(/C=C/C2=CC(=C(C#N)C#N)CC(C)(C)C2)cc1,CCCCO,2.4903812,val
10518,CN(CCO)c1ccc(/C=C/C2=CC(=C(C#N)C#N)CC(C)(C)C2)cc1,c1ccccc1,2.425005,val
10522,CN(CCO[Si](C)(C)C(C)(C)C)c1ccc(-c2ccc(-c3ccc(/C=C(/C#N)C(=O)O)s3)s2)cc1,C1CCOC1,2.5882373,val
10532,CN(CCO[Si](C)(C)C(C)(C)C)c1ccc(-c2ccc(C=C(C#N)C(=O)O)s2)cc1,C1CCOC1,2.709027,val
10535,CN(CCO[Si](C)(C)C(C)(C)C)c1ccc(/C=C/c2ccc(C=C(C#N)C(=O)O)s2)cc1,ClCCl,2.4574707,val
10566,CN1C(=CC2=C([O-])C(=CC3=[N+](C)c4ccc(Cl)cc4C3(C)C)C2=O)C(C)(C)c2cc(Cl)ccc21,CO,2.017394,val
10569,CN1C(=CC2=C([O-])C(=CC3=[N+](C)c4ccccc4C3(C)C)C2=C(C#N)C#N)C(C)(C)c2ccccc21,ClC(Cl)Cl,1.9152317,val
10571,CN1C(=CC2=C([O-])C(=CC3=[N+](C)c4ccccc4C3(C)C)C2=C2C(=O)c3ccccc3C2=O)C(C)(C)c2ccccc21,ClC(Cl)Cl,1.8692747,val
10578,CN1C(=CC2=C([O-])C(=Cc3oc(-c4ccc(-c5ccccc5)cc4)c[n+]3C)C2=C(C#N)C#N)C(C)(C)c2ccccc21,ClC(Cl)Cl,1.7727561,val
10589,CN1C(=CC=C2C=CC(=O)c3ncccc32)C=Cc2ccccc21,C1CCOC1,2.314723,val
10602,CN1C(=CN=Nc2ccc(C=C3SC(=S)N(c4ccc(O)cc4)C3=O)cc2)C(C)(C)c2ccccc21,C1CCOC1,2.3947525,val
10606,CN1C(=CN=Nc2ccc3c4c(cccc24)C(=O)NC3=O)C(C)(C)c2ccccc21,C1CCOC1,2.4183402,val
10609,CN1C(=O)/C(=C/c2ccncc2)N=C1/C=C/c1ccccc1,CCO,3.0652354,val
10613,CN1C(=O)/C(=C/c2ccncc2)N=C1/C=C/c1ccncc1,CC#N,3.045272,val
10630,CN1C(=O)c2cccc3cc(N=Cc4ccc(C=Nc5cc6c7c(cccc7c5)C(=O)N(C)C6=O)s4)cc(c23)C1=O,ClC(Cl)Cl,3.093157,val
10634,CN1C(C(=O)Nc2ccccn2)=C(O)c2ccccc2S1(=O)=O,CCCO,3.708467,val
10635,CN1C(C(=O)Nc2ccccn2)=C(O)c2ccccc2S1(=O)=O,CCO,3.70763,val
10644,CN1C(C(=O)Nc2ccccn2)=C(O)c2sccc2S1(=O)=O,CO,3.5668378,val
10651,CN1CCCc2cc3c(C(F)(F)F)cc(=O)oc3cc21,C1CCCCC1,3.2182794,val
10654,CN1CCN(CCCN2c3ccccc3Sc3ccc(C(F)(F)F)cc32)CC1,CC#N,3.9264102,val
10666,CN1CCN(c2ccc3c4c(cccc24)C(=O)c2ccccc2-3)CC1,CCCCCCCCO,2.7916627,val
10668,CN1CCN(c2ccc3c4c(cccc24)C(=O)c2ccccc2-3)CC1,CCCCO,2.7732797,val
10673,CN1CCN(c2ccc3c4c(cccc24)C(=O)c2ccccc2-3)CC1,CO,2.7465367,val
10677,CN1CCN(c2cccc(/C=C/c3ncc(-c4ccc(OCc5ccccc5)c(OCc5ccccc5)c4)o3)c2)CC1,ClCCl,3.5508814,val
10678,CN1CCc2cc(C3=Cc4cccc[n+]4[B-](F)(F)O3)ccc21,ClC(Cl)Cl,2.8222027,val
10689,CN1c2ccc(C(=O)c3ccccc3)cc2Sc2cc(C(=O)c3ccccc3)ccc21,C1CCCCC1,3.0892472,val
10705,CN1c2ccccc2Sc2cc(N=Cc3cccc4c3N(C)c3ccccc3S4)ccc21,ClCCl,3.2739363,val
10713,CNC(=O)[C@H](C)NC(=O)c1cccc2c1C#Cc1c(N)cccc1OCCCO2,ClCCl,3.6591349,val
10718,CNC(=O)c1ccc(-c2c3ccccc3nn2C)s1,ClCCl,3.6102195,val
10721,CNC1=C2C=CC=[N+]2[B-](F)(F)n2cccc21,CCO,3.101749,val
10724,CNc1cc2nc3cc(Cl)c(Cl)cc3nc2cc1NC,CCO,2.7494287,val
10725,CNc1cc2nc3cc(F)c(F)cc3nc2cc1NC,CCO,2.8621128,val
10726,CNc1ccc(/C=C/C#N)cc1,C1CCCCC1,3.582104,val
10727,CNc1ccc(/C=C/C#N)cc1,C1CCOC1,3.5787182,val
10734,CNc1ccc(/C=C/C#N)cc1,ClC(Cl)Cl,3.5590253,val
10735,CNc1ccc2c(c1)-c1ccccc1C2=O,C1CCCCC1,2.8463478,val
10737,CNc1ccc2c(c1)-c1ccccc1C2=O,CCO,2.8213406,val
10742,CNc1ccc2c(c1)C(=O)c1ccccc1-2,c1ccccc1,2.546164,val
10744,CNc1ccc2nc3cc(Cl)c(Cl)cc3nc2c1,CCO,2.8536181,val
10756,CNc1cccc2c1C(=O)c1ccccc1C2=O,CC1CCCCC1,2.4938884,val
10760,CNc1ccccc1,CCCCCC,4.755581,val
10761,CNc1nc2cc3c(C)c(C(N)=O)c(=O)oc3cc2n1Cc1ccc2c(c1)OCO2,CCO,3.3335967,val
10764,CNc1ncc2nc(C#N)n(Cc3ccccc3)c2n1,CO,3.631583,val
10769,CNc1ncc2nc(C(=O)OC)n(Cc3ccccc3)c2n1,ClCCl,3.6108594,val
10772,CNc1ncnc2cc(-c3ccc(N(C)C)cc3)n3nc(-c4ccc(N(C)C)cc4)cc3c12,CCOCC,3.4538808,val
10783,COC(=O)/C(C#N)=C/c1cn(-c2ccccc2)nc1-c1ccc([N+](=O)[O-])cc1,C1COCCO1,3.6480129,val
10787,COC(=O)/C(C#N)=C/c1cn(-c2ccccc2)nc1-c1ccc([N+](=O)[O-])cc1,CO,3.6454432,val
10796,COC(=O)/C=C/C=C/c1ccc(N(C)C)cc1,CC#N,3.2264009,val
10803,COC(=O)/C=C/C=C/c1ccc(N(C)C)cc1,ClCCl,3.1884654,val
10806,COC(=O)/C=C/c1ccc2ccc3cccc4ccc1c2c34,C1COCCO1,3.3871365,val
10809,COC(=O)/C=C/c1ccc2ccc3cccc4ccc1c2c34,CC(C)=O,3.3768463,val
10811,COC(=O)/C=C/c1ccc2ccc3cccc4ccc1c2c34,CCOC(C)=O,3.3898988,val
10814,COC(=O)/C=C/c1ccc2ccc3cccc4ccc1c2c34,ClCCl,3.3519912,val
10816,COC(=O)/C=C/c1sc(-c2ccc(N(C)C)cc2)c(-c2ccc(OC)cc2)c1O,CC#N,3.1005502,val
10818,COC(=O)/C=C/c1sc(-c2ccc(N(C)C)cc2)cc1N,CC#N,2.9687972,val
10822,COC(=O)C(C)(C)C1Oc2ccc(C(C)C)cc2C(=O)/C1=C\NS(=O)(=O)c1ccc(C)cc1,ClCCl,3.2791338,val
10834,COC(=O)C(C)(C)C1Oc2ccccc2C(=O)/C1=C\O,ClCCl,3.440203,val
10836,COC(=O)C(CCCCNC(=O)CCNc1cccc2ccccc12)NC(C)=O,CCO,3.8226626,val
10840,COC(=O)C(Cc1ccc2oc(-c3c4ccccc4cc4ccccc34)nc2c1)NC(=O)OC(C)(C)C,CC#N,3.1779346,val
10845,COC(=O)C(Cc1ccc2oc(-c3c4ccccc4cc4ccccc34)nc2c1)NC(=O)OC(C)(C)C,CC1CCCCC1,3.1601756,val
10849,COC(=O)C(Cc1ccc2oc(-c3c4ccccc4cc4ccccc34)nc2c1)NC(=O)OC(C)(C)C,CCCCO,3.160737,val
10852,COC(=O)C(Cc1ccc2oc(-c3c4ccccc4cc4ccccc34)nc2c1)NC(=O)OC(C)(C)C,CN(C)C=O,3.1338701,val
10865,COC(=O)C(Cc1ccc2oc(-c3ccc(-n4c5ccccc5c5ccccc54)cc3)nc2c1)NC(=O)OC(C)(C)C,C1CCOC1,3.608329,val
10873,COC(=O)C(Cc1ccc2oc(-c3ccc(-n4c5ccccc5c5ccccc54)cc3)nc2c1)NC(=O)OC(C)(C)C,CC1CCCO1,3.6071262,val
10876,COC(=O)C(Cc1ccc2oc(-c3ccc(-n4c5ccccc5c5ccccc54)cc3)nc2c1)NC(=O)OC(C)(C)C,CCCCCO,3.6141045,val
10879,COC(=O)C(Cc1ccc2oc(-c3ccc(-n4c5ccccc5c5ccccc54)cc3)nc2c1)NC(=O)OC(C)(C)C,CO,3.609703,val
10880,COC(=O)C(Cc1ccc2oc(-c3ccc(-n4c5ccccc5c5ccccc54)cc3)nc2c1)NC(=O)OC(C)(C)C,OCCO,3.6028721,val
10881,COC(=O)C(Cc1ccc2oc(-c3ccc(N(C)C)cc3)nc2c1)NC(=O)OC(C)(C)C,CCCCO,3.5626545,val
10887,COC(=O)C(Cc1ccc2oc(-c3ccc(N(C)C)cc3)nc2c1)NC(=O)OC(C)(C)C,Cc1ccccc1,3.5382042,val
10888,COC(=O)C(Cc1ccc2oc(-c3ccc(N(C)C)cc3)nc2c1)NC(=O)OC(C)(C)C,Cc1ccccc1C,3.539153,val
10890,COC(=O)C(Cc1ccc2oc(-c3ccc(N(C)c4ccccc4)cc3)nc2c1)NC(=O)OC(C)(C)C,C1CCCCC1,3.5526953,val
10893,COC(=O)C(Cc1ccc2oc(-c3ccc(N(C)c4ccccc4)cc3)nc2c1)NC(=O)OC(C)(C)C,CC#N,3.5464764,val
10894,COC(=O)C(Cc1ccc2oc(-c3ccc(N(C)c4ccccc4)cc3)nc2c1)NC(=O)OC(C)(C)C,CC(C)=O,3.5479784,val
10899,COC(=O)C(Cc1ccc2oc(-c3ccc(N(C)c4ccccc4)cc3)nc2c1)NC(=O)OC(C)(C)C,CC1CCCO1,3.5416467,val
10903,COC(=O)C(Cc1ccc2oc(-c3ccc(N(C)c4ccccc4)cc3)nc2c1)NC(=O)OC(C)(C)C,CCCCCC,3.563766,val
10907,COC(=O)C(Cc1ccc2oc(-c3ccc(N(C)c4ccccc4)cc3)nc2c1)NC(=O)OC(C)(C)C,CCCCCCO,3.5576773,val
10913,COC(=O)C(Cc1ccc2oc(-c3ccc(N(C)c4ccccc4)cc3)nc2c1)NC(=O)OC(C)(C)C,CN(C)C=O,3.52467,val
10915,COC(=O)C(Cc1ccc2oc(-c3ccc(N(C)c4ccccc4)cc3)nc2c1)NC(=O)OC(C)(C)C,COCCOC,3.5453365,val
10923,COC(=O)C(Cc1ccc2oc(-c3ccc(N(C)c4ccccc4)cc3)nc2c1)NC(=O)OC(C)(C)C,OCCO,3.5422418,val
10924,COC(=O)C(Cc1ccc2oc(-c3ccc(N(C)c4ccccc4)cc3)nc2c1)NC(=O)OC(C)(C)C,c1ccccc1,3.5027442,val
10931,COC(=O)C(Cc1ccc2oc(-c3ccc(N(c4ccccc4)c4ccccc4)cc3)nc2c1)NC(=O)OC(C)(C)C,CCCCCCCC,3.4792814,val
10936,COC(=O)C(Cc1ccc2oc(-c3ccc(N(c4ccccc4)c4ccccc4)cc3)nc2c1)NC(=O)OC(C)(C)C,CO,3.4778876,val
10940,COC(=O)C(Cc1ccc2oc(-c3ccc(N(c4ccccc4)c4ccccc4)cc3)nc2c1)NC(=O)OC(C)(C)C,ClCCl,3.480356,val
10960,COC(=O)C(Cc1ccc2oc(-c3ccc(Nc4ccccc4)cc3)nc2c1)NC(=O)OC(C)(C)C,CCCCCCO,3.5673025,val
10974,COC(=O)C(Cc1ccc2oc(-c3ccc(Nc4ccccc4)cc3)nc2c1)NC(=O)OC(C)(C)C,OCCO,3.5533748,val
10986,COC(=O)C(NC(=O)OC(C)(C)C)c1ccc2oc(-c3cc(C(F)(F)F)cc(C(F)(F)F)c3)nc2c1,CO,3.872915,val
10995,COC(=O)C(NC(=O)OC(C)(C)C)c1ccc2oc(-c3cc(OC)ccc3OC)nc2c1,CO,3.8128796,val
10997,COC(=O)C(NC(=O)OC(C)(C)C)c1ccc2oc(-c3ccc(C#N)cc3)nc2c1,CO,3.6998374,val
10998,COC(=O)C(NC(=O)OC(C)(C)C)c1ccc2oc(-c3ccc(F)cc3)nc2c1,CC#N,3.918046,val
10999,COC(=O)C(NC(=O)OC(C)(C)C)c1ccc2oc(-c3ccc(F)cc3)nc2c1,CC1CCCCC1,3.9160154,val
11000,COC(=O)C(NC(=O)OC(C)(C)C)c1ccc2oc(-c3ccc(F)cc3)nc2c1,CO,3.925418,val
11006,COC(=O)C(NC(=O)OC(C)(C)C)c1ccc2oc(-c3ccc(O)cc3O)nc2c1,CO,3.7467551,val
11011,COC(=O)C(NC(=O)OC(C)(C)C)c1ccc2oc(-c3ccc(OC(=O)c4ccccc4)cc3OC(=O)c3ccccc3)nc2c1,CC1CCCCC1,3.9746487,val
11020,COC(=O)C1=C(C(=O)OC)C2(c3ccccc3-c3c(C(=O)OC)cccc32)[C@@H](c2ccc(Cl)cc2)C=C2c3cc(OC)c(OC)cc3CCN21,ClCCl,3.9152923,val
11024,COC(=O)C1=C(C(=O)OC)C2(c3ccccc3-c3ccccc32)[C@@H](c2ccccc2)C=C2c3cc(OC)c(OC)cc3CCN21,ClCCl,3.9904695,val
11030,COC(=O)C1=C(C(=O)OC)C2=C[C@H]3c4ccccc4[C@]2(S1)c1ccccc13,ClCCl,3.5352097,val
11033,COC(=O)C1=C(C(N)=O)N2N=Cc3ccccc3C2C1C(=O)OC,CCO,3.3316731,val
11034,COC(=O)C1=C(C)NC2=C(C(=O)C(C)(C)CC2)C1c1cccc(Cl)c1,CO,3.6393516,val
11036,COC(=O)C1=C(C)NC2=C(C(=O)C(C)(C)CC2)C1c1ccccc1Cl,CO,3.5906363,val
11037,COC(=O)C1=C2C=CC=NN2C(C(=O)OC)C1,C1CCCCC1,2.869477,val
11038,COC(=O)C1CC(C#N)=C2C=CC=NN21,C1CCCCC1,2.421549,val
11039,COC(=O)CC1(C(=O)O)Oc2c(c(C(C)=O)c3c(c2C(C)=O)OCO3)O1,CC#N,2.980723,val
11048,COC(=O)CCN(CCNc1ccc2c3n(c(=O)c4cccc1c42)CCN=3)CCC(=O)OC,ClC(Cl)Cl,2.8997653,val
11053,COC(=O)CN1C(=O)c2cc3ccc(N(C)C)cc3cc2C1=O,CC#N,3.3061857,val
11063,COC(=O)CN1C(=O)c2cccc3c(N4CCOCC4)ccc(c23)C1=O,CS(C)=O,3.1394796,val
11066,COC(=O)CN1C(=O)c2cccc3c(Nc4cnccn4)ccc(c23)C1=O,CS(C)=O,3.0769315,val
11068,COC(=O)CNC(=O)c1nc2c(N(C)C)nc(N(C)C)nc2n1Cc1ccccc1,C1COCCO1,3.7248783,val
11073,COC(=O)COc1ccc(/C=C/C2=[N+]3C(=C(c4ccc(N(C)C)cc4)c4c(C)cc(C)n4[B-]3(F)F)C(C)=C2)cc1,CO,2.2141178,val
11083,COC(=O)C[C@H](Cc1c[nH]c2ccccc12)NC(=O)[C@H](CC(=O)N[C@@H](CC1=CCc2ccccc21)C(=O)OC)NC(=O)[C@H](Cc1c[nH]c2ccccc12)NC(=O)OC(C)(C)C,CO,4.4182177,val
11098,COC(=O)c1[nH]c(-c2ccc(OC)cc2)c2nnc3ccc(OC)cc3c12,ClCCl,3.2078874,val
11102,COC(=O)c1[nH]c(-c2ccccc2)c2nnc3ccsc3c12,ClCCl,3.168192,val
11117,COC(=O)c1c(C(=O)OC)c2ccc(C=Cc3c4ccccc4cc4ccccc34)nn2c1C(=O)OC,CCCCCC,2.82935,val
11127,COC(=O)c1c(C)nn(-c2nc3ccccc3s2)c1-c1ccccc1O,CS(C)=O,3.6605587,val
11129,COC(=O)c1c(C=Cc2ccc(C=Cc3cc(OC)c(OC)c(OC)c3)cc2)oc2cc3c(C(=O)OC)c(C=Cc4ccc(C=Cc5cc(OC)c(OC)c(OC)c5)cc4)oc3cc12,ClCCl,2.6270218,val
11131,COC(=O)c1c(C=Cc2ccc(C=Cc3ccc(C)cc3)cc2)oc2cc3c(C(=O)OC)c(C=Cc4ccc(C=Cc5ccc(C)cc5)cc4)oc3cc12,ClCCl,2.7341387,val
11133,COC(=O)c1c(C=Cc2ccc(C=Cc3ccc(F)cc3)cc2)oc2cc3c(C(=O)OC)c(C=Cc4ccc(C=Cc5ccc(F)cc5)cc4)oc3cc12,ClCCl,2.8144913,val
11137,COC(=O)c1c(C=Cc2ccc(C=Cc3ccc4ccccc4c3)cc2)oc2cc3c(C(=O)OC)c(C=Cc4ccc(C=Cc5ccc6ccccc6c5)cc4)oc3cc12,ClCCl,2.7833774,val
11138,COC(=O)c1c2c(cc3ccc(N(C)C)cc13)CCC2,ClCCl,3.3311222,val
11143,COC(=O)c1c2ccccc2nc2ccccc12,CCCCO,3.505427,val
11151,COC(=O)c1cc(/C=C/c2ccc(F)cc2)n2ccc3ccccc3c12,ClCCl,3.2300246,val
11153,COC(=O)c1cc(/C=C/c2ccccc2)n2ccccc12,ClCCl,3.3637257,val
11174,COC(=O)c1cc(=O)n(C)c2cc(-c3ccc(OC)cc3)sc12,CS(C)=O,3.0532293,val
11178,COC(=O)c1cc(=O)n(C)c2cc(-c3ccc(Oc4ccccc4)cc3)sc12,CC#N,3.1244469,val
11180,COC(=O)c1cc(=O)n(C)c2cc(-c3ccc4c(c3)OCCO4)sc12,CC#N,3.1215355,val
11182,COC(=O)c1cc(=O)n(C)c2cc(-c3ccc4c(c3)OCO4)sc12,ClCCl,3.0855231,val
11185,COC(=O)c1cc(=O)n(C)c2cc(-c3cccc(OC)c3)sc12,CC#N,3.2178144,val
11187,COC(=O)c1cc(=O)n(C)c2cc(-c3ccccc3)sc12,CC#N,3.1806755,val
11192,COC(=O)c1cc(=O)n(C)c2cc(-c3ccccc3OC)sc12,ClCCl,3.049848,val
11194,COC(=O)c1cc(=O)n(Cc2ccccc2)c2cc(-c3ccc(N(C)C)cc3)sc12,ClCCl,2.8376055,val
11208,COC(=O)c1cc2c3ccccc3n(C)c2c(-c2nc3cc(C(=O)c4ccccc4)ccc3[nH]2)n1,ClC(Cl)Cl,3.2280438,val
11219,COC(=O)c1cc2nc3c4ccccc4c4ccccc4c3nc2cc1C(=O)OC,CN(C)C=O,3.1121786,val
11221,COC(=O)c1ccc(-c2cc3ccc4cccc5ccc(c2)c3c45)cc1,Cc1ccccc1,3.6395226,val
11223,COC(=O)c1ccc(-c2ccc(-c3nnc(-c4ccc(-c5nnc(-c6ccc(-c7ccc(C(=O)OC)cc7)s6)o5)cc4)o3)s2)cc1,CC#N,3.581533,val
11224,COC(=O)c1ccc(-c2ccc(-c3nnc(-c4ccc(-c5nnc(-c6ccc(-c7ccc(C(=O)OC)cc7)s6)o5)cc4)o3)s2)cc1,CC(=O)N(C)C,3.5510397,val
11231,COC(=O)c1ccc(-c2ccc(-c3nnc(-c4ccc(-c5nnc(-c6ccc(-c7ccc(C(=O)OC)cc7)s6)o5)cc4)o3)s2)cc1,Cc1ccccc1,3.539517,val
11233,COC(=O)c1ccc(-c2ccc(/C=C/c3cc(C)c4n3[B-](F)(F)[N+]3=CC=CC3=C4)cc2)cc1,CS(C)=O,2.2530859,val
11241,COC(=O)c1ccc(-c2ccc3c(c2)[Si](c2ccccc2)(c2ccccc2)c2cc(-c4ccc(C(=O)OC)cc4)ccc2N3)cc1,C1CCOC1,3.3183734,val
11245,COC(=O)c1ccc(-c2ccc3c(c2)[Si](c2ccccc2)(c2ccccc2)c2cc(-c4ccc(C(=O)OC)cc4)ccc2N3)cc1,CN(C)C=O,3.309672,val
11246,COC(=O)c1ccc(-c2ccc3c(c2)[Si](c2ccccc2)(c2ccccc2)c2cc(-c4ccc(C(=O)OC)cc4)ccc2N3)cc1,CO,3.325126,val
11247,COC(=O)c1ccc(-c2ccc3c(c2)[Si](c2ccccc2)(c2ccccc2)c2cc(-c4ccc(C(=O)OC)cc4)ccc2N3)cc1,Cc1ccccc1,3.2933965,val
11248,COC(=O)c1ccc(-c2ccc3c(c2)[Si](c2ccccc2)(c2ccccc2)c2cc(-c4ccc(C(=O)OC)cc4)ccc2N3)cc1,ClCCl,3.2953286,val
11249,COC(=O)c1ccc(-c2cn3ccc[n+]3[n-]2)c(C#N)c1,ClCCl,3.0487137,val
11251,COC(=O)c1ccc(-c2nc3ccc(N(C)C)cc3s2)cc1,C1CCCCC1,3.288492,val
11254,COC(=O)c1ccc(-c2nc3ccc(N(C)C)cc3s2)cc1,CO,3.2462728,val
11255,COC(=O)c1ccc(-c2nc3ccc(N(C)C)cc3s2)cc1,CS(C)=O,3.1251624,val
11257,COC(=O)c1ccc(-c2nc3ccc(N(C)C)cc3s2)cc1,c1ccccc1,3.2133467,val
11260,COC(=O)c1ccc(/C=C/c2ccc3n2[B-](F)(F)[N+]2=C(C)C=C(C)C2=C3)cc1,CO,2.147556,val
11282,COC(=O)c1ccc(C#Cc2ccc(N(C)C)cc2)cc1,CCCCCCCCCCCCCCCC,3.477717,val
11284,COC(=O)c1ccc(C#Cc2ccc(N(C)C)cc2)cc1,CCOC(C)=O,3.4652004,val
11290,COC(=O)c1ccc(C#Cc2ccccc2)cc1,C1CCCCC1,3.8904386,val
11294,COC(=O)c1ccc(C#Cc2ccccc2)cc1,CCCCCCCCCCCCCCCC,3.9071395,val
11295,COC(=O)c1ccc(C#Cc2ccccc2)cc1,CCCCCCCCCCCCCCCCCl,3.9037223,val
11305,COC(=O)c1ccc(C2=C3C=CC(C)=[N+]3[B-](F)(F)n3c(C)ccc32)cc1,CCOC(C)=O,2.4369526,val
11308,COC(=O)c1ccc(C2=C3C=CC(C)=[N+]3[B-](F)(F)n3c(C)ccc32)cc1,ClC(Cl)Cl,2.4210029,val
11324,COC(=O)c1ccc2c3ccc(C(=O)OC)c4c(C(=O)OC)ccc(c5ccc(C(=O)OC)c1c25)c43,CCCCO,2.68615,val
11327,COC(=O)c1ccc2c3ccc(C(=O)OC)c4c(C(=O)OC)ccc(c5ccc(C(=O)OC)c1c25)c43,ClC(Cl)Cl,2.6798546,val
11332,COC(=O)c1cccc(N)n1,CS(C)=O,3.9326587,val
11335,COC(=O)c1cccc2c1C#Cc1c(NC(C)=O)cccc1OCCCO2,CC#N,3.6371365,val
11340,COC(=O)c1ccccc1C(=O)OC,CCOC(C)=O,4.136228,val
11342,COC(=O)c1ccn2c(NC(C)C)c(/C=C/c3ccc(OC)cc3)nc2c1,CS(C)=O,3.1000261,val
11344,COC(=O)c1ccn2c(NC3CCCCC3)c(-c3ccc(-n4ccnc4)cc3)nc2c1,CS(C)=O,3.2714436,val
11345,COC(=O)c1ccn2c(NC3CCCCC3)c(-c3ccc(C)o3)nc2c1,CS(C)=O,3.2556455,val
11347,COC(=O)c1ccn2c(NC3CCCCC3)c(-c3ccc(O)cc3O)nc2c1,CS(C)=O,3.17553,val
11348,COC(=O)c1ccn2c(NC3CCCCC3)c(-c3ccc(OC)cc3)nc2c1,CS(C)=O,3.2052393,val
11360,COC(=O)c1ccn2c(NCc3ccccc3)c(/C=C/c3ccc(OC)cc3)nc2c1,CS(C)=O,2.974169,val
11362,COC(=O)c1ccn2c3c(c(-c4ccc(C)cc4)c2c1)CN(CCNC(=O)OC(C)(C)C)C3=O,ClCCl,3.1598744,val
11371,COC(=O)c1nc(-c2cccc3ccccc23)oc1C,CC#N,4.0770907,val
11374,COC(=O)c1nc(-c2ccccc2)oc1C,C1CCCCC1,4.597332,val
11375,COC(=O)c1nc(-c2ccccc2)oc1C,CC#N,4.602541,val
11378,COC(=O)c1nc(-c2ccccc2)oc1C,O,4.5966997,val
11383,COC(=O)c1nc(Cl)c(-c2ccccc2)o1,C1CCCCC1,3.6612773,val
11385,COC(=O)c1nc2c(N(C)C)nc(N(C)C)nc2n1Cc1ccccc1,CC#N,3.6296844,val
11386,COC(=O)c1nc2c(N(C)C)nc(N(C)C)nc2n1Cc1ccccc1,CO,3.6408894,val
11389,COC(=O)c1nc2c(N(C)C)nc(N)nc2n1Cc1ccccc1,CC#N,3.7932334,val
11390,COC(=O)c1nc2c(N(C)C)nc(N)nc2n1Cc1ccccc1,ClCCl,3.7977695,val
11395,COC(=O)c1nc2c(OCc3ccccc3)nc(N)nc2n1Cc1ccccc1,C1COCCO1,3.876504,val
11396,COC(=O)c1nc2c(OCc3ccccc3)nc(N)nc2n1Cc1ccccc1,CC#N,3.8751955,val
11398,COC(=O)c1nc2c(OCc3ccccc3)nc(N)nc2n1Cc1ccccc1,ClCCl,3.862658,val
11400,COC(=O)c1nc2cnc(N(C)C)nc2n1Cc1ccccc1,CC#N,3.4301062,val
11413,COC(C=Cc1ccc(C)cc1)=C1C(=O)c2ccccc2C1=O,C1CCCCC1,2.874427,val
11414,COC1(OC)C2(Cl)c3nc4ccc(-c5cccs5)cc4nc3C1(Cl)C1C[C@@H]3[C@H](CC12)C1(Cl)c2nc4cc(-c5cccs5)ccc4nc2C3(Cl)C1(OC)OC,CC#N,3.4104831,val
11416,COC1(OC)C2(Cl)c3nc4ccc(-c5cccs5)cc4nc3C1(Cl)C1C[C@@H]3[C@H](CC12)C1(Cl)c2nc4cc(-c5cccs5)ccc4nc2C3(Cl)C1(OC)OC,CCOC(C)=O,3.4105601,val
11419,COC1(OC)C2(Cl)c3nc4ccc(-c5cccs5)cc4nc3C1(Cl)C1C[C@@H]3[C@H](CC12)C1(Cl)c2nc4cc(-c5cccs5)ccc4nc2C3(Cl)C1(OC)OC,ClC(Cl)Cl,3.367476,val
11430,COC1=NC2(C(C#N)=C(N)Oc3ccccc32)C(c2ccc(-c3ccc(N(C)C)cc3)s2)=C1C#N,C1CCOC1,2.8133652,val
11432,COC1=NC2(C(C#N)=C(N)Oc3ccccc32)C(c2ccc(N(C)C)cc2)=C1C#N,C1CCOC1,2.9669871,val
11433,COC1=NC2(C(C#N)=C(N)Oc3ccccc32)C(c2ccc(N(C)C)cc2)=C1C#N,CS(C)=O,2.9237778,val
11438,COC1=[N+]2C(=C(c3ccc(C)cc3)c3ccc(OC)n3[B-]2(F)F)C=C1,CO,2.4544153,val
11455,COC1=[N+]2C(=C(c3ccccc3)c3ccc(OC)n3[B-]2(F)F)C=C1SC#N,ClCCl,2.4585984,val
11464,COCCC1=Cc2nc1ccc1[nH]c(cc1CCOC)c1nc(c(N3C(=O)CCCC3=O)cc3[nH]c2cc3CCOC)C(CCOC)=C1,Cc1ccccc1,1.9430901,val
11477,COCCN1C(=O)/C(=C/c2cccc(N(C)C)c2)N=C1C,CCCCCC,3.5047207,val
11478,COCCOCCN1C(=O)C2=C(c3ccc(/C=C/c4ccc(N(c5ccccc5)c5ccccc5)cc4)cc3)N(CCOCCOC)C(=O)C2=C1c1ccc(/C=C/c2ccc(N(c3ccccc3)c3ccccc3)cc2)cc1,ClCCl,2.409895,val
11492,COCCOCCOCCN1c2ccccc2Sc2cc(C3=C(C#N)C(OC)=NC34C(C#N)=C(N)Oc3ccccc34)ccc21,C1CCOC1,2.9554503,val
11496,COCCOCCOCCOC1=NC2(C(C#N)=C(N)Oc3ccccc32)C(c2ccc(N(C)C)cc2)=C1C#N,C1CCOC1,3.0139415,val
11499,COCCOCCOCCOCC(COCCOCCOCCOC)Oc1cc(/C=C/c2ccc(/C=C(\C#N)c3ccc(C(F)(F)F)cc3)cc2)c(OC(COCCOCCOCCOC)COCCOCCOCCOC)cc1/C=C/c1ccc(/C=C(\C#N)c2ccc(C(F)(F)F)cc2)cc1,ClCCl,2.92761,val
11504,COCCOCCOCCOCC(COCCOCCOCCOC)Oc1cc(/C=C/c2ccc(C=C(C#N)C#N)cc2)c(OC(COCCOCCOCCOC)COCCOCCOCCOC)cc1/C=C/c1ccc(C=C(C#N)C#N)cc1,ClCCl,2.696278,val
11507,COCCOCCOCCOCCOc1cc(C=O)c(OCCOCCOCCOCCOC)cc1C=O,CC(C)CO,3.2985284,val
11509,COCCOCCOCCOCCOc1cc(C=O)c(OCCOCCOCCOCCOC)cc1C=O,CCCCO,3.3060713,val
11511,COCCOCCOCCOCCOc1cc(C=O)c(OCCOCCOCCOCCOC)cc1C=O,CCO,3.2961252,val
11522,COCCOCCOCCOCCOc1ccc(OCCOCCOCCOCCOC)c(C=O)c1,CCO,3.5334988,val
11528,COCCOCCOCCOc1cc(/C=C/c2ccc(C3=C4C(=O)N(CCOCCOC)C(c5ccc(/C=C/c6cc(OCCOCCOCCOC)c(OCCOCCOCCOC)c(OCCOCCOCCOC)c6)cc5)=C4C(=O)N3CCOCCOC)cc2)cc(OCCOCCOCCOC)c1OCCOCCOCCOC,ClCCl,2.543764,val
11529,COCCOCCOCCOc1cc(/C=C/c2ccc(C3=C4C(=O)N(CCOCCOC)C(c5ccc(/C=C/c6cc(OCCOCCOCCOC)c(OCCOCCOCCOC)c(OCCOCCOCCOC)c6)cc5)=C4C(=O)N3CCOCCOC)cc2)cc(OCCOCCOCCOC)c1OCCOCCOCCOC,O,2.5989614,val
11536,COCCOCCOCCOc1cc(C=O)c(OCCOCCOCCOC)cc1C=O,CN(C)C=O,3.2681189,val
11539,COCCOCCOCCOc1cc(C=O)c(OCCOCCOCCOC)cc1C=O,NC=O,3.4090047,val
11545,COCCOCCOCCOc1ccc(N2c3ccc(-c4ccc(OC)cc4)cc3Sc3cc(-c4ccc(/C=C(\C#N)C(=O)O)o4)ccc32)cc1,C1CCOC1,2.6524432,val
11550,COCCOCCOCCOc1ccc(OCCOCCOCCOC)c(C=O)c1,CCCO,3.545768,val
11551,COCCOCCOCCOc1ccc(OCCOCCOCCOC)c(C=O)c1,CCO,3.543641,val
11558,COCCOCCOOc1ccc(N2c3ccc(/C=C(\C#N)C(=O)O)cc3Sc3cc(-c4ccc(CCOCOCOCCOC)cc4)ccc32)cc1,C1CCOC1,2.7107315,val
11562,COCCOCCOc1cc(C=O)c(OCCOCCOC)cc1C=O,CCCCO,3.2855985,val
11572,COCCOCCOc1ccc(OCCOCCOC)c(C=O)c1,CC(C)O,3.5256805,val
11573,COCCOCCOc1ccc(OCCOCCOC)c(C=O)c1,CCCCO,3.539579,val
11577,COCCOCCOc1ccc(OCCOCCOC)c(C=O)c1,CNC=O,3.5286715,val
11578,COCCOCCOc1ccc(OCCOCCOC)c(C=O)c1,CO,3.5405755,val
11579,COCCOCCOc1ccc(OCCOCCOC)c(C=O)c1,NC=O,3.5469081,val
11586,COCCOc1cc(C=O)c(OCCOC)cc1C=O,CCO,3.3158724,val
11596,COCCOc1ccc(OCCOC)c(C=O)c1,CCCO,3.5399973,val
11606,CON(C)C(=O)c1ccc(/C=C/c2ccc(/C=C/c3ccc(C(=O)N(C)OC)cc3)cc2)cc1,c1ccccc1,3.5011907,val
11610,CON(OC)c1cc2c3cc(-c4c(C)cc(C)cc4C)cc4c5cc(-c6c(C)cc(C)cc6C)cc6c7cc(B(c8c(C)cc(C)cc8C)c8c(C)cc(C)cc8C)cc8c9cc(-c%10c(C)cc(C)cc%10C)cc%10c%11cc(-c%12c(C)cc(C)cc%12C)cc%12c(c1)c2c1c(c43)c(c65)c(c78)c(c9%10)c1c%11%12,Cc1ccccc1,2.728398,val
11612,CON(OC)c1cc2c3cc(-c4c(C)cc(C)cc4C)cc4c5cc(-c6c(C)cc(C)cc6C)cc6c7cc(B(c8c(C)cc(C)cc8C)c8c(C)cc(C)cc8C)cc8c9cc(-c%10c(C)cc(C)cc%10C)cc%10c%11cc(-c%12c(C)cc(C)cc%12C)cc%12c(c1)c2c1c(c43)c(c65)c(c78)c(c9%10)c1c%11%12,ClCCl,2.7042503,val
11616,CONc1c([N+](=O)[O-])cc(C(=O)OCC(=O)c2ccc3ccc4cccc5ccc2c3c45)cc1[N+](=O)[O-],CO,3.2272081,val
11621,CO[Si](CCCSC(=O)c1ccccc1)(OC)OC,ClC(Cl)Cl,4.603728,val
11622,CO[Si](CCCSC(=O)c1ccccc1C)(OC)OC,ClC(Cl)Cl,4.447109,val
11629,CO[Si](CCCSC(=O)c1cccnc1)(OC)OC,ClC(Cl)Cl,4.433686,val
11631,CO[Si](CCCSC(=O)c1ccco1)(OC)OC,ClC(Cl)Cl,4.2804985,val
11637,COc1c(-c2c(OC)c3cccc4ccc5oc(=O)cc2c5c43)c2cc(=O)oc3ccc4cccc1c4c32,CC1CCCO1,2.5251288,val
11638,COc1c(-c2ccc(N(C)C)cc2)oc2ccccc2c1=O,C1CCCCC1,3.2809658,val
11639,COc1c(-c2ccc(N(C)C)cc2)oc2ccccc2c1=O,CC#N,3.2699883,val
11641,COc1c(/C=C(/C#N)C(=O)O)sc(/C=N/N(c2ccccc2)c2ccccc2)c1OC,C1CCOC1,2.6125693,val
11642,COc1c(/C=C/c2cc(C)c3n2[B-](F)(F)[N+]2=CC=CC2=C3)cc(C(C)(C)C)cc1C(C)(C)C,CS(C)=O,2.2450826,val
11643,COc1c(/C=C2\SC(=S)N(CC(=O)O)C2=O)cc2c3c1CCCN3CCC2,CC#N,2.587432,val
11657,COc1c(C=Cc2ccc(-n3c4ccccc4c4ccccc43)cc2)cc(-c2ccc(/C=C(/C#N)C(=O)O)s2)cc1C=Cc1ccc(-n2c3ccccc3c3ccccc32)cc1,C1CCOC1,3.1352594,val
11685,COc1c2ccccc2c(OC)c2c1c1cc(F)ccc1n2C,CC#N,3.0422447,val
11687,COc1c2ccccc2c(OC)c2c1c1cc(F)ccc1n2C,ClCCl,3.0676045,val
11688,COc1c2ccccc2c(OC)c2c1c1ccc(C)cc1n2C,CC#N,2.9758105,val
11690,COc1c2ccccc2c(OC)c2c1c1ccc(C)cc1n2C,ClCCl,2.9929907,val
11693,COc1c2ccccc2c(OC)c2c1c1ccc(F)cc1n2C,CO,3.0604033,val
11706,COc1cc(-c2cc(-c3ccc(C)cc3)nc3c(C#N)c(N4CCCC4)nc(N)c23)cc(OC)c1OC,c1ccccc1,2.9970465,val
11709,COc1cc(-c2cc3c(C#N)c4c5c(oc(=O)c4c(=N)n3[nH]2)-c2ccccc2SC5)cc(OC)c1OC,CN(C)C=O,2.8011706,val
11712,COc1cc(-c2nc(-c3ccccc3)c(-c3ccccc3)[nH]2)c(OC)cc1/C=C/c1ccncc1,C1CCOC1,3.1763806,val
11713,COc1cc(-c2nc(-c3ccccc3)c(-c3ccccc3)[nH]2)c(OC)cc1/C=C/c1ccncc1,CC#N,3.1572747,val
11716,COc1cc(-c2nc(-c3ccccc3)c3ccccn23)ccc1O,CC#N,3.5264335,val
11717,COc1cc(-c2nc3c(c4c2-c2ccccc2CC4)-c2ccccc2CC3)cc(OC)c1OC,ClC(Cl)Cl,3.906502,val
11721,COc1cc(-c2nc3c4cccnc4c4ncccc4c3[nH]2)c(OC)cc1/C=C/c1ccncc1,Cc1ccccc1,3.150312,val
11724,COc1cc(-c2nc3c4cccnc4c4ncccc4c3[nH]2)c(OC)cc1/C=C/c1nc2ccccc2[nH]1,CO,3.0992084,val
11734,COc1cc(/C=C/C(=O)CC(=O)/C=C/c2ccc(O)c(OC)c2)ccc1O,CC#N,3.071812,val
11735,COc1cc(/C=C/C(=O)CC(=O)/C=C/c2ccc(O)c(OC)c2)ccc1O,CN(C)C=O,3.026088,val
11738,COc1cc(/C=C/C(=O)CC(=O)/C=C/c2ccc(O)c(OC)c2)ccc1O,c1ccccc1,3.0212634,val
11744,COc1cc(/C=C/C2=CC(/C=C/c3ccc(O)c(OC)c3)=[O+][B-](F)(F)O2)ccc1O,ClC(Cl)Cl,2.439769,val
11754,COc1cc(/C=C/c2cc(C)c3n2[B-](F)(F)[N+]2=CC=CC2=C3)cc(O)c1O,CS(C)=O,2.1804276,val
11755,COc1cc(/C=C/c2cc(C)c3n2[B-](F)(F)[N+]2=CC=CC2=C3)cc(O)c1OC,CS(C)=O,2.2238107,val
11759,COc1cc(/C=C/c2cc(C)c3n2[B-](F)(F)[N+]2=CC=CC2=C3)cc(OC)c1OC(C)=O,CS(C)=O,2.2428849,val
11767,COc1cc(/C=C/c2ccccc2)cc(OC)c1,CC#N,3.8987312,val
11770,COc1cc(/C=C/c2nc3ccccc3o2)c(OC)cc1/C=C/c1nc(C)nc(/C=C/c2cc(OC)c(/C=C/c3nc4ccccc4o3)cc2OC)n1,CC#N,2.7823935,val
11779,COc1cc(/C=C/c2nc3ccccc3s2)c(OC)cc1/C=C/c1ccncc1,CN(C)C=O,3.008891,val
11781,COc1cc(/C=C/c2nc3ccccc3s2)c(OC)cc1/C=C/c1nc(C)nc(/C=C/c2cc(OC)c(/C=C/c3nc4ccccc4s3)cc2OC)n1,C1CCOC1,2.771864,val
11784,COc1cc(/C=C/c2nc3ccccc3s2)c(OC)cc1/C=C/c1nc(C)nc(/C=C/c2cc(OC)c(/C=C/c3nc4ccccc4s3)cc2OC)n1,ClCCl,2.7421699,val
11787,COc1cc(/C=C/c2nc3ccccc3s2)c(OC)cc1/C=C/c1nc(C)nc(C)n1,ClCCl,2.843304,val
11789,COc1cc(/C=C2/SC(=O)NC2=O)cc(OC)c1O,C1CCCCC1,3.4515777,val
11802,COc1cc(/C=C2/SC(=O)NC2=O)ccc1O,O,3.527918,val
11803,COc1cc(/C=C2/SC(=O)NC2=O)ccc1O,OCC(O)CO,3.5425665,val
11807,COc1cc(C#Cc2ccccc2)c(C#Cc2ccccc2)cc1OC,CC#N,3.7531223,val
11817,COc1cc(C(=O)O)ccc1O,CO,4.2405076,val
11820,COc1cc(C(C#N)=Cc2ccc(-c3nnc(C)o3)cc2)c(OC)cc1C(C#N)=Cc1ccc(-c2nnc(C)o2)cc1,ClCCl,2.9386168,val
11828,COc1cc(C2=CC(c3ccccc3)=C(c3ccccc3)C2)cc(OC)c1OC,ClCCl,3.5690713,val
11831,COc1cc(C2=CC3=C(c4c(C)cc(C)cc4C)c4cc(-c5cc(OC)c(OC)c(OC)c5)c(-c5cc(OC)c(OC)c(OC)c5)n4[B-](F)(F)[N+]3=C2c2cc(OC)c(OC)c(OC)c2)cc(OC)c1OC,CC#N,2.0921605,val
11840,COc1cc(C=C(c2ccccc2)c2ccccc2)ccc1N(c1ccc(C=C(c2ccccc2)c2ccccc2)cc1OC)c1ccc(C=C(c2ccccc2)c2ccccc2)cc1OC,C1CCOC1,3.0030806,val
11842,COc1cc(C=Cc2cc(OC)c(N(c3ccccc3)c3ccccc3)cc2OC)c(OC)cc1C=Cc1cc(OC)c(C=C(C#N)C(=O)O)cc1OC,CCO,2.6744287,val
11843,COc1cc(C=Cc2cc(OC)c(OC)c(OC)c2)cc(OC)c1OC,O,3.7648787,val
11845,COc1cc(C=Cc2ccc([N+](=O)[O-])cc2[N+](=O)[O-])ccc1OCCO,CO,3.128539,val
11865,COc1cc(N(c2ccccc2)c2ccccc2)ccc1C=C(C#N)C#N,CC#N,2.806767,val
11871,COc1cc(N(c2ccccc2)c2ccccc2)ccc1C=C(C#N)C#N,ClC(Cl)Cl,2.7348986,val
11872,COc1cc(N(c2ccccc2)c2ccccc2)ccc1C=C(C#N)C#N,ClCCl,2.7438102,val
11873,COc1cc(N2CCCC2)c(OC)cc1/C=C/c1ccc(/C=C/c2ccnc(-c3cc(C)ccn3)c2)cc1,CC#N,3.0539627,val
11874,COc1cc(N2CCCC2)c(OC)cc1/C=C/c1ccc(/C=C/c2ccnc(-c3cc(C)ccn3)c2)cc1,ClCCl,3.021873,val
11879,COc1cc(OC)c(-c2sc(/C=C(\C#N)C(=O)O)c3c2OCCO3)c(OC)c1,CN(C)C=O,2.9545286,val
11881,COc1cc(OC)c(/C=C/c2ccc(-c3ccc(-c4ccc(/C=C(/C#N)C(=O)O)s4)s3)s2)c(OC)c1,CN(C)C=O,2.6901922,val
11883,COc1cc(OC)c(C2=C3C(C)=CC(C)=[N+]3[B-](F)(F)n3c(C)cc(C)c32)c(OC)c1,C1CCOC1,2.4564283,val
11891,COc1cc(OC)c(C=NN=Cc2ccc([N+](=O)[O-])cc2)c(OC)c1,C1COCCO1,3.5181835,val
11897,COc1cc(OC)c2c(c1)C(=O)c1ccc(OC)cc1-2,C1CCCCC1,2.7468836,val
11903,COc1cc(OC)c2c(c1)c1c(c3ccc(C(C)(C)C)cc32)=[N+]2C(=Nc3c(-c4cc(OC)c(OC)c(OC)c4)c4c5cc(OC)cc(OC)c5c5cc(C(C)(C)C)ccc5c4n3[B-]2(F)F)C=1c1cc(OC)c(OC)c(OC)c1,Cc1ccccc1,1.6267817,val
11908,COc1cc(OC)c2c3c([nH]c2c1)C(=O)CCC3,CCCCCCCCCCCCO,3.8644946,val
11918,COc1cc(OC)c2c3c([nH]c2c1)C(=O)CCC3,c1ccccc1,3.7713418,val
11921,COc1cc(OC)c2cc(-c3ccccc3)c(=O)oc2c1,ClC(Cl)Cl,3.5368044,val
11928,COc1cc(OC)c2ccc(=O)oc2c1,O,3.7750366,val
11937,COc1cc(OC)cc(-c2ccc(-c3ccc(C#N)s3)s2)c1,CO,3.4341562,val
11942,COc1cc(OC)cc(-c2ccc(-c3ccc(C#N)s3)s2)c1,O,3.404605,val
11943,COc1cc(OC)cc(-c2ccc(C3=CC(c4ccccc4)=C(c4ccccc4)C3)cc2)c1,ClCCl,3.6246052,val
11950,COc1cc(OC)cc(-c2nnc(-c3ccc(-c4nnc(-c5cc(OC)cc(OC)c5)o4)cc3)o2)c1,C1CCOC1,3.8494782,val
11960,COc1cc(OC)cc(-n2cc3ccccc3c/c2=N/S(=O)(=O)c2ccc(C)cc2)c1,CC#N,2.8684042,val
11969,COc1cc2[nH]c3c(c2cc1OC)CCCC3=O,CC#N,3.820413,val
11971,COc1cc2[nH]c3c(c2cc1OC)CCCC3=O,CO,3.824275,val
11990,COc1cc2c(c(OC)c1OC)c1cccc3c(-c4ccccc4)nc2n31,CO,2.600769,val
11994,COc1cc2c(cc1-c1ccc(C)cc1)Cc1c3c(c4c(c1-2)-c1cc(OC)c(-c2ccc(C)cc2)cc1C4)C(=O)N(CCC(C)C)C3=O,C1CCOC1,3.0321703,val
11995,COc1cc2c(cc1-c1ccc(C=O)cc1)Cc1c3c(c4c(c1-2)-c1cc(OC)c(-c2ccc(C=O)cc2)cc1C4)C(=O)N(CCC(C)C)C3=O,C1CCOC1,3.1501231,val
11999,COc1cc2c(cc1-c1ccc(N(c3ccccc3)c3ccccc3)cc1)Cc1c3c(c4c(c1-2)-c1cc(OC)c(-c2ccc(N(c5ccccc5)c5ccccc5)cc2)cc1C4)C(=O)N(CCC(C)C)C3=O,C1CCOC1,2.9865324,val
12008,COc1cc2c(cc1-c1ccccc1)Cc1c3c(c4c(c1-2)-c1cc(OC)c(-c2ccccc2)cc1C4)C(=O)N(CCC(C)C)C3=O,ClCCl,3.0310423,val
12009,COc1cc2c(cc1-c1cccs1)Cc1c3c(c4c(c1-2)-c1cc(OC)c(-c2cccs2)cc1C4)C(=O)N(CCC(C)C)C3=O,C1CCOC1,3.0063949,val
12010,COc1cc2c(cc1-c1ccncc1)Cc1c3c(c4c(c1-2)-c1cc(OC)c(-c2ccncc2)cc1C4)C(=O)N(CCC(C)C)C3=O,C1CCOC1,3.0800924,val
12019,COc1cc2c(cc1/C=C(\C#N)c1nc3ccccc3s1)c1ccccc1n2C,ClC(Cl)Cl,2.8239913,val
12023,COc1cc2c(cc1/C=C/C(=C(C#N)C#N)c1ccccc1)c1ccccc1n2C,CCO,2.665812,val
12024,COc1cc2c(cc1/C=C/C(=C(C#N)C#N)c1ccccc1)c1ccccc1n2C,CCOC(C)=O,2.7104678,val
12032,COc1cc2c(cc1/C=C/C1=CC(=C(C#N)C#N)CC(C)(C)C1)c1ccccc1n2C,C1CCOC1,2.6254604,val
12033,COc1cc2c(cc1/C=C/C1=CC(=C(C#N)C#N)CC(C)(C)C1)c1ccccc1n2C,CC#N,2.64112,val
12034,COc1cc2c(cc1/C=C/C1=CC(=C(C#N)C#N)CC(C)(C)C1)c1ccccc1n2C,CCO,2.623864,val
12042,COc1cc2c(cc1C=C(C#N)C#N)c1ccccc1n2C,CC#N,2.9738843,val
12049,COc1cc2c(cc1C=C(C#N)C#N)c1ccccc1n2C,ClCCl,2.8979099,val
12051,COc1cc2c(cc1C=C(c1ccccc1)c1ccccc1)c1cc(C=C(c3ccccc3)c3ccccc3)ccc1n2C,C1CCOC1,3.3021305,val
12055,COc1cc2c(cc1F)c(=O)c1cc(F)c(OC)cc1n2Cc1ccccc1,CCO,3.3394763,val
12056,COc1cc2c(cc1OC)-c1cc3cc4ccccc4nc3nc1C2,CC(C)=O,3.1379032,val
12062,COc1cc2c(cc1OC)C1=C[C@H](c3ccc(Cl)cc3)C3(C(C#N)=C(C#N)N1CC2)c1ccccc1-c1ccccc13,ClCCl,4.028885,val
12066,COc1cc2c3c(c4cc(OC)c(OC)c(OC)c4c2c(OC)c1OC)=[N+]1C(=C(c2c(C)cc(C)cc2C)c2cc4c5cc(OC)c(OC)c(OC)c5c5c(OC)c(OC)c(OC)cc5c4n2[B-]1(F)F)C=3,C1CCCCC1,1.7648653,val
12078,COc1cc2c3cc(OC)c(OC)cc3c3cc4c(C)cc(=O)oc4cc3c2cc1OC,ClC(Cl)Cl,3.2600617,val
12080,COc1cc2c3sc4ccccc4c3c3cncnc3c2c(OC)c1OC,ClCCl,3.1610637,val
12085,COc1cc2cc(-c3cc4cc(OC)c(OC)cc4oc3=O)oc2cc1OC,O,3.0453734,val
12095,COc1cc2cc(OC)c(C#Cc3ccc([N+](=O)[O-])cc3)cc2cc1C#Cc1ccc([N+](=O)[O-])cc1,C1CCOC1,3.3583574,val
12101,COc1cc2oc(=O)c3c4ccc(C(=O)c5ccccc5)cc4c4ccc5cccc6c(c1)c2c3c4c56,C1CCOC1,3.0106766,val
12113,COc1ccc(-c2c(-c3ccc(OC)cc3)c(-c3ccc(OC)cc3)n3c(c2-c2ccc(OC)cc2)c(C(C)=O)c2ccccc23)cc1,CS(C)=O,3.123375,val
12114,COc1ccc(-c2c(-c3ccc(OC)cc3)c(-c3ccc(OC)cc3)n3c(c2-c2ccc(OC)cc2)c(C=O)c2cc(OC)ccc23)cc1,CC#N,2.9380388,val
12115,COc1ccc(-c2c(-c3ccc(OC)cc3)c(-c3ccc(OC)cc3)n3c(c2-c2ccc(OC)cc2)c(C=O)c2cc(OC)ccc23)cc1,CS(C)=O,2.946113,val
12127,COc1ccc(-c2c3c(n4cc(C(C)=O)ccc24)C(=O)N(CCNC(=O)OC(C)(C)C)C3)cc1,ClCCl,3.192189,val
12131,COc1ccc(-c2c3c(n4cccc(C(C)=O)c24)C(=O)N(CCNC(=O)OC(C)(C)C)C3)cc1,ClCCl,3.2837386,val
12152,COc1ccc(-c2c3ccccc3c(C#Cc3ccccc3)c3cc4cc(C)sc4cc23)cc1,ClCCl,2.403646,val
12154,COc1ccc(-c2c3ccccc3c(C#Cc3ccccc3)c3ccccc23)cc1,ClCCl,2.827351,val
12156,COc1ccc(-c2c3ccccc3c3n2[B-](F)(F)[N+]2=Cc4c5ccccc5c(-c5ccc(OC)cc5)n4[B-](F)(F)[N+]2=C3)cc1,CCCCCC,2.1861234,val
12157,COc1ccc(-c2c3ccccc3c3n2[B-](F)(F)[N+]2=Cc4c5ccccc5c(-c5ccc(OC)cc5)n4[B-](F)(F)[N+]2=C3)cc1,CN(C)C=O,2.1635964,val
12192,COc1ccc(-c2cc(-c3ccc(N(C)C)cc3)nc(-c3ccccc3)n2)cc1,ClC(Cl)Cl,3.4018204,val
12204,COc1ccc(-c2cc(-c3nnc(-c4ccccc4)o3)n(Cc3ccc(C(C)(C)C)cc3)n2)cc1,ClCCl,4.5807786,val
12208,COc1ccc(-c2cc(C)nc(-c3ccc(-n4c5ccccc5c5ccccc54)cc3)n2)cc1,CN(C)C=O,3.6620965,val
12209,COc1ccc(-c2cc(C)nc(-c3ccc(-n4c5ccccc5c5ccccc54)cc3)n2)cc1,ClC(Cl)Cl,3.7089233,val
12211,COc1ccc(-c2cc3c(-c4ccccc4)c(-c4ccc(F)cc4)n(C)c3nc2-c2ccc(C)cc2)cc1,C1CCOC1,3.8357656,val
12213,COc1ccc(-c2cc3c(-c4ccccc4)c(-c4ccccc4)oc4c5oc(-c6ccccc6)c(-c6ccccc6)c6cc(-c7ccc(OC)cc7)cc(c(c2)c34)c65)cc1,ClCCl,3.2283964,val
12214,COc1ccc(-c2cc3c(=O)[nH]c(-c4ccccc4)cn3n2)cc1,C1CCOC1,3.72178,val
12215,COc1ccc(-c2cc3c(C#N)c4c5c(oc(=O)c4c(=N)n3[nH]2)-c2ccccc2CC5)cc1,CN(C)C=O,2.8825037,val
12221,COc1ccc(-c2cc3c(ccc4sc5ccc6sc(-c7ccc(C#N)cc7)cc6c5c43)s2)cc1,ClCCl,3.2649481,val
12226,COc1ccc(-c2cc3c(s2)=CC2=C(C(F)(F)F)c4cc5sc(-c6ccc(OC)cc6)cc5n4[B-](F)(F)[N+]=32)cc1,C1CCOC1,1.7772803,val
12233,COc1ccc(-c2cc3c(s2)c(C(C)=O)cc(=O)n3C)cc1,ClCCl,3.0274515,val
12235,COc1ccc(-c2cc3c(s2)c(C(C)=O)cc(=O)n3Cc2ccccc2)cc1,ClCCl,2.9611285,val
12237,COc1ccc(-c2cc3c(s2)c(C)cc(=O)n3C)cc1,ClCCl,3.4042447,val
12244,COc1ccc(-c2ccc(-c3ccc(C#N)cc3)cc2)cc1,C1CCCCC1,4.097341,val
12247,COc1ccc(-c2ccc(-c3ccc(C#N)s3)s2)cc1,CC#N,3.3893127,val
12251,COc1ccc(-c2ccc(-c3ccc(C#N)s3)s2)cc1,CCOC(C)=O,3.3760478,val
12257,COc1ccc(-c2ccc(-c3ccc(C#N)s3)s2)cc1,ClCCl,3.3658383,val
12263,COc1ccc(-c2ccc(-c3nc4c5ccccc5c5ccccc5c4n3-c3ccccc3)c3nsnc23)cc1,Cc1ccccc1,2.9751909,val
12267,COc1ccc(-c2ccc(C(=O)NC(C)(C)C)c3c2ccc2c4ccccc4c4ccccc4c23)cc1,ClCCl,3.6756907,val
12271,COc1ccc(-c2ccc(C3=C4C(=O)N(C(=O)OC(C)(C)C)C(c5ccc(-c6ccc(OC)cc6)cc5)=C4C(=O)N3C(=O)OC(C)(C)C)cc2)cc1,ClCCl,2.6212342,val
12273,COc1ccc(-c2ccc(C3=C4C(=O)NC(c5ccc(-c6ccc(OC)cc6)cc5)=C4C(=O)N3)cc2)cc1,ClCCl,2.3562849,val
12274,COc1ccc(-c2ccc(N(c3ccc(-c4ccc(OC)cc4OC)cc3)c3ccc4c(c3)sc3cc(-c5cc6sc(C=C(C#N)C(=O)O)cc6s5)sc34)cc2)c(OC)c1,C1CCOC1,2.5409946,val
12277,COc1ccc(-c2ccc(N(c3ccc(-c4ccc(OC)cc4OC)cc3)c3ccc4c(c3)sc3cc(C=C(C#N)C(=O)O)sc34)cc2)c(OC)c1,C1CCOC1,2.5772448,val
12288,COc1ccc(-c2ccc3c(c2)sc2[n+]3[B-](F)(F)OC(c3ccc(N(C)C)cc3)=N2)cc1,C1CCOC1,2.874849,val
12289,COc1ccc(-c2ccc3c(c2)sc2[n+]3[B-](F)(F)OC(c3ccc(N(C)C)cc3)=N2)cc1,CC#N,2.8838162,val
12292,COc1ccc(-c2ccc3c(c2)sc2[n+]3[B-](F)(F)OC(c3ccc(N(C)C)cc3)=N2)cc1,ClCCl,2.8395667,val
12313,COc1ccc(-c2cnc(/C=C/c3ccccc3)o2)cc1OC,ClCCl,3.6435368,val
12322,COc1ccc(-c2cnn(-c3ccc(OC)cc3)n2)cc1,CO,4.2534137,val
12327,COc1ccc(-c2csc(/C(C#N)=C/c3ccc(C#N)cc3)n2)cc1,CC#N,3.2861943,val
12331,COc1ccc(-c2csc(/C(C#N)=C/c3ccncc3)n2)cc1,CC#N,3.2498052,val
12333,COc1ccc(-c2csc(/C(C#N)=C/c3ccncc3)n2)cc1,CN(C)C=O,3.1783886,val
12341,COc1ccc(-c2csc(/C(C#N)=N\Nc3ccc(C#N)cc3)n2)cc1,CC#N,3.0127208,val
12345,COc1ccc(-c2nc(-c3cc(Cl)sc3C)c(-c3cc(Cl)sc3C)[nH]2)cc1,CC#N,4.062667,val
12350,COc1ccc(-c2nc(-c3ccc(C(=O)O)cc3)[nH]c2-c2ccc(OC)cc2)cc1,CO,3.712216,val
12352,COc1ccc(-c2nc(-c3ccc(OC)cc3)c(-c3ccc(OC)cc3)[nH]2)cc1,CO,4.08869,val
12360,COc1ccc(-c2nc(-c3ccccc3O)c(-c3ccccc3O)n2-c2ccc(C)cc2)cc1,CS(C)=O,4.0830765,val
12361,COc1ccc(-c2nc(-c3ccccc3O)c(-c3ccccc3O)n2-c2ccc(C)cc2)cc1,ClC(Cl)Cl,4.0889235,val
12371,COc1ccc(-c2nc(C(C)=O)c(C)o2)cc1,ClCCl,4.4569855,val
12373,COc1ccc(-c2nc(C)cc(-c3ccc(-n4c5ccccc5c5ccccc54)cc3)n2)cc1,CN(C)C=O,3.7416997,val
12395,COc1ccc(-c2nc3c(c4c2-c2ccccc2CC4)-c2ccccc2CC3)cc1,CCOC(C)=O,3.8769035,val
12397,COc1ccc(-c2nc3c(c4c2-c2ccccc2CC4)-c2ccccc2CC3)cc1,CS(C)=O,3.7927117,val
12408,COc1ccc(-c2nc3cc(Cl)ccn3c2NC2CCCCC2)cc1,CS(C)=O,3.5813546,val
12416,COc1ccc(-c2nc3ncccn3n2)cc1OC,ClCCl,3.983526,val
12421,COc1ccc(-c2nnc(-c3cc(-c4nnc(-c5ccc(OC)cc5)o4)c(-n4c5ccccc5c5ccccc54)cc3-n3c4ccccc4c4ccccc43)o2)cc1,Cc1ccccc1,3.4906614,val
12422,COc1ccc(-c2nnc(-c3cc(-n4c5ccccc5c5ccccc54)c(-n4c5ccccc5c5ccccc54)cc3-c3nnc(-c4ccc(OC)cc4)o3)o2)cc1,ClCCl,3.5149884,val
12426,COc1ccc(-c2oc(-c3ccc(OC)cc3)c3c2C=C(C=O)CC(C=O)=C3)cc1,ClC(Cl)Cl,3.389217,val
12427,COc1ccc(-c2oc3cccc4c5c(-c6ccc(OC)c(OC)c6)/c(=N/S(=O)(=O)C(F)(F)F)oc6cccc(c2c34)c65)cc1OC,ClC(Cl)Cl,2.6128936,val
12441,COc1ccc(-c2scc3c2OCCO3)cc1,ClCCl,3.7999547,val
12445,COc1ccc(-n2c(C)ccc2C)cc1,CCCCCC,5.0576277,val
12458,COc1ccc(-n2c3ccccc3c3cc(/C=C/C(=C(C#N)C#N)c4ccccc4)ccc32)cc1,CO,2.7741442,val
12464,COc1ccc(-n2c3ccccc3c3cc(C=C(C#N)C#N)ccc32)cc1,CC(C)=O,3.0355127,val
12468,COc1ccc(-n2c3ccccc3c3cc(C=C(C#N)C#N)ccc32)cc1,Cc1ccccc1,3.023471,val
12474,COc1ccc(-n2cccc2)cc1,CC#N,4.62478,val
12477,COc1ccc(-n2nc(C(=O)c3ccccc3)c(-c3ccccc3)n2)cc1,C1CCOC1,4.019674,val
12483,COc1ccc(/C(C#N)=C/c2ccc(N(c3ccccc3)c3ccc(/C=C(\C#N)c4ccc(OC)cc4)cc3)cc2)cc1,C1CCOC1,3.115277,val
12489,COc1ccc(/C=C(\C)c2nc3ccccc3s2)cc1,C1CCCCC1,3.7565026,val
12490,COc1ccc(/C=C(\C)c2nc3ccccc3s2)cc1,CO,3.764719,val
12506,COc1ccc(/C=C/C2=CC(/C=C/c3ccc(OC)c4ccccc34)=[O+][B-](F)(F)O2)c2ccccc12,CC(C)=O,2.3829367,val
12507,COc1ccc(/C=C/C2=CC(/C=C/c3ccc(OC)c4ccccc34)=[O+][B-](F)(F)O2)c2ccccc12,CCOC(C)=O,2.4000185,val
12512,COc1ccc(/C=C/C2=CC(/C=C/c3ccc(OC)cc3)=[O+][B-](F)(F)O2)cc1,CC#N,2.5552948,val
12518,COc1ccc(/C=C/C2=CC(/C=C/c3ccc(OC)cc3)=[O+][B-](OC(C)=O)(OC(C)=O)O2)cc1,C1CCOC1,2.8262248,val
12521,COc1ccc(/C=C/C2=CC(/C=C/c3ccc(OC)cc3)=[O+][B-](OC(C)=O)(OC(C)=O)O2)cc1,CS(C)=O,2.7604923,val
12531,COc1ccc(/C=C/C2=[O+][B-](F)(F)OC(/C=C/c3ccc(OC)c4ccccc34)=C2c2ccccc2)c2ccccc12,CC#N,2.352178,val
12536,COc1ccc(/C=C/C2=[O+][B-](F)(F)OC(/C=C/c3ccc(OC)c4ccccc34)=C2c2ccccc2)c2ccccc12,ClCCl,2.320114,val
12542,COc1ccc(/C=C/C2=[O+][B-](F)(F)OC(/C=C/c3ccc(OC)cc3)=C2c2ccccc2)cc1,CCOCC,2.4846349,val
12548,COc1ccc(/C=C/C=C/C=C/c2ccc([N+](=O)[O-])cc2)cc1,C1CCOC1,3.0294213,val
12552,COc1ccc(/C=C/C=C/C=C/c2ccc([N+](=O)[O-])cc2)cc1,CO,3.0265868,val
12556,COc1ccc(/C=C/C=C/C=C/c2ccc([N+](=O)[O-])cc2)cc1,ClCCl,3.0247371,val
12563,COc1ccc(/C=C/c2cc(C)c3n2[B-](F)(F)[N+]2=CC=CC2=C3)c(F)c1,CS(C)=O,2.203508,val
12567,COc1ccc(/C=C/c2cc(C)c3n2[B-](F)(F)[N+]2=CC=CC2=C3)cc1C,CS(C)=O,2.2121825,val
12572,COc1ccc(/C=C/c2cc(C)c3n2[B-](F)(F)[N+]2=CC=CC2=C3)cc1[N+](=O)[O-],CS(C)=O,2.1700528,val
12575,COc1ccc(/C=C/c2ccc(-c3nnc(-c4ccc(-c5cc6ccccc6s5)cc4)o3)cc2)cc1,CC(C)=O,3.5898952,val
12577,COc1ccc(/C=C/c2ccc(-c3nnc(-c4ccc(-c5cc6ccccc6s5)cc4)o3)cc2)cc1,CCCCCCCCCCO,3.6076117,val
12579,COc1ccc(/C=C/c2ccc(-c3nnc(-c4ccc(-c5cc6ccccc6s5)cc4)o3)cc2)cc1,CCCCCO,3.6018753,val
12585,COc1ccc(/C=C/c2ccc3ccccc3n2)cc1,ClCCl,3.448592,val
12599,COc1ccc(/C=C/c2nc3ccccc3o2)cc1,CO,3.6616464,val
12603,COc1ccc(/C=C/c2ncc(-c3ccccc3)o2)cc1OC,ClCCl,3.546073,val
12607,COc1ccc(/C=N/N=C/c2ccc(OC)cc2OCC(=O)c2ccccc2)c(OCC(=O)c2ccccc2)c1,C1CCOC1,3.477481,val
12608,COc1ccc(/C=N/N=C/c2ccc(OC)cc2OCc2cc(=O)oc3cc(OC)ccc23)c(OCc2cc(=O)oc3cc(OC)ccc23)c1,C1CCOC1,3.598693,val
12615,COc1ccc(/C=N/c2cc(C(C)C)c(O)cc2C)cc1,CC(C)O,3.613675,val
12616,COc1ccc(/C=N/c2cc(C(C)C)c(O)cc2C)cc1,CCCCCC,3.6310916,val
12621,COc1ccc(/C=N/c2cc(C(C)C)c(O)cc2C)cc1,CO,3.6294346,val
12631,COc1ccc(/C=c2\o/c(=C\c3ccccc3)c3ccccc23)cc1OC,ClCCl,3.295844,val
12639,COc1ccc(C#Cc2c3ccccc3c(C#Cc3ccc(OC)cc3)c3cc4sc(C)cc4cc23)cc1,ClCCl,2.369073,val
12644,COc1ccc(C#Cc2c3ccccc3c3n2[B-](F)(F)[N+]2=C(C)C=C(C)C2=C3)cc1,CN(C)C=O,2.050601,val
12656,COc1ccc(C#Cc2ccc(-c3nn[nH]n3)cc2)cc1OC,CCOC(C)=O,3.8170428,val
12658,COc1ccc(C#Cc2ccc(-c3nn[nH]n3)cc2)cc1OC,Cc1ccccc1,3.7766495,val
12659,COc1ccc(C#Cc2ccc(C#Cc3cc(C#N)ccc3C#N)cc2C#N)cc1,ClC(Cl)Cl,3.403503,val
12661,COc1ccc(C#Cc2ccc(C#Cc3ccc(C#Cc4ccccc4C#N)cc3C#N)cc2C#N)cc1,CC#N,3.4526427,val
12662,COc1ccc(C#Cc2ccc(C#Cc3ccc(C#Cc4ccccc4C#N)cc3C#N)cc2C#N)cc1,ClC(Cl)Cl,3.395181,val
12665,COc1ccc(C#Cc2ccc(C#Cc3ccc(P(=O)(c4ccc(C#Cc5ccc(C#Cc6ccc(OC)cc6)cc5)cc4)c4ccc(C#Cc5ccc(C#Cc6ccc(OC)cc6)cc5)cc4)cc3)cc2)cc1,C1CCCCC1,3.627942,val
12668,COc1ccc(C#Cc2ccc(C#Cc3ccc(P(=O)(c4ccc(C#Cc5ccc(C#Cc6ccc(OC)cc6)cc5)cc4)c4ccc(C#Cc5ccc(C#Cc6ccc(OC)cc6)cc5)cc4)cc3)cc2)cc1,CCO,3.627886,val
12684,COc1ccc(C#Cc2ccc(C#N)cc2)cc1,CCCO,3.7885156,val
12686,COc1ccc(C#Cc2ccc(C#N)cc2)cc1,CS(C)=O,3.7699416,val
12708,COc1ccc(C#Cc2nc3ccccc3nc2-c2cn(C)c3ccccc23)cc1,CC#N,3.0243058,val
12709,COc1ccc(C#Cc2nc3ccccc3nc2-c2cn(C)c3ccccc23)cc1,CC(C)=O,2.9933853,val
12710,COc1ccc(C#Cc2nc3ccccc3nc2-c2cn(C)c3ccccc23)cc1,CC(C)O,2.994139,val
12715,COc1ccc(C#Cc2nc3ccccc3nc2-c2cn(C)c3ccccc23)cc1,ClCCl,2.9977264,val
12723,COc1ccc(C(=O)/C=C/c2ccc(N(C)C)cc2)cc1OC,C1CCOC1,3.0644817,val
12728,COc1ccc(C(=O)/C=C/c2ccc(N(C)C)cc2)cc1OC,CN(C)C=O,3.040716,val
12730,COc1ccc(C(=O)/C=C/c2ccc(N(C)C)cc2)cc1OC,Cc1ccccc1,3.034612,val
12733,COc1ccc(C(=O)/C=C2\C(=O)Nc3ccccc32)c(OC)c1,C1CCCCC1,3.7068024,val
12736,COc1ccc(C(=O)/C=C2\C(=O)Nc3ccccc32)c(OC)c1,CC(C)(C)O,3.6996396,val
12737,COc1ccc(C(=O)/C=C2\C(=O)Nc3ccccc32)c(OC)c1,CC(C)O,3.7036605,val
12747,COc1ccc(C(=O)/C=C2\C(=O)Nc3ccccc32)cc1,CC(C)O,3.7039604,val
12755,COc1ccc(C(=O)NC(C)(C)C)c2c1ccc1c3ccccc3c3ccccc3c12,ClCCl,3.5639746,val
12756,COc1ccc(C(=O)NN2C3=C(CC4=C2CCCC4=O)C(=O)CCC3)cc1,CC#N,3.3583126,val
12757,COc1ccc(C(=O)NN2C3=C(CC4=C2CCCC4=O)C(=O)CCC3)cc1,CC(C)=O,3.3501203,val
12762,COc1ccc(C(=O)Nc2ccc(C(=O)/C=C/c3ccc(N(C)CCO)cc3)cc2)cc1,CS(C)=O,2.8672645,val
12763,COc1ccc(C(=O)Nc2ccc(C(=O)/C=C/c3ccc(N(C)CCO)cc3)cc2)cc1C(F)(F)F,CS(C)=O,2.8770878,val
12764,COc1ccc(C(=O)OCc2c(C)c(=O)n3c(=O)c(C)c(C)n23)cc1,CCO,3.3227088,val
12773,COc1ccc(C2=C(C)C3=C(c4c(-c5ccccn5)nc5ccccn45)c4c(C)cc(C)n4[B-](F)(F)[N+]3=C2C)cc1,ClCCl,2.3220315,val
12776,COc1ccc(C2=C(c3ccc(C(F)(F)F)cc3)C3=Cc4ccccc4NB3OB3Nc4ccccc4C=C32)cc1,ClCCl,2.9924297,val
12778,COc1ccc(C2=C(c3ccc(F)cc3)C(c3ccccc3)=[N+]3C2=Nc2c(-c4ccc(OC)cc4)c(-c4ccc(F)cc4)c(-c4ccccc4)n2[B-]3(F)F)cc1,Cc1ccccc1,1.8618249,val
12780,COc1ccc(C2=C(c3ccc(OC)cc3)C(C)(C)c3cc(-c4ccccc4)ccc32)cc1,C1CCCCC1,3.8695998,val
12790,COc1ccc(C2=C(c3ccc(OC)cc3)c3cccc4c3c(cc3nc5ccccc5nc34)O2)cc1,ClCCl,2.4455788,val
12804,COc1ccc(C2=C3C(C)=CC(C)=[N+]3[B-](F)(F)n3c(/C=C/c4ccc(N(C)C)cc4)cc(C)c32)cc1,C1CCOC1,2.0813751,val
12808,COc1ccc(C2=C3C(C)=CC(C)=[N+]3[B-](F)(F)n3c(/C=C/c4ccc(N(C)C)cc4)cc(C)c32)cc1,CC(C)OC(C)C,2.0962045,val
12809,COc1ccc(C2=C3C(C)=CC(C)=[N+]3[B-](F)(F)n3c(/C=C/c4ccc(N(C)C)cc4)cc(C)c32)cc1,CC1CCCCC1,2.074978,val
12815,COc1ccc(C2=C3C(C)=CC(C)=[N+]3[B-](F)(F)n3c(/C=C/c4ccc(N(C)C)cc4)cc(C)c32)cc1,CCOCC,2.0979095,val
12819,COc1ccc(C2=C3C(C)=CC(C)=[N+]3[B-](F)(F)n3c(/C=C/c4ccc(N(C)C)cc4)cc(C)c32)cc1,Cc1ccccc1,2.0346298,val
12825,COc1ccc(C2=C3C=C(c4cc(OC)c(OC)cc4[N+](=O)[O-])C=[N+]3[B-](F)(F)n3cc(-c4cc(OC)c(OC)cc4[N+](=O)[O-])cc32)cc1,ClCCl,2.2868984,val
12834,COc1ccc(C2=C3C=CC=[N+]3[B-](F)(F)n3cc(-c4cc(OC)c(OC)cc4[N+](=O)[O-])cc32)cc1,ClCCl,2.3609087,val
12835,COc1ccc(C2=C3C=CC=[N+]3[B-](F)(F)n3cccc32)cc1,ClCCl,2.462453,val
12852,COc1ccc(C2=CC(c3ccc4ccccc4c3)=[O+][B-](C(C)=O)(C(C)=O)O2)cc1,CC#N,3.0726204,val
12854,COc1ccc(C2=CC(c3ccccc3)=C(c3ccccc3)C2)c2ccccc12,ClCCl,3.4932063,val
12855,COc1ccc(C2=CC(c3ccccc3)=[N+]3C2=Nc2c(-c4ccc(OC)cc4)cc(-c4ccccc4)n2[B-]3(F)F)cc1,Cc1ccccc1,1.8142363,val
12857,COc1ccc(C2=CC3=C(c4c(C)cc(C)cc4C)c4cc(-c5ccc(OC)cc5)c(-c5ccc(OC)cc5)n4[B-](F)(F)[N+]3=C2c2ccc(OC)cc2)cc1,C1CCCCC1,2.060711,val
12859,COc1ccc(C2=CC3=C(c4c(C)cc(C)cc4C)c4cc(-c5ccc(OC)cc5)c(-c5ccc(OC)cc5)n4[B-](F)(F)[N+]3=C2c2ccc(OC)cc2)cc1,CC#N,2.0824733,val
12862,COc1ccc(C2=Cc3c4ccccc4cc[n+]3[B-](F)(F)O2)cc1,ClC(Cl)Cl,3.0345466,val
12876,COc1ccc(C2=[N+]3C(=C(c4ccc(C#N)cc4)c4cc(-c5ccc(C#N)cc5)c(-c5ccc(OC)cc5)n4[B-]3(F)F)C=C2c2ccc(C#N)cc2)cc1,Cc1ccccc1,2.0827718,val
12881,COc1ccc(C2=[N+]3C(=C(c4ccc(C#N)cc4)c4cc(Cl)c(-c5ccc(OC)cc5)n4[B-]3(F)F)C=C2Cl)cc1,CC#N,2.1595647,val
12882,COc1ccc(C2=[N+]3C(=C(c4ccc(C#N)cc4)c4cc(Cl)c(-c5ccc(OC)cc5)n4[B-]3(F)F)C=C2Cl)cc1,Cc1ccccc1,2.119307,val
12888,COc1ccc(C2=[N+]3C(=Nc4c(-c5cc(OC)c(OC)c(OC)c5)c(-c5ccc(C(C)(C)C)cc5)c(-c5ccc(OC)cc5)n4[B-]3(F)F)C(c3cc(OC)c(OC)c(OC)c3)=C2c2ccc(C(C)(C)C)cc2)cc1,Cc1ccccc1,1.8595107,val
12895,COc1ccc(C2=[N+]3C(=Nc4c(C)cc(-c5ccc(OC)cc5)n4[B-]3(F)F)C(C)=C2)cc1,CS(C)=O,1.8283584,val
12896,COc1ccc(C2=[N+]3C(=Nc4c5c6cc(OC)c(OC)c(OC)c6c6cc(C(C)(C)C)ccc6c5c(-c5ccc(OC)cc5)n4[B-]3(F)F)c3c2c2ccc(C(C)(C)C)cc2c2c(OC)c(OC)c(OC)cc32)cc1,Cc1ccccc1,1.6729176,val
12897,COc1ccc(C2=[N+]3C(=Nc4c5c6ccccc6c6ccc(C(C)(C)C)cc6c5c(-c5ccc(OC)cc5)n4[B-]3(F)F)c3c2c2cc(C(C)(C)C)ccc2c2ccccc32)cc1,Cc1ccccc1,1.6802379,val
12898,COc1ccc(C2=[N+]3C(=Nc4c5ccccc5c(-c5ccc(OC)cc5)n4[B-]3(F)F)c3ccccc32)cc1,ClCCl,1.7567818,val
12909,COc1ccc(C2CC(c3ccc(O)cc3)=NN2c2ccc(S(N)(=O)=O)cc2)cc1,CN(C)C=O,3.532044,val
12914,COc1ccc(C=C(C#N)c2cc(OC)c(C(C#N)=Cc3ccc(OC)cc3)cc2OC)cc1,ClCCl,2.925015,val
12916,COc1ccc(C=C(C#N)c2ccc3c(c2)c2cc(C(C#N)=Cc4ccc(OC)cc4)ccc2n3C)cc1,ClCCl,3.1069016,val
12920,COc1ccc(C=Cc2ccc(O)c(C=NCCN(C)C)c2)cc1,CS(C)=O,3.605612,val
12939,COc1ccc(Cl)cc1-c1cc2c3c(ccc4c3c1OC(c1ccccc1)=C4c1ccccc1)C(c1ccccc1)=C(c1ccccc1)O2,ClCCl,2.472847,val
12940,COc1ccc(N(/C=C/c2ccc([N+](=O)[O-])cc2)c2ccc(OC)cc2)cc1,Cc1ccccc1,2.8148317,val
12944,COc1ccc(N(c2ccc(/C=C(\C)c3ccccc3)cc2)c2ccc(OC)cc2)cc1,Cc1ccccc1,3.4807491,val
12951,COc1ccc(N(c2ccc(/C=C/c3nc4ccc(C(=O)O)cc4nc3/C=C/c3ccc(N(c4ccc(OC)cc4)c4ccc(OC)cc4)cc3)cc2)c2ccc(OC)cc2)cc1,ClC(Cl)Cl,2.4278,val
12954,COc1ccc(N(c2ccc(C#Cc3c4ccccc4c(-c4ccc(/C=C(\C#N)C(=O)O)cc4)c4ccccc34)cc2)c2ccc(OC)cc2)cc1,ClCCl,2.6508799,val
12957,COc1ccc(N(c2ccc(C#Cc3ccc(/C=C(\C#N)C(=O)O)s3)cc2)c2ccc(OC)cc2)cc1,ClC(Cl)Cl,2.6913695,val
12967,COc1ccc(N(c2ccc(OC)cc2)c2cc3ccc4cc(B(c5c(C)cc(C)cc5C)c5c(C)cc(C)cc5C)cc5ccc(c2)c3c45)cc1,CCCCCC,3.06933,val
12988,COc1ccc(N(c2ccc(OC)cc2)c2ccc(-c3ccc(-c4ccc(/C=C5\NC(=O)NC5=O)s4)c4nsnc34)cc2)cc1,ClC(Cl)Cl,2.3510509,val
12995,COc1ccc(N(c2ccc(OC)cc2)c2ccc(-c3ccc(-c4sc(-c5ccc(C(C#N)C(=O)O)s5)c5c4OCC4(COc6c(-c7ccc(-c8ccc(N(c9ccc(OC)cc9)c9ccc(OC)cc9)cc8)s7)sc(-c7ccc(C(C#N)C(=O)O)s7)c6OC4)CO5)s3)cc2)cc1,CS(C)=O,2.6849241,val
12997,COc1ccc(N(c2ccc(OC)cc2)c2ccc(-c3ccc(/C=C(\C#N)C(=O)O)o3)cc2)cc1,ClCCl,2.6662874,val
13005,COc1ccc(N(c2ccc(OC)cc2)c2ccc(-c3ccc4c(c3)C(=O)c3ccccc3C4=O)cc2)cc1,CCOCC,2.7526336,val
13008,COc1ccc(N(c2ccc(OC)cc2)c2ccc(-c3ccc4c(c3)C(=O)c3ccccc3C4=O)cc2)cc1,ClCCl,2.7119012,val
13010,COc1ccc(N(c2ccc(OC)cc2)c2ccc(-c3cnc(-c4ccc(C=C(C#N)C(=O)O)s4)c4nsnc34)cc2)cc1,ClCCl,2.2969818,val
13014,COc1ccc(N(c2ccc(OC)cc2)c2ccc(-c3nnc(-c4ccc(C=C(C#N)C(=O)O)cc4)o3)cc2)cc1,CC#N,3.0691285,val
13016,COc1ccc(N(c2ccc(OC)cc2)c2ccc(-c3nnc(-c4ccc(C=C(C#N)C(=O)O)cc4)o3)cc2)cc1,CO,3.0539567,val
13020,COc1ccc(N(c2ccc(OC)cc2)c2ccc(-c3sc(/C=C(/C#N)C(=O)O)c4c3OC[C@@]3(CO4)COc4c(/C=C(\C#N)C(=O)O)sc(-c5ccc(N(c6ccc(OC)cc6)c6ccc(OC)cc6)c6nsnc56)c4OC3)c3nsnc23)cc1,CS(C)=O,2.4161475,val
13029,COc1ccc(N(c2ccc(OC)cc2)c2ccc3c4cccc5c(N(c6ccc(OC)cc6)c6ccc(OC)cc6)ccc(c6cccc2c63)c54)cc1,CC#N,2.414555,val
13034,COc1ccc(N(c2ccc(OC)cc2)c2ccc3ccc4c(B(c5c(C)cc(C)cc5C)c5c(C)cc(C)cc5C)ccc5ccc2c3c54)cc1,CCCCCC,2.7754607,val
13043,COc1ccc(N2C(=O)c3ccccc3C2C(=O)OC(C)(C)C)cc1OC,CCCCCC,4.241813,val
13044,COc1ccc(N2C(=O)c3ccccc3C2C(=O)OC(C)(C)C)cc1OC,CO,4.1910067,val
13046,COc1ccc(N2C(=O)c3ccccc3C2C(=O)OC(C)(C)C)cc1OC,ClCCl,4.1500125,val
13066,COc1ccc(N2c3ccccc3Sc3cc(C=C(C#N)C(=O)O)ccc32)cc1,ClCCl,2.7590914,val
13069,COc1ccc(N=Nc2c(-c3ccccc3)[nH]c3c(N=Nc4ccccc4)c(C)nn23)cc1,C1COCCO1,2.3466847,val
13072,COc1ccc(N=Nc2nc3ccc([N+](=O)[O-])cc3s2)cc1,CO,3.423635,val
13088,COc1ccc(O)c(-c2[nH]c(=O)n3c2-c2ccccc2C3=O)c1,CO,3.1108665,val
13090,COc1ccc(O)c(-c2nc(C)c3n2CCCC3)c1,ClCCl,3.9491427,val
13098,COc1ccc(OC)c(C(=O)Nc2ccc(C(=O)/C=C/c3ccc(N(C)CCO)cc3)cc2)c1,CS(C)=O,2.8160489,val
13100,COc1ccc(OC)c(C(C)=O)c1,CO,3.9838316,val
13102,COc1ccc(OC)c(C=O)c1,C1COCCO1,3.5350943,val
13116,COc1ccc(Oc2ccc(/C=C/c3cc(C)c4n3[B-](F)(F)[N+]3=CC=CC3=C4)cc2)cc1,CS(C)=O,2.2501507,val
13129,COc1ccc2c(-c3nc(-c4ccccc4Cl)no3)cc(=O)oc2c1,CCO,3.4492266,val
13130,COc1ccc2c(-c3nc(-c4ccccc4Cl)no3)cc(=O)oc2c1,ClC(Cl)Cl,3.4226189,val
13137,COc1ccc2c(=O)c3c([nH]c2c1)-c1cc(Cl)ccc1NC3(C)C,CCO,2.9894924,val
13140,COc1ccc2c(=O)c3c([nH]c2c1)-c1cc(Cl)ccc1NC3(C)C,CO,2.9856076,val
13142,COc1ccc2c(=O)c3c([nH]c2c1)-c1cc(Cl)ccc1NC3(C)C,Cc1ccccc1,2.991211,val
13144,COc1ccc2c(=O)c3c([nH]c2c1)-c1cc(Cl)ccc1NC3(C)C,ClCCl,2.9926748,val
13145,COc1ccc2c(=O)c3c([nH]c2c1)-c1cc(Cl)ccc1NC3(C)C,c1ccccc1,2.9913259,val
13156,COc1ccc2c(=O)c3c([nH]c2c1)-c1ccccc1NC3(C)C,ClC(Cl)(Cl)Cl,3.0229778,val
13162,COc1ccc2c(CC(=O)NN)coc2c1,CC(C)=O,4.262941,val
13165,COc1ccc2c(CC(=O)NN)coc2c1,CCO,4.2807837,val
13170,COc1ccc2c(CC(=O)O)cc(=O)oc2c1,CO,3.8475668,val
13185,COc1ccc2c(c1)C(=O)c1ccccc1-2,CC#N,3.0319078,val
13188,COc1ccc2c(c1)C(C)(C)C1=[N+]2[B-](F)(F)n2cccc2-c2c1cc1n2CC=C1,CO,2.6685154,val
13198,COc1ccc2c(c1)CCc1c(-c3ccccc3)c3n(c1-2)[B-](F)(F)[N+]1=c2ccc4ccccc4c2=C(c2ccccc2)C1=N3,ClC(Cl)Cl,1.6017677,val
13200,COc1ccc2c(c1)N(c1ccc(C)cc1)c1cc3c(cc1=N2)Oc1c(cc(C(C)(C)C)cc1C(C)(C)C)N=3,CCCCCC,2.1659114,val
13213,COc1ccc2c(c1)[nH]c1c3cccc4c3c(cc21)C(=O)N(c1c(C)cccc1C)C4=O,CS(C)=O,3.1406488,val
13221,COc1ccc2c(c1)c(C=O)c1c(-c3ccccc3)c(-c3ccccc3)c(-c3ccccc3)c(-c3ccccc3)n12,CS(C)=O,2.9700933,val
13223,COc1ccc2c(c1)c1c(c3cc(OC)ccc32)-c2cc(C(C)(C)C)cc3c2c(nc2c4cc(OC)ccc4c4ccc(OC)cc4c32)O1,ClCCl,2.8778465,val
13227,COc1ccc2c(c1)c1c(c3cc(OC)ccc32)=[N+]2C(=C(c3c(C)cc(C)cc3C)c3cc4c5cc(OC)ccc5c5ccc(OC)cc5c4n3[B-]2(F)F)C=1,Cc1ccccc1,1.7234311,val
13228,COc1ccc2c(c1)c1c(c3cc(OC)ccc32)=[N+]2C(=C(c3c(C)cc(C)cc3C)c3cc4c5cc(OC)ccc5c5ccc(OC)cc5c4n3[B-]2(F)F)C=1,ClCCl,1.7405977,val
13232,COc1ccc2c(c1)c1cc(OC)ccc1n2-c1ccc2c(c1)-c1cc(-n3c4ccc(OC)cc4c4cc(OC)ccc43)ccc1P2(=O)c1ccccc1,Cc1ccccc1,3.3038936,val
13246,COc1ccc2c(c1)sc1[n+]2[B-](F)(F)OC(c2ccc(N(C)C)cc2)=N1,C1CCOC1,2.9042933,val
13253,COc1ccc2c3c([nH]c2c1)C(C)=NCC3,CS(C)=O,3.819817,val
13254,COc1ccc2c3c([nH]c2c1)C(C)=NCC3,O,3.854773,val
13264,COc1ccc2c3c(c4ccc(OC)cc4c2c1)C(C)(C)c1cc(-c2ccccc2)ccc1-3,C1CCCCC1,3.2920308,val
13265,COc1ccc2c3c(c4ccc(OC)cc4c2c1)C(C)(C)c1ccc2ccccc2c1-3,C1CCCCC1,3.2691612,val
13267,COc1ccc2c3c(c4ccc(OC)cc4c2c1)C(C)(C)c1sccc1-3,C1CCCCC1,3.4416957,val
13271,COc1ccc2c3c(cccc13)C(=O)N(C)C2=O,CC#N,3.4693146,val
13274,COc1ccc2c3c(cccc13)C(=O)N(C)C2=O,CCO,3.4536211,val
13283,COc1ccc2c3ccc(OC)cc3n(-c3ccc(-c4nnc(-c5c(C)cc(C)cc5C)o4)cc3C)c2c1,Cc1ccccc1,3.725681,val
13285,COc1ccc2c3cccc4c(OC)ccc(c5cccc1c52)c43,C1CCOC1,2.7013311,val
13298,COc1ccc2cc(-c3ccc(C(F)(F)F)cc3)oc(=O)c2c1,CCCCCCCCO,3.6793966,val
13305,COc1ccc2cc(-c3ccc(C(F)(F)F)cc3)oc(=O)c2c1,ClC(Cl)Cl,3.6613019,val
13310,COc1ccc2cc(-c3ccc(S(C)(=O)=O)cc3)oc(=O)c2c1,CCO,3.6078892,val
13312,COc1ccc2cc(-c3ccc(S(C)(=O)=O)cc3)oc(=O)c2c1,CO,3.613441,val
13314,COc1ccc2cc(-c3ccc([N+](=O)[O-])cc3)ccc2c1,CC#N,3.8067734,val
13315,COc1ccc2cc(-c3ccc([N+](=O)[O-])cc3)ccc2c1,ClC(Cl)Cl,3.8142161,val
13317,COc1ccc2cc(-c3cccc(-c4cc5ccc(OC)cc5oc4=O)c3)c(=O)oc2c1,ClC(Cl)Cl,3.5500028,val
13319,COc1ccc2cc(-c3ccsc3)c(=O)oc2c1,ClC(Cl)Cl,3.7606473,val
13332,COc1ccc2cc(/C=C/c3nc(/C=C/c4ccc(N(C)C)cc4)cc(/C=C/c4ccc(N(C)C)cc4)n3)ccc2c1,ClCCl,2.9718595,val
13334,COc1ccc2cc(C#Cc3ccc([N+](=O)[O-])cc3)ccc2c1,C1CCOC1,3.588855,val
13344,COc1ccc2cc3c(C)cc(=O)oc3cc2c1,CCO,3.5055761,val
13350,COc1ccc2ccccc2c1C1=CC(c2ccccc2)=C(c2ccccc2)C1,ClCCl,3.4587834,val
13356,COc1ccc2n1[B-](F)(F)[N+]1=C(c3ccccc3)C=CC1=C2c1ccc(C)cc1,C1CCCCC1,2.3331099,val
13362,COc1ccc2n1[B-](F)(F)[N+]1=C(c3ccccc3)C=CC1=C2c1ccc(C)cc1,ClC(Cl)Cl,2.317155,val
13363,COc1ccc2n1[B-](F)(F)[N+]1=CC=CC1=C2c1ccccc1,CC#N,2.4590683,val
13368,COc1ccc2nc(-c3ccccc3)c(=O)oc2c1,c1ccccc1,3.4161599,val
13374,COc1ccc2nc(N=Nc3c(-c4ccccc4)[nH]c4ccccc34)sc2c1,ClC(Cl)Cl,2.3868203,val
13376,COc1ccc2nc(N=Nc3c(C)[nH]c4ccccc34)sc2c1,ClC(Cl)Cl,2.392025,val
13380,COc1ccc2nc3c(cnc4ccc(-c5ccc(C=C(C#N)C(=O)O)cc5)cc43)cc2c1,ClCCl,3.0962238,val
13381,COc1ccc2nc3c(nc2c1)c(-c1ccccc1)nn3C,C1CCCCC1,2.7813103,val
13382,COc1ccc2nc3c(nc2c1)c(-c1ccccc1)nn3C,C1CCOC1,2.7670524,val
13383,COc1ccc2nc3c(nc2c1)c(-c1ccccc1)nn3C,CC#N,2.8136952,val
13389,COc1ccc2nc3nc4c(cc3cc2c1)-c1ccccc1C4,CC(C)=O,3.1057131,val
13393,COc1ccc2nn(C)c(-c3ccc(C(C)=O)o3)c2c1,ClCCl,3.468064,val
13400,COc1ccc2nn(C)c(-c3ccc(C=O)s3)c2c1,CC#N,3.36039,val
13408,COc1ccc2oc(-c3cc4cc(OC)ccc4oc3=O)cc2c1,O,3.184917,val
13410,COc1ccc2occ(-c3ccccc3)c(=O)c2c1,O,3.9504673,val
13412,COc1cccc(-c2[nH]c(=O)n3c2-c2ccccc2C3=O)c1O,CO,3.1000233,val
13417,COc1cccc(-c2c3ccccc3c3n2[B-](F)(F)[N+]2=Cc4c5ccccc5c(-c5cccc(OC)c5)n4[B-](F)(F)[N+]2=C3)c1,CN(C)C=O,2.2026,val
13419,COc1cccc(-c2c3ccccc3c3n2[B-](F)(F)[N+]2=Cc4c5ccccc5c(-c5cccc(OC)c5)n4[B-](F)(F)[N+]2=C3)c1,ClCCl,2.2154207,val
13429,COc1cccc(-c2nc3sc4ccccc4c3s2)c1,CS(C)=O,3.609612,val
13435,COc1cccc(-n2c(-c3ccc(O)cc3)nc(C)c2C)c1,CO,4.2092695,val
13440,COc1cccc(-n2c(-c3ccccc3)nc(C)c2C)c1,CO,4.316207,val
13442,COc1cccc(-n2c(-c3ccccc3)nc(C)c2C)c1,c1ccccc1,4.2178993,val
13443,COc1cccc(-n2cccc2)c1,ClC(Cl)Cl,4.2622304,val
13445,COc1cccc(/C=C/c2cc(C)c3n2[B-](F)(F)[N+]2=CC=CC2=C3)c1Cl,CS(C)=O,2.1906447,val
13447,COc1cccc(/C=C/c2cc(C)c3n2[B-](F)(F)[N+]2=CC=CC2=C3)c1O,CS(C)=O,2.1910286,val
13448,COc1cccc(/C=C/c2cc(C)c3n2[B-](F)(F)[N+]2=CC=CC2=C3)c1OC,CS(C)=O,2.2247689,val
13450,COc1cccc(/C=C/c2ccccc2)c1,CC#N,4.0102873,val
13455,COc1cccc(C2=C(c3ccc(C(C)(C)C)cc3)C(c3ccc(C(C)(C)C)cc3)=[N+]3C2=C(c2ccccc2)c2c(-c4cccc(OC)c4)c(-c4ccc(C(C)(C)C)cc4)c(-c4ccc(C(C)(C)C)cc4)n2[B-]3(F)F)c1,Cc1ccccc1,2.1253054,val
13465,COc1cccc(C2=c3c(c4ccc(C(C)(C)C)cc4c4cc(C(C)(C)C)ccc34)=[N+]3C2=C(c2ccccc2)c2c(-c4cccc(OC)c4)c4c5ccc(C(C)(C)C)cc5c5cc(C(C)(C)C)ccc5c4n2[B-]3(F)F)c1,C1CCOC1,1.8501117,val
13470,COc1cccc(F)c1/C=C/c1cc(C)c2n1[B-](F)(F)[N+]1=CC=CC1=C2,CS(C)=O,2.1807547,val
13483,COc1cccc(OC)c1C1=CC2=C(c3ccccc3)c3cccn3[B-](F)(F)[N+]2=C1,ClCCl,2.4295726,val
13485,COc1cccc2c1C(=O)c1c(O)c3c(c(O)c1C2=O)CCC(O)(C(C)=O)C3OC1CC(N2CCC(OC)CC2)C(O)C(C)O1,C1COCCO1,2.3111906,val
13487,COc1cccc2c1oc(=O)c1c(=O)oc3cc(O)ccc3c12,CS(C)=O,3.1943338,val
13488,COc1cccc2c1oc(=O)c1c(=O)oc3cc(O)ccc3c12,ClCCl,3.2080753,val
13490,COc1cccc2cc(-c3cc4cccc(OC)c4oc3=O)oc12,CCOC(C)=O,3.4645853,val
13494,COc1cccc2cc(-c3ccc([N+](=O)[O-])cc3)c(=N)oc12,C1CCOC1,3.6090584,val
13499,COc1cccc2cc(-c3ccc([N+](=O)[O-])cc3)c(=O)oc12,CC#N,3.640545,val
13504,COc1cccc2cc(C)c3c4ccccc4n(C)c3c12,ClCCl,3.8733635,val
13512,COc1ccccc1-c1c(-c2ccccc2O)nc(-c2ccc(C(F)(F)F)cc2)n1-c1ccc(C)cc1,C1CCOC1,4.181488,val
13516,COc1ccccc1-c1c(-c2ccccc2O)nc(-c2ccc(C(F)(F)F)cc2)n1-c1ccc(C)cc1,ClC(Cl)Cl,4.126073,val
13520,COc1ccccc1-c1c2c(n3ccc(C(C)=O)cc13)C(=O)N(C(C)CO)C2,ClCCl,3.1226752,val
13522,COc1ccccc1-c1c2c(n3ccccc13)C(=O)N(C(C)CO)C2,ClCCl,3.9823492,val
13529,COc1ccccc1-c1nc(-c2ccc(C(F)(F)F)cc2)n(-c2ccc(C)cc2)c1-c1ccccc1OC,CS(C)=O,4.1596866,val
13538,COc1ccccc1-c1nnc2ccccn12,ClCCl,4.190512,val
13541,COc1ccccc1/C=c1\o/c(=C\c2ccc(N(C)C)cc2)c2ccccc12,ClCCl,2.9815533,val
13558,COc1ccccc1C1=[N+]2C(=Nc3c(-c4ccccc4)cc(-c4ccccc4OC)n3[B-]2(F)F)C(c2ccccc2)=C1,Cc1ccccc1,1.8192576,val
13565,COc1ccccc1N=Nc1nc2ccccc2s1,CO,3.2842438,val
13569,COc1ccn2c3c(c(-c4ccc(C#N)cc4)c2c1)CN(CCNC(=O)OC(C)(C)C)C3=O,ClCCl,3.528134,val
13584,COc1cnc(-c2cc[n+](C3=C(F)C(F)(F)C(F)(F)[C-]3F)cc2)s1,ClCCl,2.9606006,val
13588,COc1coc2cc(-c3ccc(N(C)C)cc3)ccc2c1=O,CCCCCCC,3.4103267,val
13592,COc1coc2cc(-c3ccc(N(C)C)cc3)ccc2c1=O,ClCCl,3.3768969,val
13597,COc1nc(Cl)nc(Nc2ccc3c4c(cccc24)C(=O)c2ccccc2-3)n1,CO,2.9779887,val
13598,COc1nc(Cl)nc(Nc2ccc3c4c(cccc24)C(=O)c2ccccc2-3)n1,Clc1ccccc1,2.9363937,val
13603,COc1nc(Cl)nc(Nc2ccc3cc4ccccc4cc3c2)n1,C1COCCO1,3.1980708,val
13605,COc1nc(Cl)nc(Nc2ccc3cc4ccccc4cc3c2)n1,CCCCOCCCC,3.2054636,val
13608,COc1nc(Nc2cc3ccc4cccc5ccc(c2)c3c45)nc(OC)n1,CCCCOCCCC,3.6071799,val
13628,CS(=O)(=O)c1ccc(-c2cc3ccc(N)cc3c(=O)o2)cc1,CC(C)=O,3.5083058,val
13630,CS(=O)(=O)c1ccc(-c2cc3ccc(N)cc3c(=O)o2)cc1,CCCCO,3.5185637,val
13634,CS(=O)(=O)c1ccc(-c2cc3ccc(N)cc3c(=O)o2)cc1,CO,3.5181494,val
13636,CS(=O)(=O)c1ccc(-c2ccc(C3=C4C(=O)NC(c5ccc(-c6ccc(S(C)(=O)=O)cc6)cc5)=C4C(=O)N3)cc2)cc1,ClCCl,2.6057253,val
13642,CSC1=C(SC)SC(=Cc2ccc(N(c3ccccc3)c3ccc(/C=C(/C#N)C(=O)O)cc3)cc2)S1,CO,2.9529824,val
13646,CSC1=C2C=C(c3cc4n(c3)[B-](F)(F)[N+]3=CC=CC3=C4c3c(C)cc(C)cc3C)C(C)=[N+]2[B-](F)(F)n2c(C)ccc21,CC(C)=O,2.1135523,val
13652,CSc1cc(-c2cc3cc4c5c(c3oc2=O)CCCN5CCC4)oc(=O)c1C#N,CC#N,2.2704377,val
13657,CSc1cc(-c2cc3cc4c5c(c3oc2=O)CCCN5CCC4)oc(=O)c1C#N,CS(C)=O,2.2464476,val
13659,CSc1cc(-c2cc3cc4c5c(c3oc2=O)CCCN5CCC4)oc(=O)c1C#N,ClC(Cl)Cl,2.210951,val
13663,CSc1ccc(-c2ccc(C3=C4C(=O)NC(c5ccc(-c6ccc(SC)cc6)cc5)=C4C(=O)N3)cc2)cc1,ClCCl,2.4375696,val
13664,CSc1ccc(-c2nc3sc4ccccc4c3s2)cc1,CS(C)=O,3.4877107,val
13666,CSc1ccc(/C=C/c2ccncn2)cc1,ClCCl,3.558795,val
13670,CSc1ccc(/C=C/c2cnc3ccccc3n2)cc1,CS(C)=O,3.2568955,val
13673,CSc1ccc(C#Cc2cc(C#N)c(C#Cc3cc(C#N)ccc3C#N)cc2C#N)cc1,ClC(Cl)Cl,3.0808485,val
13674,CSc1ccc(C#Cc2cc(C#N)c(C#Cc3ccccc3)cc2C#N)cc1,ClC(Cl)Cl,3.1623986,val
13676,CSc1ccc(C#Cc2ccc(C#Cc3cc(C#N)ccc3C#N)cc2C#N)cc1,ClC(Cl)Cl,3.374891,val
13680,CSc1ccc(C=Cc2ccn3cc(-c4ccccc4)nc3c2)cc1,O=C(O)C(F)(F)F,2.8225532,val
13697,CSc1nccc(/C=C/c2ccc(N(c3ccccc3)c3ccc(/C=C/c4ccnc(SC)n4)cc3)cc2)n1,ClCCl,2.950951,val
13716,CSc1sc(C(N)=O)c2nnn(C)c(=O)c12,CC#N,3.1233335,val
13719,CSc1sc(C(N)=O)c2nnn(C)c(=O)c12,CO,3.1016057,val
13734,C[C@H]1CC(C)(C)N(C)c2ccc(-c3ccc(/C=C(\C#N)C(=O)O)s3)cc21,CCO,2.9856687,val
13738,C[C@H]1CC(C)(C)N(C)c2ccc(/C=C/c3ccc(/C=C(\C#N)P(=O)(O)O)s3)cc21,CCO,2.716431,val
13743,C[C@]12C(=O)NC(=O)N([C@H]3CC(O)[C@@H](CO)O3)[C@H]1[C@H]1Oc3cc4oc(=O)ccc4cc3[C@H]12,CCO,3.819294,val
13755,C[N+]1=C(/C=C2/C(=O)C(c3cc4c5c(c3)C(C)(C)c3cccc6c3N5c3c(cccc3C4(C)C)C6(C)C)=C2[O-])C(C)(C)c2cc(C(=O)O)ccc21,CC#N,2.0522697,val
13763,C[Si](C)(C)C#CC(C#C[Si](C)(C)C)=Cc1ccc(C=C(C#C[Si](C)(C)C)C#C[Si](C)(C)C)cc1,ClC(Cl)Cl,3.07959,val
13772,C[Si](C)(C)C#Cc1ccc2c3cccc4cccc(c5cccc1c52)c43,C1CCCCC1,2.7243686,val
13773,C[Si](C)(C)C#Cc1cccc2ccccc12,C1CCCCC1,3.8483937,val
13775,C[Si](C)(C)[Si](C)(C)c1ccc2cc3ccccc3cc2c1,C1CCCCC1,3.389683,val
13776,C[Si](C)(C)[Si](c1cc2sc([Si]([Si](C)(C)C)([Si](C)(C)C)[Si](C)(C)C)cc2s1)([Si](C)(C)C)[Si](C)(C)C,ClCCl,3.8419116,val
13779,C[Si](C)(C)[Si](c1ccc([Si]([Si](C)(C)C)([Si](C)(C)C)[Si](C)(C)C)s1)([Si](C)(C)C)[Si](C)(C)C,ClCCl,4.0850353,val
13781,C[Si](C)(C)c1ccc(-c2nn(-c3ccc(N(c4ccccc4)c4ccccc4)cc3)nc2C(=O)c2ccccc2)cc1,C1CCOC1,3.603345,val
13798,C[Si](C)(c1ccc2cc3ccccc3cc2c1)[Si](C)(C)c1ccc2cc3ccccc3cc2c1,C1CCCCC1,3.3381066,val
13799,C[Si](C)(c1cccc2cc3ccccc3cc12)[Si](C)(C)c1cccc2cc3ccccc3cc12,C1CCCCC1,3.4173253,val
13809,C[Si]1(C)O[Si](C)(C)c2cc3c(-c4ccccc4)c4cc([N+](=O)[O-])ccc4nc3cc21,ClCCl,3.1550574,val
13867,Cc1[nH]c2ccccc2c1N=Nc1nncs1,CS(C)=O,2.749116,val
13877,Cc1c(-c2nnc(-c3c4ccccc4cc4ccccc34)o2)sc2sc(-c3nnc(-c4c5ccccc5cc5ccccc45)o3)c(C)c12,CCO,3.0227096,val
13879,Cc1c(-c2nnc(-c3cccc4ccccc34)o2)sc2sc(-c3nnc(-c4cccc5ccccc45)o3)c(C)c12,CCO,3.3591666,val
13882,Cc1c(-c2nnc(C=Cc3ccccc3)o2)sc2sc(-c3nnc(C=Cc4ccccc4)o3)c(C)c12,CCO,3.2843323,val
13898,Cc1c(C(=O)c2ccc3ccc4cccc5ccc2c3c45)c2ccc3cccc4c5cccc6ccc1c(c65)c2c34,ClCCl,2.8241115,val
13902,Cc1c(C(N)=O)c(=O)oc2cc3c(cc12)nc(Nc1cccc(Cl)c1)n3Cc1ccccn1,CCO,3.4537745,val
13905,Cc1c(C(N)=O)c(=O)oc2cc3c(cc12)nc(Nc1ccccc1)n3C,CCO,3.370042,val
13910,Cc1c(C)c(B(c2c(C)c(C)c(N3c4ccccc4Oc4ccccc43)c(C)c2C)c2c(C)c(C)c(N3c4ccccc4Oc4ccccc43)c(C)c2C)c(C)c(C)c1C#N,c1ccc([Si](c2ccccc2)(c2ccc(-n3c4ccccc4c4ccccc43)cc2)c2ccc(-n3c4ccccc4c4ccccc43)cc2)cc1,3.0934591,val
13913,Cc1c(C)c2c3ccccc3[nH]c2c2ccccc12,ClCCl,3.8422077,val
13924,Cc1c(C2=[N+]3C(=Cc4c(C)c5ccccc5n4[B-]3(F)F)c3ccccc32)[nH]c2ccccc12,CC#N,1.9743276,val
13927,Cc1c(C2=[N+]3C(=Cc4c(C)c5ccccc5n4[B-]3(F)F)c3ccccc32)[nH]c2ccccc12,Cc1ccccc1,1.9294295,val
13931,Cc1c(COC(=O)Cc2cccc3ccccc23)n2c(OCC(=O)Cc3cccc4ccccc34)c(C)c(=O)n2c1=O,CCO,3.499558,val
13937,Cc1c(N=Nc2nc(-c3cc4ccccc4oc3=O)cs2)c2ccccc2n1C,CS(C)=O,2.573606,val
13939,Cc1c(N=Nc2nncs2)c2ccccc2n1C,CS(C)=O,2.7578635,val
13941,Cc1c(O)ccc(N=Nc2ccc([N+](=O)[O-])cc2C#N)c1O,CC(C)=O,2.9107199,val
13945,Cc1c2c(c(C)c3ccccc13)-c1c-2ccc2nc3ccccc3nc12,ClC(Cl)Cl,2.828586,val
13946,Cc1c2c(c(C)c3ccccc13)-c1cc3nc4ccccc4nc3cc1-2,ClC(Cl)Cl,2.553389,val
13954,Cc1c2ccccc2c(C2=C3C=CC=[N+]3[B-](F)(F)n3cccc32)c2ccccc12,CC#N,2.4749055,val
13955,Cc1c2ccccc2c(C2=C3C=CC=[N+]3[B-](F)(F)n3cccc32)c2ccccc12,CCCCCC,2.4763312,val
13962,Cc1c2ccncc2c(C)c2c1[nH]c1ccccc12,C1COCCO1,4.3070135,val
13963,Cc1c2ccncc2c(C)c2c1[nH]c1ccccc12,CC#N,4.296612,val
13968,Cc1c2ccncc2c(C)c2c1[nH]c1ccccc12,CCCCO,4.3056226,val
13972,Cc1c2ccncc2c(C)c2c1[nH]c1ccccc12,CN(C)C=O,4.2558184,val
13979,Cc1c2oc(-c3ccc(-c4cccc5ccccc45)cc3)c(-c3ccc(-c4cccc5ccccc45)cc3)c2c(C)c2oc(-c3ccc(-c4cccc5ccccc45)cc3)c(-c3ccc(-c4cccc5ccccc45)cc3)c12,ClCCl,3.8569694,val
13982,Cc1c2oc3c(C)c(N)cc(C(=O)NC4OC(=O)C(C(C)C)N(C)C(=O)CN(C)C(=O)C5CCCN5C(=O)C(C(C)C)NC4=O)c3nc-2c(C(=O)NC2OC(=O)C(C(C)C)N(C)C(=O)CN(C)C(=O)C3CCCN3C(=O)C(C(C)C)NC2=O)c(N)c1=O,C1CCOC1,2.3024337,val
13986,Cc1c2oc3c(C)c(N)cc(C(=O)NC4OC(=O)C(C(C)C)N(C)C(=O)CN(C)C(=O)C5CCCN5C(=O)C(C(C)C)NC4=O)c3nc-2c(C(=O)NC2OC(=O)C(C(C)C)N(C)C(=O)CN(C)C(=O)C3CCCN3C(=O)C(C(C)C)NC2=O)c(N)c1=O,CCCCO,2.3161602,val
13997,Cc1c2oc3c(C)c(N)cc(C(=O)NC4OC(=O)C(C(C)C)N(C)C(=O)CN(C)C(=O)C5CCCN5C(=O)C(C(C)C)NC4=O)c3nc-2c(C(=O)NC2OC(=O)C(C(C)C)N(C)C(=O)CN(C)C(=O)C3CCCN3C(=O)C(C(C)C)NC2=O)c(N)c1=O,ClCCCl,2.2266986,val
13998,Cc1c2oc3c(C)c(N)cc(C(=O)NC4OC(=O)C(C(C)C)N(C)C(=O)CN(C)C(=O)C5CCCN5C(=O)C(C(C)C)NC4=O)c3nc-2c(C(=O)NC2OC(=O)C(C(C)C)N(C)C(=O)CN(C)C(=O)C3CCCN3C(=O)C(C(C)C)NC2=O)c(N)c1=O,O=[N+]([O-])c1ccccc1,2.3000395,val
13999,Cc1c2oc3c(C)c(N)cc(C(=O)NC4OC(=O)C(C(C)C)N(C)C(=O)CN(C)C(=O)C5CCCN5C(=O)C(C(C)C)NC4=O)c3nc-2c(C(=O)NC2OC(=O)C(C(C)C)N(C)C(=O)CN(C)C(=O)C3CCCN3C(=O)C(C(C)C)NC2=O)c(N)c1=O,c1ccccc1,2.2397616,val
14004,Cc1cc(-c2ccc(-c3ccccc3)cc2)nc(-c2ccc(-n3c4ccccc4c4ccccc43)cc2)n1,CN(C)C=O,3.6282098,val
14005,Cc1cc(-c2ccc(-c3ccccc3)cc2)nc(-c2ccc(-n3c4ccccc4c4ccccc43)cc2)n1,Cc1ccccc1,3.629398,val
14009,Cc1cc(-c2ccc(-n3c4ccccc4c4ccccc43)cc2)nc(-c2ccc(-c3ccccc3)cc2)n1,C1CCOC1,3.6753533,val
14011,Cc1cc(-c2ccc(-n3c4ccccc4c4ccccc43)cc2)nc(-c2ccc(-c3ccccc3)cc2)n1,Cc1ccccc1,3.6470258,val
14014,Cc1cc(-c2ccc(-n3c4ccccc4c4ccccc43)cc2)nc(-c2ccc(-n3c4ccccc4c4ccccc43)cc2)n1,CN(C)C=O,3.6010482,val
14025,Cc1cc(-c2ccccc2)nc2c1ccc1nc(-c3ccccc3)cn12,CC#N,3.4970818,val
14031,Cc1cc(-c2ccccc2)nc2c1ccc1nc(-c3ccccc3)cn12,c1ccccc1,3.4418046,val
14037,Cc1cc(-c2nc(-c3ccccc3)nc(-c3ccccc3)n2)ccc1N1c2ccccc2CCc2ccccc21,Cc1ccccc1,3.3183372,val
14049,Cc1cc(/C=C/C2=CCCCC2)n2c1C=C1C=CC=[N+]1[B-]2(F)F,CS(C)=O,2.176029,val
14050,Cc1cc(/C=C/C2CCCCC2)n2c1C=C1C=CC=[N+]1[B-]2(F)F,CS(C)=O,2.2606564,val
14052,Cc1cc(/C=C/C=C/c2ccccc2)n2c1C=C1C=CC=[N+]1[B-]2(F)F,CS(C)=O,2.1875005,val
14060,Cc1cc(/C=C/c2c(F)ccc(F)c2Cl)n2c1C=C1C=CC=[N+]1[B-]2(F)F,CS(C)=O,2.1887856,val
14065,Cc1cc(/C=C/c2cc(C(C)(C)C)cc(C(C)(C)C)c2O)n2c1C=C1C=CC=[N+]1[B-]2(F)F,CS(C)=O,2.2216873,val
14078,Cc1cc(/C=C/c2cc(F)cc(C(F)(F)F)c2)n2c1C=C1C=CC=[N+]1[B-]2(F)F,CS(C)=O,2.2449226,val
14083,Cc1cc(/C=C/c2cc(OCc3ccccc3)cc(OCc3ccccc3)c2)n2c1C=C1C=CC=[N+]1[B-]2(F)F,CS(C)=O,2.241217,val
14084,Cc1cc(/C=C/c2cc([N+](=O)[O-])ccc2F)n2c1C=C1C=CC=[N+]1[B-]2(F)F,CS(C)=O,2.1996465,val
14085,Cc1cc(/C=C/c2cc([N+](=O)[O-])ccc2O)n2c1C=C1C=CC=[N+]1[B-]2(F)F,CS(C)=O,2.164277,val
14089,Cc1cc(/C=C/c2ccc(-c3ccc(Cl)cc3)o2)n2c1C=C1C=CC=[N+]1[B-]2(F)F,CS(C)=O,2.168254,val
14095,Cc1cc(/C=C/c2ccc(-c3ccccc3)s2)n2c1C=C1C=CC=[N+]1[B-]2(F)F,CS(C)=O,2.1695619,val
14097,Cc1cc(/C=C/c2ccc(-c3ccccn3)cc2)n2c1C=C1C=CC=[N+]1[B-]2(F)F,CS(C)=O,2.2229993,val
14102,Cc1cc(/C=C/c2ccc(B(O)O)cc2)n2c1C=C1C=CC=[N+]1[B-]2(F)F,CS(C)=O,2.119235,val
14105,Cc1cc(/C=C/c2ccc(C(C)(C)C)cc2)n2c1C=C1C=CC=[N+]1[B-]2(F)F,CS(C)=O,2.2285848,val
14118,Cc1cc(/C=C/c2ccc(F)cc2Cl)n2c1C=C1C=CC=[N+]1[B-]2(F)F,CS(C)=O,2.186625,val
14121,Cc1cc(/C=C/c2ccc(N3CCCCC3)c([N+](=O)[O-])c2)n2c1C=C1C=CC=[N+]1[B-]2(F)F,CS(C)=O,2.2383158,val
14124,Cc1cc(/C=C/c2ccc(O)c3ccccc23)n2c1C=C1C=CC=[N+]1[B-]2(F)F,CS(C)=O,2.1640103,val
14130,Cc1cc(/C=C/c2ccc(OCc3ccc(F)cc3)cc2)n2c1C=C1C=CC=[N+]1[B-]2(F)F,CS(C)=O,2.2359328,val
14132,Cc1cc(/C=C/c2ccc(OCc3ccccc3)cc2)n2c1C=C1C=CC=[N+]1[B-]2(F)F,CS(C)=O,2.232046,val
14142,Cc1cc(/C=C/c2ccc3c(c2)OC(F)(F)O3)n2c1C=C1C=CC=[N+]1[B-]2(F)F,CS(C)=O,2.2010407,val
14144,Cc1cc(/C=C/c2ccc3c4c(cccc24)CC3)n2c1C=C1C=CC=[N+]1[B-]2(F)F,CS(C)=O,2.1620886,val
14146,Cc1cc(/C=C/c2ccc[nH]2)n2c1C=C1C=CC=[N+]1[B-]2(F)F,CS(C)=O,2.1628497,val
14148,Cc1cc(/C=C/c2cccc(C#N)c2)n2c1C=C1C=CC=[N+]1[B-]2(F)F,CS(C)=O,2.2550232,val
14156,Cc1cc(/C=C/c2cccc(OC(F)(F)C(F)F)c2)n2c1C=C1C=CC=[N+]1[B-]2(F)F,CS(C)=O,2.2311494,val
14160,Cc1cc(/C=C/c2cccc(Oc3ccccc3)c2)n2c1C=C1C=CC=[N+]1[B-]2(F)F,CS(C)=O,2.213015,val
14163,Cc1cc(/C=C/c2cccc3ccccc23)n2c1C=C1C=CC=[N+]1[B-]2(F)F,CS(C)=O,2.1913311,val
14166,Cc1cc(/C=C/c2ccccc2B(O)O)n2c1C=C1C=CC=[N+]1[B-]2(F)F,CS(C)=O,2.1558619,val
14167,Cc1cc(/C=C/c2ccccc2C(=O)O)n2c1C=C1C=CC=[N+]1[B-]2(F)F,CS(C)=O,2.1793795,val
14177,Cc1cc(/C=C/c2cnc[nH]2)n2c1C=C1C=CC=[N+]1[B-]2(F)F,CS(C)=O,2.1791565,val
14178,Cc1cc(/C=C/c2ncc[nH]2)n2c1C=C1C=CC=[N+]1[B-]2(F)F,CS(C)=O,2.2266114,val
14190,Cc1cc(=O)c2ccc(N)cc2o1,CO,3.8426678,val
14194,Cc1cc(=O)cc(-c2ccc(-c3nc4ccccn4c3NC3CCCCC3)cc2)o1,ClCCl,3.4044528,val
14200,Cc1cc(=O)oc2c3c4c(cc12)CCCN4CCC3,CC#N,3.238296,val
14205,Cc1cc(=O)oc2cc(N)ccc12,CO,3.6170437,val
14216,Cc1cc(=O)oc2cc3c4ccccc4c4ccccc4c3cc12,CS(C)=O,3.4970546,val
14217,Cc1cc(=O)oc2cc3c4ccccc4c4ccccc4c3cc12,Cc1ccccc1,3.4915006,val
14219,Cc1cc(=O)oc2cc3cc(-c4cn(Cc5ccccc5)nn4)ccc3cc12,CCO,3.7126074,val
14226,Cc1cc(C#N)ccc1N1c2ccccc2C(c2ccccc2)(c2ccccc2)c2ccccc21,Cc1ccccc1,3.702292,val
14230,Cc1cc(C(F)(F)F)nc2c1ccc1nc(-c3ccc(Cl)cc3)cn12,CC#N,3.4224963,val
14233,Cc1cc(C(F)(F)F)nc2c1ccc1nc(-c3ccc(Cl)cc3)cn12,CCOC(C)=O,3.4254174,val
14240,Cc1cc(C(F)(F)F)nc2c1ccc1nc(-c3ccc(F)c(F)c3)cn12,CCCCCC,3.4505253,val
14241,Cc1cc(C(F)(F)F)nc2c1ccc1nc(-c3ccc(F)c(F)c3)cn12,CCCCOC(C)=O,3.4408932,val
14244,Cc1cc(C(F)(F)F)nc2c1ccc1nc(-c3ccc(F)c(F)c3)cn12,Cc1ccccc1,3.3729074,val
14250,Cc1cc(C)c(-c2cc3c(s2)-c2sc(-c4c(C)cc(C)cc4C)cc2P(c2ccccc2)(c2ccccc2)=[O+][B-]3(c2c(C)cc(C)cc2C)c2c(C)cc(C)cc2C)c(C)c1,C1CCOC1,3.1214478,val
14251,Cc1cc(C)c(-c2nnc(-c3ccc(-n4c5ccccc5c5ccccc54)c(C)c3)o2)c(C)c1,Cc1ccccc1,3.7015417,val
14256,Cc1cc(C)c(B(c2c(C)cc(C)cc2C)c2c(C)cc(-n3c4ccc(N(c5ccccc5)c5ccccc5)cc4c4cc(N(c5ccccc5)c5ccccc5)ccc43)cc2C)c(C)c1,Cc1ccccc1,3.060589,val
14257,Cc1cc(C)c(B(c2c(C)cc(C)cc2C)c2c(C)cc(-n3c4ccccc4c4cc(N(c5ccccc5)c5ccccc5)ccc43)cc2C)c(C)c1,Cc1ccccc1,3.0524104,val
14260,Cc1cc(C)c(B(c2c(C)cc(C)cc2C)c2cc3cc(N(C)C)c4ccccc4c3c3c2ccc2ccccc23)c(C)c1,C1CCOC1,2.8940063,val
14262,Cc1cc(C)c(B(c2c(C)cc(C)cc2C)c2cc3cc(N(C)C)c4ccccc4c3c3c2ccc2ccccc23)c(C)c1,ClC(Cl)Cl,2.8889503,val
14263,Cc1cc(C)c(B(c2c(C)cc(C)cc2C)c2cc3cc(N(C)C)c4ccccc4c3c3c2ccc2ccccc23)c(C)c1,c1ccccc1,2.8692908,val
14272,Cc1cc(C)c(B(c2c(C)cc(C)cc2C)c2cc3ccc4ccccc4c3c3c2ccc2ccccc23)c(C)c1,ClC(Cl)Cl,3.046525,val
14287,Cc1cc(C)c(B(c2ccc(-c3ccc(-c4nc5c6ccccc6c6ccccc6c5[nH]4)cc3)cc2)c2c(C)cc(C)cc2C)c(C)c1,ClCCl,3.3391905,val
14291,Cc1cc(C)c(B(c2ccc(-c3nc4c5ccccc5c5ccccc5c4[nH]3)cc2)c2c(C)cc(C)cc2C)c(C)c1,CS(C)=O,3.2163785,val
14302,Cc1cc(C)c(B(c2ccccc2N(c2ccccc2)c2ccccc2)c2c(C)cc(C)cc2C)c(C)c1,Cc1ccccc1,3.5818863,val
14306,Cc1cc(C)c(B2N(c3c(C(C)C)cccc3C(C)C)C(c3ccccc3)=C(c3ccccc3)N2c2c(C(C)C)cccc2C(C)C)c(C)c1,C1CCOC1,3.1447067,val
14311,Cc1cc(C)c(B2c3cc(C(C)(C)C)ccc3-c3c(-c4ccccc4)ccc4cc(C(C)(C)C)cc2c34)c(C)c1,C1CCCCC1,3.15193,val
14328,Cc1cc(C)c(C2=C3C=C(/C=C/C(=O)OC(C)(C)C)C=[N+]3[B-](F)(F)n3c2ccc3N2CCOCC2)c(C)c1,ClCCl,2.3772237,val
14331,Cc1cc(C)c(C2=C3C=C(/C=C/C(=O)OCc4ccccc4)C=[N+]3[B-](F)(F)n3cc(/C=C/C(=O)OCc4ccccc4)cc32)c(C)c1,ClCCl,2.2511349,val
14338,Cc1cc(C)c(C2=C3C=C(c4ccc(C(C)(C)C)cc4)C(c4ccc(C(C)(C)C)cc4)=[N+]3[B-](F)(F)n3c2cc(-c2ccc(C(C)(C)C)cc2)c3-c2ccc(C(C)(C)C)cc2)c(C)c1,ClCCl,2.1052685,val
14340,Cc1cc(C)c(C2=C3C=C(c4ccccc4)C(c4ccccc4)=[N+]3[B-](F)(F)n3c2cc(-c2ccccc2)c3-c2ccccc2)c(C)c1,C1CCOC1,2.1045535,val
14342,Cc1cc(C)c(C2=C3C=C(c4ccccc4)C(c4ccccc4)=[N+]3[B-](F)(F)n3c2cc(-c2ccccc2)c3-c2ccccc2)c(C)c1,Cc1ccccc1,2.0687811,val
14347,Cc1cc(C)c(C2=C3C=CC(c4ccccc4O)=[N+]3[B-]3(c4ccccc4)Oc4ccccc4-c4ccc2n43)c(C)c1,ClC(Cl)Cl,2.0650485,val
14350,Cc1cc(C)c(C2=C3C=CC=[N+]3[B-]3(F)Oc4cc(O)cc5c6ccc(C)cc6c6cc2n3c6c45)c(C)c1,ClC(Cl)Cl,2.0087354,val
14351,Cc1cc(C)c(C2=C3C=CC=[N+]3[B-]3(c4ccc5ccc6cccc7ccc4c5c67)Oc4cc(O)cc5c6ccc(C)cc6c6cc2n3c6c45)c(C)c1,ClC(Cl)Cl,1.9347442,val
14364,Cc1cc(C)c(C2=[N+]3C(=Cc4c(C)cc(C)n4[B-]3(F)F)c3ccccc32)[nH]1,C1CCOC1,2.052435,val
14365,Cc1cc(C)c(C2=[N+]3C(=Cc4c(C)cc(C)n4[B-]3(F)F)c3ccccc32)[nH]1,CC#N,2.0597389,val
14370,Cc1cc(C)c(N(c2ccccc2)c2ccc(S(=O)(=O)c3ccc(S(=O)(=O)c4ccc(N(c5ccccc5)c5c(C)cc(C)cc5C)cc4)cc3)cc2)c(C)c1,Cc1ccccc1,3.441065,val
14373,Cc1cc(C)c(N=Cc2cc(C)cc(C(c3ccccc3)c3ccccc3)c2O)c(C)c1,Cc1ccccc1,3.724009,val
14374,Cc1cc(C)c(OP2(=O)c3cccc4cccc(c34)-c3cccc4cccc2c34)c(C)c1,ClCCl,3.5082445,val
14378,Cc1cc(C)c([B-]2(c3c(C)cc(C)cc3C)[O+]=P(c3ccccc3)(c3ccccc3)c3cc(-c4ccc(N(C)C)cc4)sc3-c3sc(-c4ccc(N(C)C)cc4)cc32)c(C)c1,C1CCOC1,2.7485392,val
14392,Cc1cc(C)cc(/C=C/c2cc(C)c3n2[B-](F)(F)[N+]2=CC=CC2=C3)c1,CS(C)=O,2.1898985,val
14393,Cc1cc(C)cc(C)c1,C1CCCCC1,4.167262,val
14400,Cc1cc(C)n2c1C=C1C(=O)N(C)C(c3ccc([N+](=O)[O-])cc3)=[N+]1[B-]2(F)F,CCCCCC,2.2492602,val
14401,Cc1cc(C)n2c1C=C1c3ccccc3C(c3[nH]c4ccccc4c3C)=[N+]1[B-]2(F)F,C1CCOC1,2.0656917,val
14406,Cc1cc(C)n2c1C=C1c3ccccc3C(c3[nH]c4ccccc4c3C)=[N+]1[B-]2(F)F,ClCCl,2.0564027,val
14412,Cc1cc(C)n2c1C=C1c3ccccc3C(c3c[nH]c4ccccc34)=[N+]1[B-]2(F)F,ClCCl,2.0747833,val
14427,Cc1cc(C)nc(N)n1,CO,4.2202587,val
14428,Cc1cc(C2=C(c3c(C)sc(-c4ccc(-c5nc(-c6ccccc6)c(-c6ccccc6)[nH]5)cc4)c3C)C(F)(F)C(F)(F)C2(F)F)c(C)s1,C1CCOC1,3.788599,val
14432,Cc1cc(C=C(C#N)C(=O)O)sc1-c1ccc(N(c2ccccc2)c2ccccc2)cc1,ClC(Cl)Cl,2.861777,val
14435,Cc1cc(C=Nc2c(C)cccc2C)c(O)c(C(c2ccccc2)c2ccccc2)c1,Cc1ccccc1,3.7807307,val
14436,Cc1cc(C=O)cc(C)c1-c1ccc(N(C)C)cc1,CC1CCCO1,3.6522949,val
14446,Cc1cc(C=O)ccc1-c1ccc(N(C)C)cc1,CN(C)C=O,3.5218441,val
14453,Cc1cc(C=O)ccc1-c1ccc(N(C)C)cc1C,Cc1ccccc1,3.607725,val
14461,Cc1cc(N(C)C)cc(C)c1-c1ccc(C=O)cc1,ClC(Cl)Cl,3.6285577,val
14466,Cc1cc(N(C)C)ccc1-c1ccc(C=O)cc1,C1CCOC1,3.488255,val
14467,Cc1cc(N(C)C)ccc1-c1ccc(C=O)cc1,CC#N,3.4789932,val
14470,Cc1cc(N(C)C)ccc1-c1ccc(C=O)cc1,CO,3.491221,val
14471,Cc1cc(N(C)C)ccc1-c1ccc(C=O)cc1,ClCCl,3.4881063,val
14474,Cc1cc(N2c3ccccc3C3(c4ccccc4-c4ccccc43)c3ccccc32)c(C)cc1-c1nc(-c2ccccc2)nc(-c2ccccc2)n1,Cc1ccccc1,3.3706114,val
14483,Cc1cc(O)c(C(=O)/C=C/c2ccccc2O)c(=O)o1,CC#N,3.317913,val
14491,Cc1cc(O)c(C(C)C)cc1/N=C/c1ccc(O)cc1,CCCCCC,3.6061728,val
14493,Cc1cc(O)c(C(C)C)cc1/N=C/c1ccc(O)cc1,CCO,3.5994546,val
14499,Cc1cc(O)c(C(C)C)cc1/N=C/c1ccc(O)cc1,ClCCl,3.6059825,val
14502,Cc1cc(O)c(C(C)C)cc1/N=C/c1ccc([N+](=O)[O-])cc1,C1CCCCC1,3.0899422,val
14505,Cc1cc(O)c(C(C)C)cc1/N=C/c1ccc([N+](=O)[O-])cc1,CC#N,3.1207552,val
14516,Cc1cc(O)c(C(C)C)cc1/N=C/c1ccc([N+](=O)[O-])cc1,O,3.0628574,val
14536,Cc1cc2c3ccccc3oc2c2[nH]c3ccccc3c12,ClCCl,3.657913,val
14538,Cc1cc2c3ccccc3sc2c2[nH]c3ccccc3c12,ClCCl,3.6667788,val
14545,Cc1cc2ccc(-c3cccc4cccc(-c5ccc6cc(C)c(=O)oc6c5)c34)cc2oc1=O,C1CCCCC1,3.8505259,val
14549,Cc1cc2ccc(-c3cccc4cccc(-c5ccc6cc(C)c(=O)oc6c5)c34)cc2oc1=O,CCOC(C)=O,3.8551097,val
14550,Cc1cc2ccc(-c3cccc4cccc(-c5ccc6cc(C)c(=O)oc6c5)c34)cc2oc1=O,CN(C)C=O,3.8152847,val
14554,Cc1cc2cccc3c(-c4ccccc4)nc1n23,CO,2.5701556,val
14555,Cc1cc2cccc3cnc1n32,CO,2.7598717,val
14559,Cc1cc2ccccc2c2c1c1ccccc1n2-c1ccccc1,ClCCl,3.917088,val
14571,Cc1cc2nc3c(=O)[nH]c(=O)n(C)c3nc2cc1C,CC#N,3.2832963,val
14576,Cc1cc2sccc2c2[nH]c3ccccc3c12,ClCCl,4.1381216,val
14586,Cc1ccc(-c2c3cc(N(C)C)ccc3nn2C)o1,ClCCl,3.3008404,val
14588,Cc1ccc(-c2c3cc(N(C)C)ccc3nn2C)s1,ClCCl,3.4091725,val
14595,Cc1ccc(-c2c3ccccc3nn2C)o1,ClCCl,3.6850283,val
14600,Cc1ccc(-c2c3nc(c(-c4ccc(C)cc4)c4ccc([nH]4)c(-c4ccc(C)cc4)c4nc(c(-c5ccc(C)cc5)c5ccc2[nH]5)C=C4)C=C3)cc1,ClCCl,2.978015,val
14617,Cc1ccc(-c2c3nc(c(-c4ccco4)c4ccc(s4)c(-c4ccco4)c4nc(c(-c5ccc(C)cc5)c5ccc2[nH]5)C=C4)C=C3)cc1,ClCCl,2.9075441,val
14623,Cc1ccc(-c2cc(-c3ccc(C)cc3)c(C#N)c(=O)[nH]2)cc1,CCOC(C)=O,3.3305705,val
14626,Cc1ccc(-c2cc(-c3ccc(C)cc3)c(C#N)c(=O)[nH]2)cc1,CS(C)=O,3.2120128,val
14628,Cc1ccc(-c2cc(-c3ccc(N(C)C)cc3)c3c(N)nc(N4CCCC4)c(C#N)c3n2)cc1,CC#N,2.9425416,val
14630,Cc1ccc(-c2cc(-c3ccc(N(C)C)cc3)c3c(N)nc(N4CCCC4)c(C#N)c3n2)cc1,CC(C)O,2.9562204,val
14638,Cc1ccc(-c2cc(-c3ccccc3)c(C#N)c(=S)[nH]2)cc1,CCOCC,2.881487,val
14643,Cc1ccc(-c2cc(-c3ccccc3)c3c(N)nc(N4CCCC4)c(C#N)c3n2)cc1,CC(C)O,2.9681506,val
14644,Cc1ccc(-c2cc(-c3ccccc3)c3c(N)nc(N4CCCC4)c(C#N)c3n2)cc1,CO,2.9534247,val
14645,Cc1ccc(-c2cc(-c3ccccc3)c3c(N)nc(N4CCCC4)c(C#N)c3n2)cc1,ClC(Cl)Cl,2.9427776,val
14649,Cc1ccc(-c2cc(-c3ccccc3Cl)c3c(N)nc(N4CCCC4)c(C#N)c3n2)cc1,CC(C)=O,2.9614508,val
14654,Cc1ccc(-c2cc(-c3ccccc3Cl)c3c(N)nc(N4CCCC4)c(C#N)c3n2)cc1,c1ccccc1,2.9472618,val
14658,Cc1ccc(-c2cc3ccccc3oc2=O)cc1,CCCCCC,3.7682657,val
14664,Cc1ccc(-c2ccc(/C=C/c3ccc(C#N)cc3)cn2)nc1,CC#N,3.5199406,val
14665,Cc1ccc(-c2ccc(/C=C/c3ccc(Cl)cc3)cn2)nc1,CC#N,3.595492,val
14666,Cc1ccc(-c2ccc(/C=C/c3ccc(F)cc3)cn2)nc1,CC#N,3.6310341,val
14677,Cc1ccc(-c2ccc(/C=C/c3cccn3C)cn2)nc1,ClC(Cl)Cl,3.252869,val
14680,Cc1ccc(-c2ccc(C(=O)NC(C)(C)C)c3c2ccc2c4ccccc4c4ccccc4c23)cc1,ClCCl,3.6771288,val
14686,Cc1ccc(-c2cccc3cnc(-c4ccccc4)n23)cc1,ClCCl,3.7465951,val
14693,Cc1ccc(-c2cnc3nn4ccccc4c3c2)cc1,C1CCOC1,3.217802,val
14695,Cc1ccc(-c2coc3cc(O)ccc3c2=O)cc1,O,3.9245553,val
14697,Cc1ccc(-c2nc(-c3ccc(-c4nc(-c5ccc(C)cc5)c(-c5ccc(C)cc5)[nH]4)cc3)[nH]c2-c2ccc(C)cc2)cc1,CS(C)=O,3.4439595,val
14699,Cc1ccc(-c2nc(-c3ccc(O)cc3)[nH]c2-c2ccc(C)cc2)cc1,CO,4.0016866,val
14707,Cc1ccc(-c2nc(N(C)C)sc2-c2ccc([N+](=O)[O-])s2)cc1,CS(C)=O,2.5685115,val
14710,Cc1ccc(-c2nc(N(c3ccccc3)c3ccccc3)sc2-c2ccc([N+](=O)[O-])s2)cc1,C1CCOC1,2.698344,val
14712,Cc1ccc(-c2nc(N(c3ccccc3)c3ccccc3)sc2-c2ccc([N+](=O)[O-])s2)cc1,CCCCCC,2.7326496,val
14721,Cc1ccc(-c2nc(N3CCOCC3)sc2-c2ccc([N+](=O)[O-])s2)cc1,C1CCOC1,2.658454,val
14724,Cc1ccc(-c2nc(N3CCOCC3)sc2-c2ccc([N+](=O)[O-])s2)cc1,CS(C)=O,2.6393232,val
14726,Cc1ccc(-c2nc(N3CCOCC3)sc2-c2ccc([N+](=O)[O-])s2)cc1,ClCCl,2.6099074,val
14727,Cc1ccc(-c2nc(O)c(-c3ccccc3O)s2)cc1,C1COCCO1,3.42696,val
14728,Cc1ccc(-c2nc3c([nH]2)C2=CC(=O)S[C@]2(C)[C@@]2(C)SC(=O)C=C32)cc1,CC#N,3.0398953,val
14729,Cc1ccc(-c2nc3c4ccccc4c4cccc2n43)cc1,CO,2.6430576,val
14730,Cc1ccc(-c2nc3cc4c(cc3[nH]2)-c2ccccc2C4C)cc1,CS(C)=O,3.6482558,val
14750,Cc1ccc(-c2sc(/C(C#N)=C/c3ccc(C#N)cc3)nc2-c2ccc(Cl)cc2)cc1,CC#N,3.330125,val
14756,Cc1ccc(-n2c(-c3cccc4cc[n-]c34)[nH+]c3c4ccccc4c4ccccc4c32)cc1,Cc1ccccc1,3.3984077,val
14767,Cc1ccc(-n2c(C)ccc2C)cc1,CCCCCC,5.12098,val
14768,Cc1ccc(-n2c3ccc(-c4ccc(-c5nc6ccccc6n5-c5ccccc5)cc4)cc3c3cc(-c4ccc(-c5nc6ccccc6n5-c5ccccc5)cc4)ccc32)cc1,ClC(Cl)Cl,3.650678,val
14769,Cc1ccc(-n2c3ccccc3c3cc(-c4ccc5[n+](c4)[B-](F)(F)n4c-5nc5c6ccccc6c6ccccc6c54)ccc32)cc1,ClC(Cl)Cl,2.9220507,val
14783,Cc1ccc(-n2c3ccccc3c3cc(C=C(C#N)C#N)ccc32)cc1,CCOC(C)=O,3.096837,val
14785,Cc1ccc(-n2c3ccccc3c3cc(C=C(C#N)C#N)ccc32)cc1,CS(C)=O,3.0464087,val
14787,Cc1ccc(-n2c3ccccc3c3cc(C=C(C#N)C#N)ccc32)cc1,ClC(Cl)Cl,3.0808108,val
14790,Cc1ccc(-n2cccc2)cc1,CCCCCC,4.625862,val
14807,Cc1ccc(/C=C(\C#N)c2nc3ccccc3s2)cc1,CO,3.4290068,val
14811,Cc1ccc(/C=C(\c2ccccc2)c2nc3ccccc3s2)cc1,CO,3.6339421,val
14812,Cc1ccc(/C=C/C(F)(F)F)c(N)c1,C1CCOC1,3.6271713,val
14813,Cc1ccc(/C=C/c2cc(C)c3n2[B-](F)(F)[N+]2=CC=CC2=C3)c(C)c1,CS(C)=O,2.1850615,val
14816,Cc1ccc(/C=C/c2cc(C)c3n2[B-](F)(F)[N+]2=CC=CC2=C3)cc1[N+](=O)[O-],CS(C)=O,2.171708,val
14821,Cc1ccc(/C=C/c2ccccc2-[n+]2noc([O-])c2-c2ccccc2)cc1,C1CCCCC1,3.9010534,val
14825,Cc1ccc(/C=C/c2ccccc2-[n+]2noc([O-])c2C)cc1,CC#N,3.9579258,val
14828,Cc1ccc(/C=C/c2nc3c(c(=O)n(C)c(=O)n3C)n2C)cc1,ClCCl,3.5153935,val
14830,Cc1ccc(/C=C/c2nc3ccccc3s2)cc1,CO,3.5905247,val
14833,Cc1ccc(/C=N/c2cc(C(C)C)c(O)cc2C)cc1,C1COCCO1,3.6277761,val
14834,Cc1ccc(/C=N/c2cc(C(C)C)c(O)cc2C)cc1,CC#N,3.619146,val
14844,Cc1ccc(/N=C2/C3=c4[nH]c5ccccc5c4=[N+](c4ccc(C)cc4)[B-](F)(F)N3c3ccccc32)cc1,ClCCl,2.241275,val
14851,Cc1ccc(C#Cc2ccc3ccc4cccc5ccc2c3c45)cc1,CCCCCC,3.2694004,val
14863,Cc1ccc(C(=O)/C=C/c2ccc(N(C)C)cc2)cc1,CCO,2.9655235,val
14866,Cc1ccc(C(=O)/C=C/c2ccc(N(C)C)cc2)cc1,Cc1ccccc1,2.9947402,val
14868,Cc1ccc(C(=O)/C=C/c2ccc(N(C)C)cc2)cc1,c1ccccc1,2.9954352,val
14884,Cc1ccc(C(=O)/C=C2\C(=O)Nc3ccccc32)cc1C,CN(C)C=O,3.6876101,val
14894,Cc1ccc(C(=O)NN2C3=C(CC4=C2CCCC4=O)C(=O)CCC3)cc1,ClC(Cl)Cl,3.31567,val
14906,Cc1ccc(C)c(-c2cc3c4c(ccc5c4c2OC(c2ccccc2)=C5c2ccccc2)C(c2ccccc2)=C(c2ccccc2)O3)c1,ClCCl,2.524655,val
14915,Cc1ccc(C)n1-c1ccc(N(C)C)cc1,CCCCCC,4.27796,val
14923,Cc1ccc(C2(c3ccc(C)cc3)c3cccc4c3N3c5c2cccc5C(c2ccc(C)cc2)(c2ccc(C)cc2)c2cc(-c5ccc(/C=C(\C#N)C(=O)O)s5)cc(c23)C4(c2ccc(C)cc2)c2ccc(C)cc2)cc1,ClCCl,2.5361803,val
14940,Cc1ccc(C2=C3C=CC(/C=C/c4ccccc4)=[N+]3[B-](F)(F)n3c(Cl)ccc32)cc1,CO,2.2326918,val
14942,Cc1ccc(C2=C3C=CC(/C=C/c4ccccc4)=[N+]3[B-](F)(F)n3c(Cl)ccc32)cc1,ClC(Cl)Cl,2.2090375,val
14951,Cc1ccc(C2=C3C=CC(C#Cc4ccccc4)=[N+]3[B-](F)(F)n3c(Cl)ccc32)cc1,C1CCCCC1,2.244207,val
14952,Cc1ccc(C2=C3C=CC(C#Cc4ccccc4)=[N+]3[B-](F)(F)n3c(Cl)ccc32)cc1,C1CCOC1,2.2476988,val
14958,Cc1ccc(C2=C3C=CC(Cl)=[N+]3[B-](F)(F)n3c(Cl)ccc32)cc1,C1CCCCC1,2.429015,val
14970,Cc1ccc(C2=C3C=CC(N4CCOCC4)=[N+]3[B-](F)(F)n3c2ccc3-n2cnc3ccccc32)cc1,ClCCl,2.3649685,val
14984,Cc1ccc(C2=C3C=CC(c4ccccc4)=[N+]3[B-](F)(F)n3c2ccc3-c2ccccc2)cc1,C1CCOC1,2.1962116,val
14988,Cc1ccc(C2=C3C=CC(c4ccccc4)=[N+]3[B-](F)(F)n3c2ccc3-c2ccccc2)cc1,Cc1ccccc1,2.174652,val
14994,Cc1ccc(C2=C3C=CC(n4cnc5ccccc54)=[N+]3[B-](F)(F)n3c2ccc3N2CCOCC2)cc1,ClCCl,2.3176785,val
15007,Cc1ccc(C2=C3C=CC=[N+]3[B-](F)(F)n3cccc32)cc1,CO,2.4806838,val
15016,Cc1ccc(C2=C3C=c4c(oc5ccccc45)=[N+]3[B-](F)(F)n3c2cc2c4ccccc4oc23)cc1,ClCCl,2.1294086,val
15025,Cc1ccc(C2=[N+]3C(=Cc4c(C)cc(C)n4[B-]3(F)F)c3ccccc32)[nH]1,Cc1ccccc1,2.0413158,val
15028,Cc1ccc(C2=[N+]3C(=Cc4ccc(C)n4[B-]3(F)F)c3ccccc32)[nH]1,CC#N,2.051878,val
15030,Cc1ccc(C2=[N+]3C(=Cc4ccc(C)n4[B-]3(F)F)c3ccccc32)[nH]1,CO,2.0765152,val
15032,Cc1ccc(C2=[N+]3C(=Cc4ccc(C)n4[B-]3(F)F)c3ccccc32)[nH]1,ClCCl,2.0231225,val
15033,Cc1ccc(C2=[N+]3C(=Nc4c5ccccc5c(-c5ccc(C)s5)n4[B-]3(F)F)c3ccccc32)s1,ClCCl,1.7341058,val
15040,Cc1ccc(C=C(C#N)c2ccc(N(c3ccccc3)c3ccc4ccccc4c3)cc2)cc1,C1CCOC1,3.0482275,val
15043,Cc1ccc(CN(Cc2ccc(C)cc2)c2nc(C#N)c(N(Cc3ccc(C)cc3)Cc3ccc(C)cc3)nc2C#N)cc1,ClC(Cl)Cl,2.5004513,val
15045,Cc1ccc(Cl)c(C(=O)Nc2ccc(C(=O)/C=C/c3ccc(N(C)CCO)cc3)cc2)c1F,CS(C)=O,2.8443007,val
15054,Cc1ccc(N(c2ccc(C)cc2)c2c([O-])c(=[N+](c3ccc(C)cc3)c3ccc(C)cc3)c2=O)cc1,CN(C)C=O,2.9105244,val
15057,Cc1ccc(N(c2ccc(C)cc2)c2ccc(-c3c4ccccc4c(-c4ccc(N(c5ccc(C)cc5)c5ccc(C)cc5)cc4)c4nsnc34)cc2)cc1,Cc1ccccc1,2.491478,val
15061,Cc1ccc(N(c2ccc(C)cc2)c2ccc(-c3ccc(-c4ccc(/C=C(\C#N)C(=O)O)cc4)cc3)cc2)cc1,C1CCOC1,3.0419147,val
15062,Cc1ccc(N(c2ccc(C)cc2)c2ccc(-c3ccc(-c4ccc(/C=C(\C#N)C(=O)O)s4)cc3)cc2)cc1,C1CCOC1,2.8662024,val
15069,Cc1ccc(N(c2ccc(C)cc2)c2ccc(-c3ccc(-c4ccc(C=C(C#N)C(=O)O)s4)cc3)cc2)cc1,C1CCOC1,2.8377736,val
15071,Cc1ccc(N(c2ccc(C)cc2)c2ccc(-c3ccc(-c4ccc(N(c5ccc(C)cc5)c5ccc(C)cc5)cc4)c4nsnc34)cc2)cc1,ClCCl,2.6798167,val
15072,Cc1ccc(N(c2ccc(C)cc2)c2ccc(-c3ccc(-c4ccncc4)c4nsnc34)cc2)cc1,ClCCl,2.7559457,val
15083,Cc1ccc(N(c2ccc(C)cc2)c2ccc(-c3ccc4c(c3)C(=O)c3ccccc3C4=O)cc2)cc1,ClCCl,2.7266734,val
15086,Cc1ccc(N(c2ccc(C)cc2)c2ccc(-c3nnc(-c4ccc(C=C(C#N)C(=O)O)cc4)o3)cc2)cc1,CC#N,3.0663824,val
15094,Cc1ccc(N(c2ccc(C)cc2)c2ccc(/C=C/c3sc(-c4sc(/C=C(\C#N)C(=O)O)c5c4OCCO5)c4c3OCCO4)cc2)cc1,CN(C)C=O,2.4808974,val
15096,Cc1ccc(N(c2ccc(C)cc2)c2ccc(C3=Cc4ccc(/C=C(/C#N)C(=O)O)cc4C3)cc2)cc1,C1CCOC1,2.941404,val
15103,Cc1ccc(N(c2ccc(C)cc2)c2ccc(N3c4ccc(/C=C(\C#N)C(=O)O)cc4Sc4cc(-c5ccc(-c6ccc(N(c7ccccc7)c7cccc8ccccc78)cc6)s5)ccc43)cc2)cc1,C1CCOC1,2.7539728,val
15108,Cc1ccc(N(c2ccc(C)cc2)c2ccc3c(c2)C(c2ccc(C)cc2)(c2ccc(C)cc2)c2cc(-c4ccc(-c5ccc(C(=O)O)cc5)s4)sc2-3)cc1,ClC(Cl)Cl,2.6660957,val
15117,Cc1ccc(N(c2ccccc2)c2ccc(-c3ccc(N(c4ccc(/C=C/c5cc6sc(/C=C(\C#N)C(=O)O)cc6s5)cc4)c4ccc(C)cc4C)cc3)cc2)c(C)c1,C1CCOC1,2.5436797,val
15138,Cc1ccc(N2c3ccc(-c4ccc(-c5ccc(/C=C(\C#N)C(=O)O)s5)c5nc(-c6ccccc6)c(-c6ccccc6)nc45)cc3[C@@H]3CCC[C@@H]32)cc1,ClCCl,2.4447885,val
15140,Cc1ccc(N2c3ccc(-c4ccc(-c5ccc(/C=C(\C#N)C(=O)O)s5)c5nc6c7ccccc7c7ccccc7c6nc45)cc3[C@@H]3CCC[C@@H]32)cc1,ClCCl,2.4720058,val
15143,Cc1ccc(N2c3ccc(-c4ccc(-c5ccc(/C=C(\C#N)C(=O)O)s5)s4)cc3C3CCCC32)cc1,ClCCl,2.4583437,val
15144,Cc1ccc(N2c3ccc(-c4ccc(-c5ccc(C(=O)O)cc5)c5nonc45)cc3C3CCCC32)cc1,ClCCl,2.4326959,val
15149,Cc1ccc(N2c3ccc(-c4ccc(-c5ccc(C=C(C#N)C(=O)O)cc5)c5nonc45)cc3C3CCCC32)cc1,ClCCl,2.5228648,val
15159,Cc1ccc(N2c3ccc(-c4ccc(/C=C/c5ccc(/C=C(\C#N)C(=O)O)s5)s4)cc3[C@@H]3CCC[C@H]32)cc1,C1CCOC1,2.4372327,val
15165,Cc1ccc(N2c3ccc(-c4ccc(C=C(C#N)C(=O)O)s4)cc3[C@@H]3CCC[C@H]32)cc1,C1CCOC1,2.6157103,val
15173,Cc1ccc(N2c3ccc(/C=C/C4=C/C(=C(\C#N)C(=O)O)CC(C)(C)C4)cc3C3CCCC32)cc1,CC#N,2.393119,val
15182,Cc1ccc(N2c3ccc(C=C(C#N)C(=O)O)cc3[C@@H]3CCC[C@H]32)cc1,C1CCOC1,2.8745172,val
15183,Cc1ccc(N2c3ccc(C=Cc4ccc(C=C(C#N)C(=O)O)s4)cc3C3CCCC32)cc1,ClCCl,2.3749814,val
15189,Cc1ccc(N=Nc2sc(N)nc2-c2ccc(NC(=O)c3ccccc3)cc2)cc1,CS(C)=O,2.5036678,val
15201,Cc1ccc(Nc2ccc(Nc3ccc(C)cc3)c3c2C(=O)c2ccccc2C3=O)cc1,CCO,1.9377803,val
15206,Cc1ccc(Nc2ccc(Nc3ccc(C)cc3)c3c2C(=O)c2ccccc2C3=O)cc1,c1ccccc1,1.8692658,val
15208,Cc1ccc(Nc2ccc3ccccc3n2)cc1,CCOC(C)=O,3.5350783,val
15211,Cc1ccc(O)c(-c2[nH]c(=O)n3c2-c2ccccc2C3=O)c1,CO,3.1585658,val
15215,Cc1ccc(OCc2nnc(-c3cc(-c4ccc(Cl)cc4)nn3Cc3ccc(C(C)(C)C)cc3)o2)cc1,ClCCl,4.719523,val
15220,Cc1ccc(S(=O)(=O)/N=c2/cc3cc(F)ccc3cn2-c2ccccc2)cc1,CC#N,2.8719714,val
15222,Cc1ccc(S(=O)(=O)/N=c2/cc3ccc(F)cc3cn2-c2ccccc2)cc1,CC#N,2.8719993,val
15229,Cc1ccc(S(=O)(=O)/N=c2/cc3ccccc3cn2-c2ccc(Cl)cc2)cc1,CC#N,2.864405,val
15232,Cc1ccc(S(=O)(=O)/N=c2/cc3ccccc3cn2-c2cccc(Cl)c2)cc1,CC#N,2.871288,val
15235,Cc1ccc(S(=O)(=O)/N=c2/cc3ccccc3cn2-c2ccccc2)cc1,CC#N,2.8610265,val
15240,Cc1ccc(S(=O)(=O)Nc2c(/C=C/c3ccccc3)sc(-c3ccc(N(C)C)cc3)c2-c2ccsc2)cc1,CC#N,2.9232793,val
15244,Cc1ccc(Sc2cc3ccc4cccc5ccc(c2)c3c45)cc1,ClCCl,3.1881635,val
15245,Cc1ccc(Sc2cc3cccc4ccc5cccc2c5c43)cc1,ClCCl,3.4910994,val
15257,Cc1ccc2c(C=Cc3ccc4c(c3)Sc3cc(C=Cc5cc(=O)oc6cc(C)ccc56)ccc3N4C)cc(=O)oc2c1,ClC(Cl)Cl,2.8942463,val
15259,Cc1ccc2c(C=Cc3ccc4c(c3)c3ccccc3n4C)cc(=O)oc2c1,ClC(Cl)Cl,3.1678019,val
15264,Cc1ccc2c(CC(=O)NN)coc2c1,CC(C)=O,4.2276573,val
15267,Cc1ccc2c(CC(=O)NN)coc2c1,CCO,4.2446322,val
15268,Cc1ccc2c(CC(=O)NN)coc2c1,CCOC(C)=O,4.251463,val
15272,Cc1ccc2c(c1)B(c1c(C(C)C)cc(C(C)C)cc1C(C)C)c1cc(C)cc3c1N2c1ccc(C)cc1B3c1c(C(C)C)cc(C(C)C)cc1C(C)C,ClCCl,2.707135,val
15273,Cc1ccc2c(c1)C(=O)c1ccncc1-2,CC#N,3.0666058,val
15275,Cc1ccc2c(c1)C(C)(C)C1(C=Cc3c(c(-c4nc(-c5ccccc5)c(-c5ccccc5)o4)cc4ccccc34)O1)N2C,Cc1ccccc1,3.8217227,val
15281,Cc1ccc2c(c1)C1(c3ccccc3-c3ccccc31)c1cc(C)ccc1N2c1ccc2c(c1)Oc1ccccc1P2(=S)c1ccccc1,Cc1ccccc1,3.3420167,val
15283,Cc1ccc2c(c1)C1(c3ccccc3-c3ccccc31)c1cc(C)ccc1N2c1ccc2c(c1)Sc1ccccc1P2(=S)c1ccccc1,Cc1ccccc1,3.4131606,val
15299,Cc1ccc2cc3c(=O)n(C)c(=O)n(C)c3nc2c1,CCO,3.4948153,val
15300,Cc1ccc2cc3c(=O)n(C)c(=O)n(C)c3nc2c1,CO,3.5018346,val
15304,Cc1ccc2cc3c4ccc(-c5ccc(/C=C(\C#N)C(=O)O)s5)cc4c4ccccc4n3c2c1,C1CCOC1,3.0342069,val
15305,Cc1ccc2cc3cc(C)ncc3cc2c1,CCO,3.2582772,val
15319,Cc1ccc2nc(-c3cc(-c4nc5ccc(C)cc5[nH]4)cc(-c4nc5ccc(C)cc5[nH]4)c3)[nH]c2c1,CS(C)=O,4.042535,val
15321,Cc1ccc2nc(-c3ccc(N4N=C(c5ccc(-c6ccc(C=C(C#N)C(=O)O)s6)s5)CC4c4ccccc4)cc3)sc2c1,C1CCOC1,2.657673,val
15324,Cc1ccc2nc(/C=C/c3ccc(N(C)C)cc3)c(-c3ccccc3)nc2c1,C1COCCO1,2.884525,val
15334,Cc1ccc2nc3c(=O)n(C)c(=O)nc-3n(C)c2c1,CC#N,2.785039,val
15340,Cc1ccc2nc3cc4c(cc3c(-c3ccccc3)c2c1)[Si](C)(C)O[Si](C)(C)O[Si]4(C)C,ClCCl,3.40682,val
15341,Cc1ccc2nc3cc4c(cc3c(-c3ccccc3)c2c1)[Si](C)(C)O[Si]4(C)C,ClCCl,3.2846618,val
15342,Cc1ccc2nc3cc4c5c(cccc5c3nc2c1)C(c1ccccc1)=C(c1ccccc1)O4,ClCCl,2.5318122,val
15343,Cc1ccc2nccc(C)c2c1N,CS(C)=O,3.3068092,val
15347,Cc1ccc2oc(-c3cc4cc(C)ccc4oc3=O)cc2c1,CS(C)=O,3.191311,val
15363,Cc1cccc(-c2[nH]c(=O)n3c2-c2ccccc2C3=O)c1O,CC#N,3.204515,val
15368,Cc1cccc(-c2coc3cc(O)ccc3c2=O)c1,O,3.9212162,val
15370,Cc1cccc(/C=C/c2cc(C)c3n2[B-](F)(F)[N+]2=CC=CC2=C3)c1,CS(C)=O,2.187879,val
15373,Cc1cccc(C(=O)Nc2ccc(C(=O)/C=C/c3ccc(N(C)CCO)cc3)cc2)c1,CS(C)=O,2.8508475,val
15375,Cc1cccc(C)c1,C1CCCCC1,4.513729,val
15382,Cc1cccc(C)c1C1=C(c2c(C)cccc2C)N(c2c(C(C)C)cccc2C(C)C)B(c2ccccc2)N1c1c(C(C)C)cccc1C(C)C,C1CCOC1,3.43055,val
15385,Cc1cccc(C)c1Nc1ccc(/C=C/c2ccc3ccccc3c2)cc1,CC#N,3.5112674,val
15393,Cc1cccc(C2=CC3=C(c4c(C)cc(C)cc4C)c4cc(-c5cccc(C)c5)c(-c5cccc(C)c5)n4[B-](F)(F)[N+]3=C2c2cccc(C)c2)c1,C1CCCCC1,2.148342,val
15396,Cc1cccc(C2=CC3=C(c4c(C)cc(C)cc4C)c4cc(-c5cccc(C)c5)c(-c5cccc(C)c5)n4[B-](F)(F)[N+]3=C2c2cccc(C)c2)c1,Cc1ccccc1,2.1266851,val
15400,Cc1cccc(N(c2ccccc2)c2ccc(-c3ccc(C=C(C#N)C(=O)O)cc3)cc2)c1,C1CCOC1,3.0966892,val
15401,Cc1cccc(N(c2ccccc2)c2ccc(-c3ccc(C=C(C#N)C(=O)O)s3)cc2)c1,C1CCOC1,2.842626,val
15402,Cc1cccc(N(c2ccccc2)c2ccc(C(C#N)=Cc3ccc4ccccc4c3)cc2)c1,C1CCOC1,3.0059493,val
15405,Cc1cccc(N=Nc2c(N)n3c(nc4ccccc43)[nH]c2=O)c1,ClC(Cl)Cl,2.9644396,val
15410,Cc1cccc2[n+]1[B-](F)(F)n1c(c3cccc4cccc1c43)=N2,C1CCOC1,2.6297133,val
15417,Cc1cccc2cc(-c3cc4cccc(C)c4oc3=O)oc12,CC#N,3.341819,val
15419,Cc1cccc2cc(-c3cc4cccc(C)c4oc3=O)oc12,CS(C)=O,3.265359,val
15424,Cc1cccc2cc3c(=O)n(C)c(=O)n(C)c3nc12,CC(C)O,3.4886837,val
15425,Cc1cccc2cc3c(=O)n(C)c(=O)n(C)c3nc12,CCO,3.4940562,val
15433,Cc1cccc2nc3c(=O)[nH]c(=O)[nH]c3nc12,C1COCCO1,3.260095,val
15444,Cc1ccccc1-c1coc2cc(O)ccc2c1=O,O,3.927548,val
15447,Cc1ccccc1/C(C#N)=C/c1ccc(N(C)C)cc1,C1COCCO1,3.3456562,val
15455,Cc1ccccc1/C(C#N)=C/c1ccc(N(C)C)cc1,CCOC(C)=O,3.3665802,val
15456,Cc1ccccc1/C(C#N)=C/c1ccc(N(C)C)cc1,CN(C)C=O,3.3398926,val
15458,Cc1ccccc1/C(C#N)=C/c1ccc(N(C)C)cc1,CS(C)=O,3.1749847,val
15461,Cc1ccccc1/C=C/c1cc(C)c2n1[B-](F)(F)[N+]1=CC=CC1=C2,CS(C)=O,2.1814923,val
15469,Cc1ccccc1C(=O)NN1C2=C(CC3=C1CC(C)(C)CC3=O)C(=O)CC(C)(C)C2,ClCCl,3.3216553,val
15473,Cc1ccccc1C1=C2C=c3c(oc4c3ccc3ccccc34)=[N+]2[B-](F)(F)n2c1cc1c3ccc4ccccc4c3oc12,CCOC(C)=O,2.0577147,val
15474,Cc1ccccc1C1=C2C=c3c(oc4c3ccc3ccccc34)=[N+]2[B-](F)(F)n2c1cc1c3ccc4ccccc4c3oc12,CO,2.066803,val
15475,Cc1ccccc1C1=C2C=c3c(oc4ccc(C(C)(C)C)cc34)=[N+]2[B-](F)(F)n2c1cc1c3cc(C(C)(C)C)ccc3oc12,C1CCCCC1,2.119867,val
15479,Cc1ccccc1C1=C2C=c3c(oc4ccc(F)cc34)=[N+]2[B-](F)(F)n2c1cc1c3cc(F)ccc3oc12,CCOC(C)=O,2.1472495,val
15488,Cc1ccccc1N(c1ccccc1C)c1ccc2ccc3c(N(c4ccccc4C)c4ccccc4C)ccc4ccc1c2c43,Cc1ccccc1,3.1256547,val
15492,Cc1ccccc1OCc1nnc(-c2ccn3c(C)nc(Cl)c3c2)o1,CC#N,3.3161476,val
15493,Cc1ccccc1Oc1ccc2c3c(cccc13)C(=O)N(CCO)C2=O,ClC(Cl)Cl,3.5750105,val
15507,Cc1ccsc1-c1ccc(-c2ccc(-c3sccc3C)s2)s1,CCCCCCCCCCCCCC,3.4694471,val
15514,Cc1cn2cc(-c3ccc(C#N)cc3)[n-][n+]2c1,ClCCl,3.3905227,val
15528,Cc1csc2[n+]1[B-](F)(F)OC(c1ccc(N(C)C)cc1)=N2,CC#N,3.0384545,val
15531,Cc1csc2[n+]1[B-](F)(F)n1c(c3cccc4cccc1c43)=N2,C1CCOC1,2.6416943,val
15543,Cc1n[nH]c2c1C(c1ccc([N+](=O)[O-])cc1)C(C#N)=C(N)O2,CCOC(C)=O,4.7271957,val
15546,Cc1n[nH]c2c1C(c1ccc([N+](=O)[O-])cc1)C(C#N)=C(N)O2,CS(C)=O,4.6929793,val
15547,Cc1n[nH]c2c1C(c1ccc([N+](=O)[O-])cc1)C(C#N)=C(N)O2,Cc1ccccc1,4.6525383,val
15560,Cc1nc(Cl)c2cc(-c3nnc(COc4ccc(-c5ccccc5)cc4)o3)ccn12,CC#N,3.450068,val
15567,Cc1nc2c(ccc3ccc(N(C)C)cc32)oc1=O,c1ccccc1,3.1271694,val
15573,Cc1nc2cc(/C=C/c3ccc(N(C)C)cc3)ccc2nc1-c1ccccc1,ClCCl,3.083678,val
15581,Cc1nc2cccc(-c3nc4ccccc4o3)c2c(=O)[nH]1,CN(C)C=O,4.039957,val
15586,Cc1nccnc1C(=O)C=Cc1ccc(N(C)C)cc1,CCO,3.33888,val
15600,Cc1noc2nc3c(F)c(F)c(F)c(F)c3cc12,CCO,3.7008398,val
15602,Cc1oc(-c2ccccc2)nc1C(=O)O,C1CCCCC1,4.669742,val
15604,Cc1oc(-c2ccccc2)nc1C(=O)O,CCO,4.673147,val
15605,Cc1oc(-c2ccccc2)nc1C(=O)O,CCOC(C)=O,4.6804533,val
15607,Cc1oc2c(Cl)cc3c(C)cc(=O)oc3c2c1C,C1CCCCC1,3.6639774,val
15614,Cc1sc(/C=C/c2ccc(N(c3ccccc3)c3ccccc3)cc2)cc1C1=C(c2cc(C(=O)O)sc2C)CCC1,ClCCl,3.1969433,val
15618,ClC(c1cccc2cc3cc4cc5ccccc5cc4cc3cc12)c1cccc2cc3cc4cc5ccccc5cc4cc3cc12,CC#N,2.4281328,val
15629,Clc1ccc(-c2cccc3cnc(-c4ccccc4)n23)cc1,ClCCl,3.687572,val
15633,Clc1ccc(-c2cnn(-c3ccc(Cl)cc3)n2)cc1,CO,4.26594,val
15638,Clc1ccc(-c2nc3ccccc3n2-c2ccccc2)cc1,CC#N,4.218671,val
15639,Clc1ccc(-c2nc3ncccn3n2)cc1,ClCCl,4.0583453,val
15646,Clc1ccc(/C=C(\c2ccccc2)c2nc3ccccc3s2)cc1,C1CCCCC1,3.6675572,val
15647,Clc1ccc(/C=C(\c2ccccc2)c2nc3ccccc3s2)cc1,CO,3.66857,val
15648,Clc1ccc(/C=C/N(c2ccccc2)c2ccccc2)cc1,Cc1ccccc1,3.5510402,val
15650,Clc1ccc(/C=C/c2ccc(-c3nc4c5cccnc5c5ncccc5c4[nH]3)cc2)cc1,CC#N,3.4954243,val
15652,Clc1ccc(/C=C/c2ccc(-c3nc4c5cccnc5c5ncccc5c4[nH]3)cc2)cc1,ClCCl,3.4634678,val
15658,Clc1ccc(/C=C/c2nc3ccccc3s2)cc1,CO,3.6333938,val
15665,Clc1ccc(N=NC(=NNc2ccccc2)c2ccccc2)cc1,CO,3.3061726,val
15669,Clc1ccc(Nc2ccc3ccccc3n2)cc1,Cc1ccccc1,3.5163946,val
15680,Clc1ccccc1N1c2c(sc3ccccc23)Sc2sc3ccccc3c21,ClCCl,3.242966,val
15697,Clc1nc(Cl)nc(Nc2ccc3ccc4cccc5ccc2c3c45)n1,CC#N,3.564982,val
15714,Cn1c(-c2ccc(-c3ccc(C=C(C#N)C(=O)O)s3)cc2)nc2c(-c3cccs3)sc(-c3cccs3)c21,C1CCOC1,3.011703,val
15719,Cn1c(-c2ccccc2)c(N=Nc2nc3ccc([N+](=O)[O-])cc3s2)c2ccccc21,ClC(Cl)Cl,2.5523608,val
15724,Cn1c(=O)c(-c2ccccc2)nc2ccccc21,c1ccccc1,3.5618925,val
15725,Cn1c(=O)c(C=O)c(O)c2ccccc21,CO,3.2299325,val
15753,Cn1c2ccc(S(=O)(=O)Cl)cc2c(=O)c2cc(S(=O)(=O)Cl)ccc21,CS(C)=O,3.1197662,val
15754,Cn1c2ccc(S(=O)(=O)O)cc2c(=O)c2cc(S(=O)(=O)O)ccc21,CS(C)=O,3.1577065,val
15756,Cn1c2ccccc2c(=O)c2ccccc21,CS(C)=O,3.1002703,val
15757,Cn1c2ccccc2c(=O)c2ccccc21,O,3.0585802,val
15761,Cn1c2ccccc2c2c(-c3ccc(O)cc3)c3oc4ccccc4c3cc21,CCO,3.7708616,val
15763,Cn1c2ccccc2c2c(-c3ccc4ccccc4c3)c3oc4ccccc4c3cc21,CCO,3.8370056,val
15782,Cn1cc(C=C(C#N)c2ccc(C=C3SC(=S)N(CC(=O)O)C3=O)s2)c2ccccc21,ClC(Cl)Cl,2.4317052,val
15787,Cn1ccc(=O)n(C)c1=O,CC#N,4.285545,val
15791,Cn1cccc1-c1cc(C#N)ccc1C#N,CCCCOCCCC,3.4709024,val
15795,Cn1cccc1-c1ccc(C#N)cc1,CC#N,3.8163745,val
15800,Cn1nc(-c2ccc(C#N)cc2)cc1-c1ccccc1,ClCCl,4.749384,val
15801,Cn1nc(-c2ccc(C(F)(F)F)cc2)cc1-c1ccccc1,ClCCl,4.793278,val
15804,Cn1nc(-c2ccccc2)c2n[nH]nc2/c1=N\c1ccccn1,CC#N,3.2794013,val
15810,Cn1nc(-c2ccccc2)c2nc3cc(Cl)ccc3nc21,C1CCCCC1,2.8662305,val
15813,Cn1nc(-c2ccccc2)c2nc3cc(F)ccc3nc21,C1CCCCC1,2.8911984,val
15823,Cn1nc2ccc(C=O)cc2c1-c1ccc(CO)o1,CC#N,3.454167,val
15828,Cn1nc2ccc([N+](=O)[O-])cc2c1-c1ccc(C=O)o1,ClCCl,3.1978006,val
15830,Cn1nc2ccc([N+](=O)[O-])cc2c1-c1ccn(Cc2ccccc2)c1,ClCCl,3.217325,val
15834,Cn1nc2ccccc2c1-c1cc2ccccc2o1,ClCCl,3.6520941,val
15839,Cn1nc2ccccc2c1-c1ccc(C=O)o1,CC#N,3.3960168,val
15841,Cn1ncc2c3c(C#N)c4c5ccccc5n(C)c4nc3ccc21,CCOC(C)=O,3.1051705,val
15845,FC(F)(F)C(F)(F)C(F)(F)C1=NC2=C(Oc3ccccc3)C=C3c4cc(Oc5ccccc5)c5nc(C(F)(F)C(F)(F)C(F)(F)F)nc6c(Oc7ccccc7)cc(c4c56)=C4C=C(Oc5ccccc5)C(=N1)C2C34,C1CCOC1,2.0965009,val
15852,FC(F)(F)C(F)(F)C(F)(F)c1nc2c(-c3ccsc3)cc3c4cc(-c5ccsc5)c5nc(C(F)(F)C(F)(F)C(F)(F)F)nc6c(-c7ccsc7)cc(c7cc(-c8ccsc8)c(n1)c2c37)c4c56,C1CCOC1,2.4713678,val
15854,FC(F)(F)c1cc(-c2ccnc3ncnn23)cc(C(F)(F)F)c1,ClCCl,3.903328,val
15865,FC(F)(F)c1ccc(-c2nc3c(c4c2-c2ccccc2CC4)-c2ccccc2CC3)cc1,ClC(Cl)Cl,3.8269317,val
15878,FC(F)(F)c1ccc(/C=C/c2ccc(-c3nnc(-c4ccc(-c5cc6ccccc6s5)cc4)o3)cc2)cc1,CCCO,3.6439168,val
15884,FC(F)(F)c1ccc(/C=C/c2nc3c(ccc4ccccc43)s2)cc1,CC#N,3.4595468,val
15892,FC(F)(F)c1ccc(C2=Cc3ccccc3[Si]2(c2ccccc2)c2ccccc2)cc1,ClCCl,3.697673,val
15895,FC(F)(F)c1ccc2c(c1)Nc1ccccc1S2,CC#N,3.7748585,val
15902,FS(F)(F)(F)(F)c1ccc(-c2ccc(N(c3ccccc3)c3ccccc3)cc2)cc1,ClCCl,3.5384939,val
15907,FS(F)(F)(F)(F)c1ccc(/C=C/c2ccc(N(c3ccccc3)c3ccccc3)cc2)cc1,ClCCl,3.325446,val
15910,FS(F)(F)(F)(F)c1ccc(C#Cc2ccc(C#Cc3ccc(N(c4ccccc4)c4ccccc4)cc3)cc2)cc1,ClCCl,3.3236766,val
15911,FS(F)(F)(F)(F)c1ccc(C#Cc2ccc(C#Cc3ccc(N(c4ccccc4)c4ccccc4)cc3)s2)cc1,CC(C)=O,3.1329484,val
15922,F[B-]1(F)N(c2ccccc2)C=Cc2cccc[n+]21,CCO,2.9446301,val
15929,F[B-]1(F)N2C(=Nc3cccc4cccc2c34)c2cccc[n+]21,CS(C)=O,3.3666048,val
15937,F[B-]1(F)N2C=CC=CC2=Nc2cccc[n+]21,CC(=O)N(C)C,3.1094968,val
15938,F[B-]1(F)N2C=CC=CC2=Nc2cccc[n+]21,CC(C)=O,3.1163132,val
15944,F[B-]1(F)N2C=CC=CC2=Nc2cccc[n+]21,CCCCCCO,3.1238673,val
15945,F[B-]1(F)N2C=CC=CC2=Nc2cccc[n+]21,CCCCO,3.1232977,val
15949,F[B-]1(F)N2C=CC=CC2=Nc2cccc[n+]21,CCOC(C)=O,3.1179423,val
15953,F[B-]1(F)N2C=CC=CC2=Nc2cccc[n+]21,CNC=O,3.1124258,val
15964,F[B-]1(F)N2C=CC=CC2=Nc2cccc[n+]21,OCCO,3.1213865,val
15967,F[B-]1(F)OC(/C=C/c2ccccc2)=CC(c2ccccc2)=[O+]1,ClCCl,2.911446,val
15968,F[B-]1(F)OC(c2cc3c4c(c2)CCCN4CCC3)=Cc2cccc[n+]21,ClC(Cl)Cl,2.789485,val
15971,F[B-]1(F)OC(c2ccc(C(F)(F)F)cc2)=Cc2cc(Cl)nc[n+]21,C1CCOC1,3.3596792,val
15975,F[B-]1(F)OC(c2ccc(C(F)(F)F)cc2)=Cc2cc(Cl)nc[n+]21,ClC(Cl)Cl,3.3718858,val
15978,F[B-]1(F)OC(c2ccc(N3CCCCC3)cc2)=Cc2cccc[n+]21,ClC(Cl)Cl,2.951932,val
15983,F[B-]1(F)OC(c2ccccc2)=CC(c2ccccc2)=[O+]1,CC#N,3.3868256,val
15993,F[B-]1(F)OC(c2ccccc2)=Cc2ccc3ccccc3[n+]21,ClC(Cl)Cl,2.8956554,val
15997,F[B-]1(F)OC(c2ccccc2)=Nc2sc(-c3ccccc3)n[n+]21,CC#N,3.7546418,val
16008,F[B-]1(F)Oc2ccccc2-c2cc(-n3c4ccc(-c5ccccc5)cc4c4cc(-c5ccccc5)ccc43)cc[n+]21,Cc1ccccc1,3.4345846,val
16010,F[B-]1(F)Oc2ccccc2-c2cnc3ccccc3[n+]21,Cc1ccccc1,3.1498568,val
16012,F[B-]1(F)Oc2ccccc2-c2nc(-c3ccccc3)c3cc(Cl)ccc3[n+]21,Cc1ccccc1,3.0138223,val
16017,F[B-]1(F)n2c(-c3ccccc3)cc(-c3ccccc3)c2C=C2C(c3ccccc3)=CC(c3ccccc3)=[N+]21,C1CCOC1,2.061646,val
16019,F[B-]1(F)n2c(-c3ccccc3)cc(-c3ccccc3)c2N=C2C(c3ccccc3)=CC(c3ccccc3)=[N+]21,ClC(Cl)Cl,1.8169457,val
16024,F[B-]1(F)n2c(-c3ccccc3)cnc2-c2cccc[n+]21,CC#N,3.1206357,val
16027,F[B-]1(F)n2c(-c3ccccc3)cnc2-c2cccc[n+]21,ClC(Cl)Cl,3.1118557,val
16040,F[B-]1(F)n2c(Cl)ccc2C(c2c(Cl)cccc2Cl)=C2C=CC(NCc3ccccc3)=[N+]21,CO,2.4380145,val
16044,F[B-]1(F)n2c(NCc3ccccc3)ccc2C(c2c(Cl)cccc2Cl)=C2C=CC(NCc3ccccc3)=[N+]21,CCOC(C)=O,2.1912832,val
16046,F[B-]1(F)n2c(NCc3ccccc3)ccc2C(c2c(Cl)cccc2Cl)=C2C=CC(NCc3ccccc3)=[N+]21,ClCCl,2.1812646,val
16053,F[B-]1(F)n2c(c(-c3ccccc3)c(-c3cccs3)c2-c2ccccc2)N=C2C(c3ccccc3)=C(c3cccs3)C(c3ccccc3)=[N+]21,ClCCl,1.8082749,val
16062,F[B-]1(F)n2c(c3cc4ccccc4cc3c2-c2ccccc2)C=C2c3cc4ccccc4cc3C(c3ccccc3)=[N+]21,c1ccccc1,1.6184039,val
16077,F[B-]1(F)n2c(c3cccc4cccc2c43)=Nc2cccc[n+]21,ClCCl,2.6227398,val
16078,F[B-]1(F)n2c(c3cccc4cccc2c43)=Nc2sc3ccccc3[n+]21,C1CCOC1,2.6306932,val
16084,F[B-]1(F)n2c(c3ccccc3c2-c2ccccc2)C=C2c3ccccc3C(c3ccccc3)=[N+]21,C1CCOC1,1.9168078,val
16094,F[B-]1(F)n2c(cc(Cl)c2-c2ccccc2)C(c2ccccc2)=C2C=C(Cl)C(c3ccccc3)=[N+]21,C1CCOC1,2.168161,val
16095,F[B-]1(F)n2c(cc(Cl)c2-c2ccccc2)C(c2ccccc2)=C2C=C(Cl)C(c3ccccc3)=[N+]21,CC#N,2.165835,val
16099,F[B-]1(F)n2c(cc3c4ccccc4oc32)C(c2ccccc2)=C2C=c3c(oc4ccccc34)=[N+]21,C1CCCCC1,2.1056948,val
16111,F[B-]1(F)n2c(ccc2N2CCOCC2)C(c2ccccc2)=C2C=CC(N3CCOCC3)=[N+]21,CCOC(C)=O,2.4186206,val
16126,F[B-]1(F)n2c(nc3c4ccccc4c4ccccc4c32)-c2cccc[n+]21,ClC(Cl)Cl,3.0180945,val
16129,F[B-]1(F)n2cccc2C(c2c3ccccc3c(-c3ccccc3)c3ccccc23)=C2C=CC=[N+]21,CC#N,2.4602153,val
16131,F[B-]1(F)n2cccc2C(c2c3ccccc3c(-c3ccccc3)c3ccccc23)=C2C=CC=[N+]21,CCO,2.4574757,val
16137,F[B-]1(F)n2cccc2C(c2c3ccccc3cc3ccccc23)=C2C=CC=[N+]21,CCO,2.4698071,val
16143,F[B-]1(F)n2cccc2C(c2ccc(-c3c4ccccc4c(-c4ccccc4)c4ccccc34)cc2)=C2C=CC=[N+]21,CCCCCC,2.5581865,val
16146,F[B-]1(F)n2cccc2C(c2ccc(-c3c4ccccc4c(-c4ccccc4)c4ccccc34)cc2)=C2C=CC=[N+]21,Cc1ccccc1,2.543564,val
16147,F[B-]1(F)n2cccc2C(c2ccc(-c3c4ccccc4c(-c4ccccc4)c4ccccc34)cc2)=C2C=CC=[N+]21,ClCCl,2.5302584,val
16154,F[B-]1(F)n2cccc2C(c2ccccc2)=C2C=CC=[N+]21,ClCCl,2.4698086,val
16159,F[B-]1(F)n2cccc2C2=[N+]1c1cccc3cccc(c13)N2,CO,3.5546415,val
16166,F[B-]1(F)n2cccc2C=C2C=CC=[N+]21,CCOC(C)=O,2.4482543,val
16168,F[B-]1(F)n2cccc2C=C2C=CC=[N+]21,ClCCl,2.4297,val
16169,F[B-]1(F)n2cccc2C=C2C=CC=[N+]21,OCC(F)(F)F,2.4776645,val
16174,F[B-]1(F)n2cccc2C=C2c3ccccc3C(c3ccc[nH]3)=[N+]21,Cc1ccccc1,2.1940088,val
16177,F[B-]1(F)n2ccnc2-c2cccc[n+]21,C1CCOC1,4.2164745,val
16189,Fc1c(-c2nnc(-c3ccccc3)o2)c(-n2c3ccccc3c3ccccc32)c(F)c(-n2c3ccccc3c3ccccc32)c1-n1c2ccccc2c2ccccc21,Cc1ccccc1,3.5876033,val
16193,Fc1c(F)c(-n2c3ccccc3c3ccccc32)c(F)c(F)c1-c1nnc(-c2ccccc2)o1,Cc1ccccc1,3.6117566,val
16205,Fc1c(F)c(F)c([N+]2=Cc3cccn3[B-]2(c2ccccc2)c2ccccc2)c(F)c1F,C1CCOC1,3.210147,val
16207,Fc1c(F)c(F)c2c(c1F)C1=Nc3c4c(F)c(F)c(F)c(F)c4c4n3[B-]3(Cl)n5c(c6c(F)c(F)c(F)c(F)c6c5=N4)=NC2=[N+]13,C1COCCO1,2.1738288,val
16208,Fc1c(F)c(F)c2c(c1F)C1=Nc3c4c(F)c(F)c(F)c(F)c4c4n3[B-]3(Cl)n5c(c6c(F)c(F)c(F)c(F)c6c5=N4)=NC2=[N+]13,CC#N,2.1644638,val
16217,Fc1c(F)c(F)c2c(c1F)C1=Nc3c4c(F)c(F)c(F)c(F)c4c4n3[B-]3(Cl)n5c(c6c(F)c(F)c(F)c(F)c6c5=N4)=NC2=[N+]13,CO,2.186158,val
16220,Fc1c(F)c(F)c2c(c1F)C1=Nc3c4c(F)c(F)c(F)c(F)c4c4n3[B-]3(Cl)n5c(c6c(F)c(F)c(F)c(F)c6c5=N4)=NC2=[N+]13,O=[N+]([O-])c1ccccc1,2.1411395,val
16225,Fc1c(F)c(F)c2nc3onc(-c4ccccc4)c3cc2c1F,CCO,3.306939,val
16226,Fc1cc(-c2ccc(-c3nc4ccccc4[nH]3)cc2)ccc1-c1ccc(-c2nc3ccccc3[nH]2)cc1,CN(C)C=O,3.5399299,val
16246,Fc1ccc(-c2nc3n(c2-c2ccncc2)CCS3)cc1,CC(C)O,3.800506,val
16249,Fc1ccc(-c2nc3n(c2-c2ccncc2)CCS3)cc1,CN(C)C=O,3.7374752,val
16257,Fc1ccc(-c2nc3n(c2-c2ccncc2)CCS3)cc1,O,3.809058,val
16262,Fc1ccc(-n2ncc(-c3ccc(Cl)cc3)n2)cc1,CO,4.4041195,val
16263,Fc1ccc(-n2ncc(-c3ccccc3)n2)cc1,CO,4.4483194,val
16264,Fc1ccc(/C=C/N(c2ccccc2)c2ccccc2)cc1,Cc1ccccc1,3.6385047,val
16266,Fc1ccc(C#Cc2c(C#Cc3ccc(F)cc3)c(C#Cc3ccc(F)cc3)c(C#Cc3ccc(F)cc3)c(C#Cc3ccc(F)cc3)c2C#Cc2ccc(F)cc2)cc1,ClCCl,3.4553664,val
16267,Fc1ccc(C#Cc2cc(C#Cc3ccc(F)cc3)c(C#Cc3ccc(F)cc3)c(C#Cc3ccc(F)cc3)c2C#Cc2ccc(F)cc2)cc1,ClCCl,3.4786758,val
16269,Fc1ccc(C2=C(c3ccc(F)cc3)C3=Cc4ccccc4NB3OB3Nc4ccccc4C=C32)cc1,ClCCl,3.025156,val
16270,Fc1ccc(C2=C(c3ccc(F)cc3)[Si](c3ccccc3)(c3ccccc3)c3ccccc32)cc1,C1CCOC1,3.8756595,val
16271,Fc1ccc(C2=C(c3ccc(F)cc3)c3ccc4c5c(ccc(c35)O2)OC(c2ccc(F)cc2)=C4c2ccc(F)cc2)cc1,ClCCl,2.5400858,val
16275,Fc1ccc(C2=[N+]3C(=Nc4c5ccccc5c(-c5ccc(F)cc5)n4[B-]3(F)F)c3ccccc32)cc1,ClCCl,1.7797996,val
16279,Fc1ccc(N(c2ccc(F)cc2)c2ccc3c4cccc5c(N(c6ccc(F)cc6)c6ccc(F)cc6)ccc(c6cccc2c63)c54)cc1,C1CCOC1,2.5854583,val
16281,Fc1ccc(N(c2ccc(F)cc2)c2ccc3c4cccc5c(N(c6ccc(F)cc6)c6ccc(F)cc6)ccc(c6cccc2c63)c54)cc1,Cc1ccccc1,2.562636,val
16285,Fc1ccc(Nc2ccc3ccccc3n2)cc1,CCOC(C)=O,3.588886,val
16293,Fc1ccc2sc3nc(-c4ccccc4)sc3c2c1,CS(C)=O,3.6394112,val
16304,Fc1ccccc1-c1nc2sc3ccccc3c2s1,CS(C)=O,3.6208694,val
16311,N#C/C(=C/Nc1ccc(C#N)cc1)c1nc(-c2ccccc2)cs1,CC#N,3.401862,val
16312,N#C/C(=C/Nc1ccc(C#N)cc1)c1nc(-c2ccccc2)cs1,CCO,3.392811,val
16332,N#C/C(=C/c1ccc(-c2ccc(N(c3ccccc3)c3ccccc3)cc2)s1)C(=O)O,ClCCl,2.8302724,val
16333,N#C/C(=C/c1ccc(-c2ccc(N3c4ccccc4Oc4ccccc43)cc2)s1)C(=O)O,C1CCOC1,2.834177,val
16336,N#C/C(=C/c1ccc(-c2ccc3oc4cc(-c5ccc(N(c6ccccc6)c6ccccc6)cc5)ccc4c3c2)s1)C(=O)O,C1CCOC1,3.0326977,val
16341,N#C/C(=C/c1ccc(/C=C/c2ccc(N(c3ccccc3)c3cccc4ccccc34)cc2)cc1)C(=O)O,C1CCOC1,2.9418201,val
16352,N#C/C(=C/c1ccc(N(c2ccccc2)c2ccc(-c3nc4c5ccccc5c5ccccc5c4[nH]3)cc2)cc1)C(=O)O,CCO,3.0488076,val
16358,N#C/C(=C/c1ccc(N(c2ccccc2)c2ccccc2)cc1)C(=O)O,ClC(Cl)Cl,3.0534556,val
16359,N#C/C(=C/c1ccc(N(c2ccccc2)c2ccccc2)cc1)C(=O)O,ClCCl,3.058094,val
16361,N#C/C(=C/c1ccc2c(c1)C1(c3cc(/C=C(\C#N)C(=O)O)ccc3-c3ccc(N(c4ccccc4)c4ccccc4)cc31)c1cc(N(c3ccccc3)c3ccccc3)ccc1-2)C(=O)O,CC#N,2.978198,val
16362,N#C/C(=C/c1ccc2c(c1)C1(c3cc(/C=C(\C#N)C(=O)O)ccc3-c3ccc(N(c4ccccc4)c4ccccc4)cc31)c1cc(N(c3ccccc3)c3ccccc3)ccc1-2)C(=O)O,Cc1ccccc1,2.9813025,val
16367,N#C/C(=C/c1ccc2c(c1)Sc1ccccc1N2CCCCCCN1c2ccccc2Sc2cc(/C=C(\C#N)C(=O)O)ccc21)C(=O)O,CN(C)C=O,2.9371202,val
16371,N#C/C(=C/c1ccc2nc(C#Cc3ccc(N(c4ccccc4)c4ccccc4)cc3)sc2c1)C(=O)O,ClC(Cl)Cl,2.8933878,val
16381,N#C/C(=C\C=C\C1=C2OC(c3ccccc3)=CC(c3ccccc3)=C2CCC1)C(=O)O,ClCCl,2.2126017,val
16394,N#C/C(=C\C=C\c1ccccc1)c1ccc([N+](=O)[O-])cc1,CC#N,3.353276,val
16400,N#C/C(=C\C=C\c1ccccc1)c1ccccc1,CC#N,3.667708,val
16401,N#C/C(=C\C=C\c1ccccc1)c1ccccc1,CCCCCCC,3.6718056,val
16404,N#C/C(=C\[C@@H]1COc2c(-c3ccc(N(c4ccccc4)c4ccccc4)cc3)sc(COCCCCCCCCOCc3sc(-c4ccc(N(c5ccccc5)c5ccccc5)cc4)c4c3O[C@H](/C=C(\C#N)C(=O)O)CO4)c2O1)C(=O)O,ClC(Cl)Cl,2.6340573,val
16408,N#C/C(=C\c1cc(-c2ccc(-c3ccc(-c4ccc(N(c5ccccc5)c5ccccc5)cc4)s3)s2)on1)C(=O)O,CN(C)C=O,2.938018,val
16409,N#C/C(=C\c1cc(-c2ccc(-c3ccc(N(c4ccccc4)c4ccccc4)cc3)s2)c(-c2ccc(-c3ccc(N(c4ccccc4)c4ccccc4)cc3)s2)s1)C(=O)O,C1CCOC1,2.6271763,val
16413,N#C/C(=C\c1cc(-c2ccc(N(c3ccccc3)c3ccccc3)cc2)c(-c2ccc(N(c3ccc(-c4ccc(N(c5ccccc5)c5ccccc5)cc4)cc3)c3ccc(-c4ccc(N(c5ccccc5)c5ccccc5)cc4)cc3)cc2)s1)C(=O)O,ClC(Cl)Cl,2.8082185,val
16414,N#C/C(=C\c1cc(-c2ccc(N(c3ccccc3)c3ccccc3)cc2)c(-c2sc(-c3cc(-c4ccc(N(c5ccccc5)c5ccccc5)cc4)c(-c4ccc(N(c5ccccc5)c5ccccc5)cc4)s3)cc2-c2ccc(N(c3ccccc3)c3ccccc3)cc2)s1)C(=O)O,ClCCl,2.589969,val
16421,N#C/C(=C\c1cc(/C=C(\C#N)c2ccc(C(F)(F)F)cc2)c(-c2ccc(N(c3ccccc3)c3ccccc3)cc2)cc1-c1ccc(N(c2ccccc2)c2ccccc2)cc1)c1ccc(C(F)(F)F)cc1,Cc1ccccc1,3.1143298,val
16428,N#C/C(=C\c1cc2sc(-c3cc4sc(-c5ccc(N(c6ccc7c(c6)OCCO7)c6ccc7c(c6)OCCO7)cc5)cc4s3)cc2s1)C(=O)O,ClCCl,2.4970133,val
16436,N#C/C(=C\c1cc2sc(C=C3C=C(c4ccccc4)OC(c4ccccc4)=C3)cc2s1)C(=O)O,ClCCl,2.2902381,val
16441,N#C/C(=C\c1ccc(-c2cc(-c3ccc(-c4ccc(N(c5ccccc5)c5ccccc5)cc4)s3)c(-c3ccc(-c4ccc(N(c5ccccc5)c5ccccc5)cc4)s3)s2)s1)C(=O)O,C1CCOC1,2.5929759,val
16446,N#C/C(=C\c1ccc(-c2cc3c4c(c2)CCCN4CCC3)s1)C(=O)O,CCO,2.7588828,val
16449,N#C/C(=C\c1ccc(-c2cc3cc(-c4ccc(N5c6ccccc6C6C7CCC(C7)C65)cc4)sc3s2)s1)C(=O)O,ClCCl,2.4933257,val
16455,N#C/C(=C\c1ccc(-c2cc3sc(-c4ccc5c(c4)N(c4ccccc4)C4C6CCC(C6)C54)cc3s2)s1)C(=O)O,ClCCl,2.5111313,val
16457,N#C/C(=C\c1ccc(-c2ccc(-c3cc(-c4ccc(-c5ccc(N(c6ccccc6)c6ccccc6)cc5)s4)c(-c4ccc(-c5ccc(N(c6ccccc6)c6ccccc6)cc5)s4)s3)s2)s1)C(=O)O,C1CCOC1,2.5835679,val
16459,N#C/C(=C\c1ccc(-c2ccc(-c3cc4c5ccccc5n5c6ccccc6c(c3)c45)cc2)cc1)C(=O)O,ClCCl,3.3383827,val
16461,N#C/C(=C\c1ccc(-c2ccc(-c3ccc(-c4cc5c6c(c4)CCCN6CCC5)cc3)s2)s1)C(=O)O,CCO,2.6514452,val
16465,N#C/C(=C\c1ccc(-c2ccc(-c3ccc(-c4ccc(N(c5ccc6c(c5)OCCO6)c5ccc6c(c5)OCCO6)cc4)s3)s2)s1)C(=O)O,ClCCl,2.457168,val
16471,N#C/C(=C\c1ccc(-c2ccc(-c3ccc(-c4ccc5c(c4)N(c4ccccc4)C4C6CCC(C6)C54)s3)s2)s1)C(=O)O,ClCCl,2.489037,val
16475,N#C/C(=C\c1ccc(-c2ccc(-c3ccc(/C=C(\C#N)c4ccc([N+](=O)[O-])cc4)s3)c3c2C(=O)N(c2ccc(C(=O)O)cc2)C3=O)s1)c1ccc([N+](=O)[O-])cc1,C1CCOC1,2.5196776,val
16481,N#C/C(=C\c1ccc(-c2ccc(-c3ccc(N(c4ccc(/C=C/Cc5cc6ccc5CCCc5ccc(cc5)CCC6)cc4)c4ccc(/C=C/Cc5cc6ccc5CCCc5ccc(cc5)CCC6)cc4)cc3)s2)s1)C(=O)O,C1CCOC1,2.6918526,val
16485,N#C/C(=C\c1ccc(-c2ccc(-c3ccc(N(c4ccc5c(c4)OCCO5)c4ccc5c(c4)OCCO5)cc3)s2)cc1)C(=O)O,ClCCl,2.6925478,val
16487,N#C/C(=C\c1ccc(-c2ccc(-c3ccc(N(c4ccc5c(c4)OCCO5)c4ccc5c(c4)OCCO5)cc3)s2)s1)C(=O)O,ClCCl,2.4682727,val
16492,N#C/C(=C\c1ccc(-c2ccc(-c3ccc(N(c4ccccc4)c4cccc5ccccc45)cc3)s2)s1)C(=O)O,C1CCOC1,2.6968887,val
16494,N#C/C(=C\c1ccc(-c2ccc(-c3ccc(N(c4ccccc4)c4ccccc4)cc3)c3nc(-c4ccccc4)c(-c4ccccc4)nc23)s1)C(=O)O,CN(C)C=O,2.6405427,val
16507,N#C/C(=C\c1ccc(-c2ccc(-c3ccc4c(c3)N(c3ccccc3)C3C5CCC(C5)C43)s2)s1)C(=O)O,ClCCl,2.5062892,val
16511,N#C/C(=C\c1ccc(-c2ccc(-n3c4ccccc4c4ccccc43)s2)s1)C(=O)O,ClCCl,2.781828,val
16518,N#C/C(=C\c1ccc(-c2ccc(C=Cc3ccc(N(c4ccccc4)c4ccccc4)cc3)c3nc(-c4ccccc4)c(-c4ccccc4)nc23)s1)C(=O)O,C1CCOC1,2.5101948,val
16533,N#C/C(=C\c1ccc(-c2ccc(N(c3ccc(/C=C/c4ccco4)cc3)c3ccc(/C=C/c4ccco4)cc3)cc2)o1)C(=O)O,ClCCl,2.8894994,val
16539,N#C/C(=C\c1ccc(-c2ccc(N(c3ccc(N4c5ccccc5Sc5ccccc54)cc3)c3ccc(N4c5ccccc5Sc5ccccc54)cc3)cc2)s1)C(=O)O,CC#N,2.8750083,val
16542,N#C/C(=C\c1ccc(-c2ccc(N(c3ccccc3)c3cccc4ccccc34)cc2)cc1)C(=O)O,ClCCl,3.0314696,val
16561,N#C/C(=C\c1ccc(-c2csc3cc(-c4ccc(N(c5ccc6c(c5)OCCO6)c5ccc6c(c5)OCCO6)cc4)sc23)s1)C(=O)O,ClCCl,2.6884816,val
16569,N#C/C(=C\c1ccc(-c2sc(-c3ccc(N(c4ccccc4)c4ccccc4)cc3)c3c2OCCO3)s1)C(=O)O,C1CCOC1,2.5603034,val
16570,N#C/C(=C\c1ccc(-c2sc(-c3ccc(N4c5ccccc5C5C6CCC(C6)C54)cc3)c3c2OCCO3)s1)C(=O)O,ClCCl,2.4228942,val
16580,N#C/C(=C\c1ccc(/C=C/c2ccc(N(c3ccccc3)c3ccccc3)cc2)cc1)C(=O)O,C1CCOC1,2.9047894,val
16585,N#C/C(=C\c1ccc(/C=C/c2ccc(N(c3ccccc3)c3ccccc3)cc2)n1-c1ccc(C#N)cc1)C(=O)O,ClCCl,2.6758566,val
16587,N#C/C(=C\c1ccc(/C=C/c2ccc(N(c3ccccc3)c3ccccc3)cc2)s1)C(=O)O,ClCCl,2.5260139,val
16596,N#C/C(=C\c1ccc(C#N)cc1)c1nc(-c2ccccc2)cs1,CCO,3.304442,val
16603,N#C/C(=C\c1ccc(C=C2C=C(c3ccccc3)OC(c3ccccc3)=C2)cc1)C(=O)O,ClCCl,2.5247412,val
16604,N#C/C(=C\c1ccc(C=Cc2ccc(N(c3ccc(-c4ccc(C(=C(c5ccccc5)c5ccccc5)c5ccccc5)cc4)cc3)c3ccc(-c4ccc(C(=C(c5ccccc5)c5ccccc5)c5ccccc5)cc4)cc3)cc2)o1)C(=O)O,ClCCl,2.5150716,val
16605,N#C/C(=C\c1ccc(C=Cc2ccc(N(c3ccc(-c4ccc(C(=C(c5ccccc5)c5ccccc5)c5ccccc5)cc4)cc3)c3ccc(-c4ccc(C(=C(c5ccccc5)c5ccccc5)c5ccccc5)cc4)cc3)cc2)s1)C(=O)O,ClCCl,2.4818492,val
16618,N#C/C(=C\c1ccc(N(c2ccc(C=Cc3ccc(N(c4ccccc4)c4ccccc4)cc3)cc2)c2ccc(C=Cc3ccc(N(c4ccccc4)c4ccccc4)cc3)cc2)cc1)C(=O)O,C1CCOC1,3.006767,val
16620,N#C/C(=C\c1ccc(N(c2ccc(N(c3ccccc3)c3ccc4ccc5cccc6ccc3c4c56)cc2)c2ccc3ccc4cccc5ccc2c3c45)cc1)C(=O)O,CC#N,3.0153296,val
16621,N#C/C(=C\c1ccc(N(c2ccc(N(c3ccccc3)c3ccc4ccc5cccc6ccc3c4c56)cc2)c2ccc3ccc4cccc5ccc2c3c45)cc1)C(=O)O,CO,3.0024824,val
16625,N#C/C(=C\c1ccc(N(c2ccccc2)c2ccc(/C=C(\C#N)c3ccc(C#N)cc3)cc2)cc1)c1ccc(C#N)cc1,C1CCOC1,2.8757515,val
16642,N#C/C(=C\c1ccc([N+](=O)[O-])cc1)c1nc2ccccc2s1,CO,3.3757775,val
16643,N#C/C(=C\c1ccc2c(c1)-c1cc(N(c3ccccc3)c3ccccc3)ccc1C21c2cc(/C=C(\C#N)C(=O)O)ccc2-c2ccc(N(c3ccccc3)c3ccccc3)cc21)C(=O)O,CC#N,2.9915347,val
16646,N#C/C(=C\c1ccc2c(c1)C1CCCC1N2c1ccc(C=C(c2ccccc2)c2ccccc2)cc1)C(=O)O,ClC(Cl)Cl,2.709176,val
16649,N#C/C(=C\c1ccc2c(c1)Sc1ccccc1N2CCCCCCCCCCCCN1c2ccccc2Sc2cc(/C=C(\C#N)C(=O)O)ccc21)C(=O)O,CN(C)C=O,2.934083,val
16651,N#C/C(=C\c1ccc2c(c1)Sc1ccccc1N2CCCCCCCCN1c2ccccc2Sc2cc(/C=C(\C#N)C(=O)O)ccc21)C(=O)O,CN(C)C=O,2.9361992,val
16652,N#C/C(=C\c1ccc2c(c1)Sc1ccccc1N2CCCCCCCN1c2ccccc2Sc2cc(/C=C(\C#N)C(=O)O)ccc21)C(=O)O,CN(C)C=O,2.9357564,val
16660,N#C/C(=C\c1ccc2c(c1)c1ccccc1n2-c1ccc(N(c2ccccc2)c2ccccc2)cc1)C(=O)O,CC#N,3.0918248,val
16668,N#C/C(=C\c1cccc(N(c2ccccc2)c2ccc3ccc4cccc5ccc2c3c45)c1)C(=O)O,CO,3.0628102,val
16670,N#C/C(=C\c1cccc(N(c2ccccc2)c2ccc3ccc4cccc5ccc2c3c45)c1)C(=O)O,ClCCl,3.0471075,val
16671,N#C/C(=C\c1ccccc1)c1nc2ccccc2s1,C1CCCCC1,3.4995508,val
16675,N#C/C(=C\c1cn(-c2ccc(N(c3ccccc3)c3ccccc3)cc2)c2ccccc12)C(=O)O,CCO,3.043952,val
16689,N#C/C(=C\c1cn(-c2ccccc2)nc1-c1ccccc1)c1nc2ccccc2s1,CS(C)=O,3.2913659,val
16691,N#C/C(=C\c1cn(-c2ccccc2)nc1-c1ccccc1)c1nc2ccccc2s1,ClC(Cl)Cl,3.285046,val
16695,N#C/C(=C\c1sc(-c2ccc(-c3ccc(N(c4ccccc4)c4ccccc4)cc3)s2)c2c1OCCO2)C(=O)O,CN(C)C=O,2.5843081,val
16696,N#C/C(=C\c1sc(-c2ccc(F)cc2F)c2c1OCCO2)C(=O)O,CN(C)C=O,3.084292,val
16705,N#C/C(=N/Nc1ccc(C#N)cc1)c1nc(-c2ccccc2)cs1,ClCCl,3.0134025,val
16714,N#C/C=C/c1ccc2ccc3cccc4ccc1c2c34,CCOC(C)=O,3.3750536,val
16715,N#C/C=C/c1ccc2ccc3cccc4ccc1c2c34,CO,3.3643394,val
16718,N#CC(/N=C/c1c(O)ccc2ccccc12)=C(C#N)/N=C/c1c(O)ccc2ccccc12,CC#N,2.4557097,val
16721,N#CC(=C(C#N)c1ccc(-n2ccc3ccccc32)cc1)c1ccc(-n2ccc3ccccc32)cc1,C1CCOC1,2.8920321,val
16723,N#CC(=CC1COc2c(-c3ccc(N(c4ccccc4)c4ccccc4)cc3)sc(COCCCCCCCCOCc3sc(-c4ccc(N(c5ccccc5)c5ccccc5)cc4)c4c3OC(C=C(C#N)C(=O)O)CO4)c2O1)C(=O)O,ClC(Cl)Cl,2.6719043,val
16725,N#CC(=CCCc1ccc(O)c(O)c1)C(=O)NCc1ccccc1,CC#N,3.192561,val
16731,N#CC(=Cc1cc(-c2ccc(C=C(C#N)c3ccc(-c4cccc5ccccc45)cc3)cc2)cs1)c1ccccc1,C1CCOC1,3.4146562,val
16736,N#CC(=Cc1cc2sc(-c3cccs3)cc2s1)C(=O)O,CCO,2.9298923,val
16740,N#CC(=Cc1ccc(-c2cc(-c3ccc(N(c4ccccc4)c4ccccc4)cc3)c(-c3ccc(N(c4ccccc4)c4ccccc4)cc3)s2)s1)C(=O)O,C1CCOC1,2.6720953,val
16751,N#CC(=Cc1ccc(-c2ccc(-c3ccc(N(c4ccccc4)c4ccccc4)cc3)cc2)s1)C(=O)O,C1CCOC1,2.9009368,val
16762,N#CC(=Cc1ccc(-c2ccc(-n3c4ccc(-c5ccc(C=Cc6ccc(N(c7ccccc7)c7ccccc7)cc6)cc5)cc4c4cc(-c5ccc(C=Cc6ccc(N(c7ccccc7)c7ccccc7)cc6)cc5)ccc43)s2)s1)C(=O)O,CN(C)C=O,2.8267295,val
16770,N#CC(=Cc1ccc(-c2ccc(C(C#N)=Cc3ccc(N(c4ccccc4)c4ccccc4)cc3)cc2)cc1)C(=O)O,ClC(Cl)Cl,2.9181633,val
16776,N#CC(=Cc1ccc(-c2ccc(N(c3ccc(C(=O)O)cc3)c3ccc(C(=O)O)cc3)cc2)cc1)C(=O)O,CN(C)C=O,3.0573318,val
16777,N#CC(=Cc1ccc(-c2ccc(N(c3ccc(N(c4ccccc4)c4ccccc4)cc3)c3ccc(N(c4ccccc4)c4ccccc4)cc3)cc2)s1)C(=O)O,C1CCOC1,2.8460388,val
16789,N#CC(=Cc1ccc(-c2ccc3c(c2)Sc2ccccc2N3CCCCCCn2c3ccccc3c3cc(-c4ccc(C=C(C#N)C(=O)O)s4)ccc32)s1)C(=O)O,CN(C)C=O,2.9163275,val
16792,N#CC(=Cc1ccc(-c2ccc3c4c(cccc24)-c2c-3c(-c3ccccc3)c3ccccc3c2-c2ccccc2)s1)C(=O)O,ClCCl,2.6598566,val
16794,N#CC(=Cc1ccc(-c2ccc3ccc4cccc5ccc2c3c45)s1)C(=O)O,C1CCOC1,2.8567185,val
16801,N#CC(=Cc1ccc(-c2cnc(-c3ccc(N(c4ccccc4)c4ccccc4)s3)c3nsnc23)cc1)C(=O)O,ClCCl,2.4357877,val
16804,N#CC(=Cc1ccc(-c2nc(-c3ccccc3)c(-c3ccccc3)[nH]2)cc1)C(=O)O,CCO,3.090963,val
16810,N#CC(=Cc1ccc(-c2ncc(-c3ccc(N(c4ccccc4)c4ccccc4)cc3)c3nsnc23)s1)C(=O)O,ClCCl,2.3533318,val
16819,N#CC(=Cc1ccc(-c2sc(-c3ccc(N(c4ccccc4)c4ccccc4)cc3)cc2-c2ccc(/C=C(/C#N)C(=O)O)s2)s1)C(=O)O,C1CCOC1,2.563292,val
16822,N#CC(=Cc1ccc(-n2c3ccccc3c3ccccc32)cc1)C(=O)O,ClC(Cl)Cl,3.343224,val
16825,N#CC(=Cc1ccc(/C=C/c2ccc(N(c3ccccc3)c3ccccc3)cc2)n1-c1c(F)c(F)c(F)c(F)c1F)C(=O)O,ClCCl,2.6641865,val
16828,N#CC(=Cc1ccc(/C=N/N(c2ccccc2)c2ccccc2)o1)C(=O)O,C1CCOC1,2.6355698,val
16829,N#CC(=Cc1ccc(/C=N/N(c2ccccc2)c2ccccc2)s1)C(=O)O,C1CCOC1,2.6009376,val
16833,N#CC(=Cc1ccc(C#Cc2ccc(N(c3ccccc3)c3ccccc3)cc2)c(C#Cc2ccc(N(c3ccccc3)c3ccccc3)cc2)c1)C(=O)O,ClC(Cl)Cl,2.9979477,val
16837,N#CC(=Cc1ccc(C#Cc2ccc3c4c(cccc24)-c2c-3c(-c3ccccc3)c3ccccc3c2-c2ccccc2)cc1)C(=O)O,ClCCl,2.6526947,val
16840,N#CC(=Cc1ccc(C(C#N)=Cc2ccc(-c3cc(N(c4ccccc4)c4ccccc4)cc(N(c4ccccc4)c4ccccc4)c3)s2)s1)C(=O)O,C1CCOC1,2.4998488,val
16842,N#CC(=Cc1ccc(C2=NC(c3ccccc3)C(c3ccccc3)N2)cc1)C(=O)O,C1CCOC1,3.3399537,val
16859,N#CC(=Cc1ccc(N(c2ccc(C#Cc3ccccn3)cc2)c2ccc(C#Cc3ccccn3)cc2)cc1)C(=O)O,ClCCl,3.1992576,val
16861,N#CC(=Cc1ccc(N(c2ccc(C=Cc3ccccc3)cc2)c2ccc(C=Cc3ccccc3)cc2)cc1)C(=O)O,CCO,3.0863223,val
16870,N#CC(=Cc1ccc(N(c2ccccc2)c2ccccc2)cc1)C(=O)O,ClC(Cl)Cl,3.1068792,val
16875,N#CC(=Cc1ccc(N(c2ccccc2)c2ccccc2)cc1)c1nc2ccc(C(=O)O)cc2[nH]1,CN(C)C=O,2.8844442,val
16878,N#CC(=Cc1ccc2c(c1)C1CCCC1N2c1ccc2c(c1)Cc1ccccc1-2)C(=O)O,CN(C)C=O,2.9875827,val
16881,N#CC(=Cc1ccc2c(c1)c1ccccc1n2CCCCCCn1c2ccccc2c2cc(/C=C(/C#N)C(=O)O)ccc21)C(=O)O,CN(C)C=O,3.1013668,val
16882,N#CC(=Cc1ccc2c3c(cccc13)-c1c-2c(-c2ccc(N(c3ccccc3)c3ccccc3)cc2)c2ccccc2c1-c1ccc(N(c2ccccc2)c2ccccc2)cc1)C(=O)O,ClCCl,2.563337,val
16888,N#CC(=Cc1cccc2ccccc12)c1ccc(N(c2ccccc2)c2cccc3ccccc23)cc1,C1CCOC1,3.075987,val
16894,N#CC(=Cc1ncc(C=C2C=C(c3ccccc3)OC(c3ccccc3)=C2)s1)C(=O)O,ClC(Cl)Cl,2.2844465,val
16896,N#CC(=Cc1sc(-c2ccc(N(c3ccccc3)c3ccccc3)cc2)c2c1OC(COCCCCCCCCOCC1COc3c(C=C(C#N)C(=O)O)sc(-c4ccc(N(c5ccccc5)c5ccccc5)cc4)c3O1)CO2)C(=O)O,ClC(Cl)Cl,2.569331,val
16900,N#CC(C#N)=C(/C=C/c1cc2c3c(c1)CCCN3CCC2)c1ccc2c3c(cccc13)CC2,CC#N,2.402255,val
16904,N#CC(C#N)=C(/C=C/c1cc2c3c(c1)CCCN3CCC2)c1ccc2c3c(cccc13)CC2,CO,2.4090793,val
16906,N#CC(C#N)=C(/C=C/c1cc2c3c(c1)CCCN3CCC2)c1ccc2c3c(cccc13)CC2,ClC(Cl)Cl,2.3239794,val
16908,N#CC(C#N)=C(/C=C/c1ccc(N(c2ccccc2)c2ccc(/C=C/C(=C(C#N)C#N)c3ccccc3)cc2)cc1)c1ccccc1,Cc1ccccc1,2.4339623,val
16912,N#CC(C#N)=C(/C=C/c1ccc(N(c2ccccc2)c2ccccc2)cc1)c1ccc2c3c(cccc13)CC2,CCOC(C)=O,2.5527916,val
16913,N#CC(C#N)=C(/C=C/c1ccc(N(c2ccccc2)c2ccccc2)cc1)c1ccc2c3c(cccc13)CC2,CN(C)C=O,2.5291016,val
16931,N#CC(C#N)=C(/C=C/c1cn(-c2ccccc2)nc1-c1ccc([N+](=O)[O-])cc1)c1ccccc1,CN(C)C=O,3.0961914,val
16935,N#CC(C#N)=C(/C=C/c1cn(-c2ccccc2)nc1-c1ccc([N+](=O)[O-])cc1)c1ccccc1,ClC(Cl)Cl,3.138622,val
16942,N#CC(C#N)=C(/C=C/c1cn(-c2ccccc2)nc1-c1ccccc1)c1ccccc1,Cc1ccccc1,3.0470846,val
16943,N#CC(C#N)=C(/C=C/c1cn(-c2ccccc2)nc1-c1ccccc1)c1ccccc1,ClC(Cl)Cl,3.0871992,val
16948,N#CC(C#N)=C(c1ccc(N(c2ccccc2)c2ccccc2)cc1)c1ccc(N(c2ccccc2)c2ccccc2)cc1,C1CCCCC1,3.1578746,val
16952,N#CC(C#N)=C(c1ccc(N(c2ccccc2)c2ccccc2)cc1)c1ccc(N(c2ccccc2)c2ccccc2)cc1,ClC(Cl)Cl,3.1558583,val
16955,N#CC(C#N)=C(c1cccc(N(c2ccccc2)c2ccccc2)c1)c1cccc(N(c2ccccc2)c2ccccc2)c1,CN(C)C=O,3.3589845,val
16957,N#CC(C#N)=C(c1cccc(N(c2ccccc2)c2ccccc2)c1)c1cccc(N(c2ccccc2)c2ccccc2)c1,ClC(Cl)Cl,3.3224926,val
16965,N#CC(C#N)=CNc1cccc(F)c1,CS(C)=O,2.9835556,val
16967,N#CC(C#N)=Cc1ccc(-c2ccc(-c3nc4ccccc4s3)c(O)c2)o1,O,2.942138,val
16976,N#CC(C#N)=Cc1ccc(-c2ccc(N(c3ccc(C(=O)O)cc3)c3ccc(C(=O)O)cc3)cc2)s1,CN(C)C=O,2.5744975,val
16978,N#CC(C#N)=Cc1ccc(-c2ccc(N(c3ccccc3)c3ccccc3)cc2)o1,ClC(Cl)Cl,2.5987253,val
16979,N#CC(C#N)=Cc1ccc(-c2ccc(N(c3ccccc3)c3ccccc3)cc2)s1,ClC(Cl)Cl,2.596445,val
16986,N#CC(C#N)=Cc1ccc(-c2cccc(-c3nc4ccccc4s3)c2O)s1,O,3.0674062,val
17005,N#CC(C#N)=Cc1ccc2c(c1)c1ccccc1n2-c1cc2ccccc2c2ccccc12,CC#N,3.3315265,val
17008,N#CC(C#N)=Cc1ccc2c(c1)c1ccccc1n2-c1cc2ccccc2c2ccccc12,ClCCl,3.3000746,val
17016,N#CC(C#N)=Cc1cn(-c2ccccc2)nc1-c1ccc([N+](=O)[O-])cc1,CN(C)C=O,3.5336287,val
17026,N#CC(C#N)=Cc1cn(-c2ccccc2)nc1-c1ccccc1,CS(C)=O,3.5407116,val
17030,N#CC(C#N)=Cc1nc2ccc(C#Cc3ccc(N(c4ccc(C#Cc5ccc6nc(C=C(C#N)C#N)sc6c5)cc4)c4ccc(C#Cc5ccc6nc(C=C(C#N)C#N)sc6c5)cc4)cc3)cc2s1,Cc1ccccc1,2.654777,val
17031,N#CC(C#N)=Cc1nc2ccc(C#Cc3ccc(N(c4ccccc4)c4ccccc4)cc3)cc2s1,Cc1ccccc1,2.747999,val
17040,N#CC(C(=O)O)=C1C=C(C=Cc2ccc(N(c3ccccc3)c3ccccc3)cc2)OC(C=Cc2ccc(N(c3ccccc3)c3ccccc3)cc2)=C1,ClCCl,2.496832,val
17049,N#CC1=C(c2ccc(-c3cccs3)s2)CC1,OCCOCCO,3.4057574,val
17057,N#CC1=CC(C#Cc2ccccc2)=CC(C#N)=P1(c1ccccc1)c1ccccc1,ClC(Cl)Cl,2.3821971,val
17064,N#CC1=c2c3cccc4cccc(c43)n2[B-](F)(F)[n+]2ccccc21,ClCCl,2.4155211,val
17066,N#CC1N=c2cc3c4c(cccc4c2=NC1C#N)C(c1ccccc1)=C(c1ccccc1)O3,ClCCl,2.560309,val
17070,N#CSC1=CC2=C(c3c(Cl)cccc3Cl)c3cc(SC#N)c(NCc4ccccc4)n3[B-](F)(F)[N+]2=C1NCc1ccccc1,CC#N,1.9909205,val
17093,N#Cc1c(-c2cc3ccccc3o2)c(N)n2ccccc12,CN(C)C=O,3.1519954,val
17095,N#Cc1c(-c2ccc(N(c3ccccc3)c3ccccc3)cc2)c(C#N)c(-c2ccc(N(c3ccccc3)c3ccccc3)cc2)c(C#N)c1-c1ccc(N(c2ccccc2)c2ccccc2)cc1,O=P(c1ccccc1)(c1ccccc1)c1ccccc1Oc1ccccc1P(=O)(c1ccccc1)c1ccccc1,3.1867626,val
17098,N#Cc1c(-c2ccc([N+](=O)[O-])cc2)cc(-c2ccc([N+](=O)[O-])cc2)[nH]c1=O,CC#N,3.0950525,val
17107,N#Cc1c(-c2ccccc2)c(N)n2ccccc12,CN(C)C=O,3.0840943,val
17119,N#Cc1c(-c2cccs2)cc(-c2ccc3c(c2)Cc2ccccc2-3)[nH]c1=O,C1CCOC1,3.0424664,val
17120,N#Cc1c(-c2cccs2)cc(-c2ccc3c(c2)Cc2ccccc2-3)[nH]c1=O,CC#N,3.0746317,val
17129,N#Cc1c(-c2cccs2)cc(-c2cccs2)[nH]c1=O,CN(C)C=O,3.054808,val
17130,N#Cc1c(-c2cccs2)cc(-c2cccs2)[nH]c1=O,CO,3.0973675,val
17141,N#Cc1c(-n2nnc3c2-c2ccccc2CN(C(=O)CCN)c2ccccc2-3)n([C@H]2C[C@H](O)[C@@H](CO)O2)c2ncnc(N)c12,CO,3.861554,val
17143,N#Cc1c(-n2nnc3cc(Cl)ccc32)n([C@H]2C[C@H](O)[C@@H](CO)O2)c2ncnc(N)c12,CO,4.3996005,val
17146,N#Cc1c(/C=C/c2ccc(N(c3ccccc3)c3ccccc3)cc2)cc(-c2ccccc2)cc1N1CCCCC1,CS(C)=O,3.123372,val
17158,N#Cc1c(N)nc(N)c(C#N)c1-c1ccc(O)cc1,C1CCOC1,3.6703398,val
17175,N#Cc1c(N2CCCCC2)cc(-c2ccc(-c3ccccc3)cc2)c2c1CCc1ccccc1-2,C1CCOC1,3.6894965,val
17179,N#Cc1c(N2CCCCC2)cc(-c2ccc3ccc4cccc5ccc2c3c45)c2c1-c1ccccc1C2,C1CCOC1,3.3497849,val
17185,N#Cc1c(N2CCCCC2)cc(-c2ccc3ccccc3c2)c2c1C(=O)c1ccccc1-2,C1CCOC1,3.3602023,val
17199,N#Cc1c2c3c(oc(=O)c2c(=N)n2[nH]c(-c4ccc(F)cc4)cc12)-c1ccccc1SC3,CN(C)C=O,2.811363,val
17203,N#Cc1c2nc3ccccn3c2nc2c1nc1ccccn12,C1COCCO1,2.8849962,val
17209,N#Cc1c2nc3ccccn3c2nc2nc3ccccn3c12,CC#N,2.7527168,val
17211,N#Cc1c2nc3ccccn3c2nc2nc3ccccn3c12,ClC(Cl)Cl,2.6916218,val
17231,N#Cc1cc(-n2c3ccccc3c3ccccc32)nc(-n2c3ccccc3c3ccccc32)n1,Cc1ccccc1,3.5496907,val
17233,N#Cc1cc(-n2c3ccccc3c3ncccc32)c(-n2c3ccccc3c3ncccc32)cc1C#N,Cc1ccccc1,3.302133,val
17234,N#Cc1cc(/C=C/c2ccc(/C=C/c3ccc(N(c4ccccc4)c4ccccc4)cc3)c(C#N)c2)ccc1/C=C/c1ccc(N(c2ccccc2)c2ccccc2)cc1,ClCCl,2.7559094,val
17244,N#Cc1cc(N2c3ccccc3Sc3ccccc32)c(N2c3ccccc3Sc3ccccc32)cc1C#N,c1ccc2c(c1)c1ccccc1n2-c1ccc(-c2ccc(-n3c4ccccc4c4ccccc43)cc2)cc1,3.105123,val
17245,N#Cc1cc(N2c3ccccc3Sc3ccccc32)cc(N2c3ccccc3Sc3ccccc32)c1,Cc1ccccc1,3.8811297,val
17265,N#Cc1cc2ccc(O)cc2oc1=O,CCOC(C)=O,3.5165122,val
17272,N#Cc1cc2ccc3cccc4ccc(c1)c2c34,CCCCCC,3.441802,val
17273,N#Cc1cc2ccccc2[nH]1,C1COCCO1,4.185849,val
17274,N#Cc1cc2ccccc2[nH]1,CC#N,4.1729774,val
17279,N#Cc1cc2ccccc2oc1=N,CS(C)=O,3.5455403,val
17289,N#Cc1cc2nc3c(nc2cc1C#N)C1c2ccc(N(c4ccccc4)c4ccccc4)cc2C3c2ccc(N(c3ccccc3)c3ccccc3)cc21,Cc1ccccc1,3.071224,val
17300,N#Cc1ccc(-c2ccc(C3=CCCCC3)s2)s1,CCCCCC,3.4130602,val
17305,N#Cc1ccc(-c2ccc(N(c3ccc(C#Cc4cc(C#N)c(C#Cc5cc(C#N)ccc5C#N)cc4C#N)cc3)c3ccc(-c4ccc(C#N)cc4)cc3)cc2)cc1,ClC(Cl)Cl,2.6694038,val
17315,N#Cc1ccc(-c2cnc3cccc(-c4ccccc4)n23)cc1,ClCCl,3.6009285,val
17322,N#Cc1ccc(-c2ncc3cccc(-c4ccccc4)n23)cc1,ClCCl,3.4857414,val
17337,N#Cc1ccc(-n2ncc(-c3ccc(F)cc3)n2)cc1,CO,4.053437,val
17340,N#Cc1ccc(/C=C/C(F)(F)F)c(N)c1,C1CCOC1,3.3819728,val
17341,N#Cc1ccc(/C=C/C=C/C2=NC3C(=O)NC(N)=NC3N2[C@H]2C[C@H](O)[C@@H](CO)O2)cc1,C1COCCO1,3.3945143,val
17348,N#Cc1ccc(/C=C/C=C/c2ccc([N+](=O)[O-])cc2)cc1,CN(C)C=O,3.278751,val
17361,N#Cc1ccc(/C=C2\C=C(c3ccccc3)NC2=O)cc1,C1COCCO1,2.758992,val
17364,N#Cc1ccc(/C=c2\o/c(=C\c3ccc(N4CCCCC4)cc3)c3ccccc23)cc1,ClCCl,3.0187316,val
17366,N#Cc1ccc(C#Cc2ccc(C#Cc3ccc(C#Cc4ccccc4C#N)cc3C#N)cc2C#N)cc1,C1CCOC1,3.4065175,val
17368,N#Cc1ccc(C#Cc2ccc(C#Cc3ccc(C#Cc4ccccc4C#N)cc3C#N)cc2C#N)cc1,CN(C)C=O,3.3875456,val
17373,N#Cc1ccc(C#Cc2ccc3ccc4ccc(C#Cc5ccc(C#N)cc5)c5ccc2c3c45)cc1,CC(C)=O,3.0413337,val
17376,N#Cc1ccc(C#Cc2ccc3ccc4ccc(C#Cc5ccc(C#N)cc5)c5ccc2c3c45)cc1,CCO,3.0547185,val
17377,N#Cc1ccc(C#Cc2ccc3ccc4ccc(C#Cc5ccc(C#N)cc5)c5ccc2c3c45)cc1,CCOC(C)=O,3.0564656,val
17379,N#Cc1ccc(C#Cc2ccc3ccc4ccc(C#Cc5ccc(C#N)cc5)c5ccc2c3c45)cc1,Cc1ccccc1,3.0326247,val
17382,N#Cc1ccc(C#Cc2ncc(-c3ccccc3)o2)cc1,ClCCl,3.6489172,val
17390,N#Cc1ccc(C2=Cc3cc4ccccc4cc3P2(=O)c2ccccc2)cc1,ClCCl,3.1453247,val
17393,N#Cc1ccc(C[C@H](N)C(=O)O)cc1,C1CCOC1,5.338192,val
17399,N#Cc1ccc(N(c2ccc(C#N)cc2)c2ccc3c4cccc5c(N(c6ccc(C#N)cc6)c6ccc(C#N)cc6)ccc(c6cccc2c63)c54)cc1,Cc1ccccc1,2.7134662,val
17406,N#Cc1ccc(N)c2nonc12,C1COCCO1,2.9872901,val
17407,N#Cc1ccc(N)c2nonc12,CC#N,3.0233974,val
17408,N#Cc1ccc(N)c2nonc12,CCCCCC,3.005978,val
17416,N#Cc1ccc(N)cc1,OCC(F)(F)F,4.5103974,val
17425,N#Cc1ccc(N/N=C/c2ccc3ccccc3c2O)cc1,CS(C)=O,3.266751,val
17430,N#Cc1ccc(NC(=NCC(=O)O)NC(c2ccccc2)c2ccccc2)cc1,CC#N,3.5251212,val
17433,N#Cc1ccc([N+]2=Cc3cccn3[B-]2(c2ccccc2)c2ccccc2)cc1,C1CCOC1,3.1150923,val
17434,N#Cc1ccc2/c(=C/c3ccc(N4CCCCC4)cc3)o/c(=C\c3ccccc3)c2c1,ClCCl,3.0709524,val
17436,N#Cc1ccc2[nH]ccc2c1,CC#N,4.443863,val
17437,N#Cc1ccc2[nH]ccc2c1,O,4.4515743,val
17439,N#Cc1ccc2c(c1)CCc1nc(-c3ccc([N+](=O)[O-])cc3)c3c(c1-2)CCc1cc(C#N)ccc1-3,C1CCOC1,3.6778824,val
17441,N#Cc1ccc2c(c1)CCc1nc(-c3ccc([N+](=O)[O-])cc3)c3c(c1-2)CCc1cc(C#N)ccc1-3,CCCCCC,3.688702,val
17443,N#Cc1ccc2c(c1)CCc1nc(-c3ccc([N+](=O)[O-])cc3)c3c(c1-2)CCc1cc(C#N)ccc1-3,CO,3.6805797,val
17449,N#Cc1ccc2cc(C#Cc3cn([C@H]4C[C@H](O)[C@@H](CO)O4)c4ncnc(N)c34)ccc2c1,CC#N,3.6906717,val
17451,N#Cc1ccc2cc(C#Cc3cn([C@H]4C[C@H](O)[C@@H](CO)O4)c4ncnc(N)c34)ccc2c1,CO,3.7063024,val
17458,N#Cc1cccc(-c2cccc(-c3nc(-c4cccc(-c5cccc(C#N)c5)c4)nc(-c4cccc(-c5cccc(C#N)c5)c4)n3)c2)c1,ClCCl,3.881473,val
17469,N#Cc1cccc(N)c1,CCO,4.0048137,val
17473,N#Cc1cccc(N)c1C#N,CCO,3.6310525,val
17484,N#Cc1ccccc1C#Cc1ccc(C#Cc2ccc(N(c3ccccc3)c3ccccc3)cc2)c(C#N)c1,ClC(Cl)Cl,3.081236,val
17486,N#Cc1ccccc1N,CC#N,3.7934384,val
17491,N#Cc1ccn2c(N)c(-c3ccc(Cl)cc3)nc2c1,CS(C)=O,3.4265673,val
17494,N#Cc1cnc(-c2c3ccccc3c(-c3ncc(C#N)cn3)c3ccccc23)nc1,CCO,3.1948125,val
17498,N#Cc1coc2ccccc2c1=O,C1COCCO1,3.5939677,val
17501,N#Cc1coc2ccccc2c1=O,CCCCO,3.5927606,val
17503,N#Cc1coc2ccccc2c1=O,CCOC(C)=O,3.5936098,val
17511,N#Cc1nc(N(Cc2ccc(Cl)cc2)Cc2ccc(Cl)cc2)c(C#N)nc1N(Cc1ccc(Cl)cc1)Cc1ccc(Cl)cc1,ClC(Cl)Cl,2.506245,val
17517,N#Cc1nc2c(OCc3ccccc3)nc(N)nc2n1Cc1ccccc1,CC#N,3.937509,val
17519,N#Cc1nc2c(OCc3ccccc3)nc(N)nc2n1Cc1ccccc1,ClCCl,3.9238796,val
17548,N=NC=NN,ClCCl,3.705594,val
17568,NCCNc1cccc2c1C(=O)c1ccccc1C2=O,ClCCl,2.2763095,val
17573,NN=Cc1c(O)ccc2ccccc12,CCO,3.404647,val
17574,NN=Cc1ccccc1O,CCO,4.1869826,val
17580,NS(=O)(=O)c1ccc(-n2cccc2)cc1N1CCOCCOCCOCCOCC1,CC#N,4.42372,val
17581,NS(=O)(=O)c1ccc(N2N=C(c3ccc(O)cc3)CC2c2ccc(Cl)cc2)cc1,C1CCOC1,3.5003195,val
17583,NS(=O)(=O)c1ccc(N2N=C(c3ccc(O)cc3)CC2c2ccc(F)cc2)cc1,C1CCOC1,3.511288,val
17585,NS(=O)(=O)c1ccc(N2N=C(c3ccc(O)cc3)CC2c2ccc(F)cc2)cc1,CC#N,3.5059547,val
17589,NS(=O)(=O)c1ccc(N2N=C(c3ccc(O)cc3)CC2c2ccc(F)cc2)cc1,CN(C)C=O,3.5090933,val
17592,NS(=O)(=O)c1ccc(N2N=C(c3ccc(O)cc3)CC2c2ccc([N+](=O)[O-])cc2)cc1,C1CCOC1,3.4280963,val
17593,NS(=O)(=O)c1ccc(N2N=C(c3ccc(O)cc3)CC2c2ccc([N+](=O)[O-])cc2)cc1,C1COCCO1,3.4291513,val
17600,NS(=O)(=O)c1ccc(N2N=C(c3ccc(O)cc3)CC2c2ccc([N+](=O)[O-])cc2)cc1,CS(C)=O,3.3335457,val
17606,Nc1c(N=Nc2ccccc2)c(=O)[nH]c2nc3ccccc3n12,ClC(Cl)Cl,2.9581163,val
17612,Nc1cc(N)cc(-c2nc3ccccc3s2)c1,C1CCCCC1,3.4864173,val
17616,Nc1cc(N)cc(-c2nc3ccccc3s2)c1,CCOC(C)=O,3.490182,val
17619,Nc1cc2ccc3cccc4ccc(c1)c2c34,CC#N,3.6920178,val
17642,Nc1ccc(-c2ccc(N)cc2)cc1,Cc1ccccc1,4.2738676,val
17647,Nc1ccc(-c2ccc3c(c2)C(=O)c2ccccc2C3=O)cc1,CCOC(C)=O,2.9477499,val
17649,Nc1ccc(-c2ccc3c(c2)C(=O)c2ccccc2C3=O)cc1,Cc1ccccc1,2.9406726,val
17655,Nc1ccc(/C=C/c2ccccc2)cc1,CCCCCC,3.7540116,val
17656,Nc1ccc(/C=C/c2cccnc2)cc1,CC#N,3.7006829,val
17670,Nc1ccc(N2C(=O)c3ccc4c5ccc6c7c(ccc(c8ccc(c3c48)C2=O)c75)C(=O)N(c2ccc(O)cc2)C6=O)cc1,CN(C)C=O,2.257966,val
17673,Nc1ccc(Nc2nc(N3CCOCC3)nc(N3CCOCC3)n2)cc1,ClCCl,4.065192,val
17674,Nc1ccc(Nc2nc(Nc3cccc4ccccc34)nc(Nc3cccc4ccccc34)n2)cc1,ClCCl,4.1528935,val
17677,Nc1ccc2c(C(F)(F)F)cc(=O)oc2c1,C1CCC2CCCCC2C1,3.4109592,val
17678,Nc1ccc2c(C(F)(F)F)cc(=O)oc2c1,C1CCCCC1,3.410427,val
17700,Nc1ccc2c(c1)C(=O)N(C13C[C@H]4C[C@@H](C1)C[C@@H](C3)C4)C2=O,CS(C)=O,3.5145874,val
17706,Nc1ccc2c(c1)C(=O)NC2=O,CC(C)(C)O,3.429806,val
17714,Nc1ccc2c(c1)C(=O)c1ccc(N)cc1C2=O,CCOC(C)=O,2.641827,val
17718,Nc1ccc2c(c1)C(=O)c1ccccc1-2,CCO,2.7212737,val
17721,Nc1ccc2c(c1)Cc1ccccc1-2,C1CCCCC1,3.844351,val
17722,Nc1ccc2c(c1)Cc1ccccc1-2,C1COCCO1,3.84891,val
17725,Nc1ccc2c(c1)Cc1ccccc1-2,CCCCCC,3.8513947,val
17729,Nc1ccc2c(c1)Cc1ccccc1-2,CCOCC,3.853076,val
17731,Nc1ccc2c(c1)Cc1ccccc1-2,ClCCl,3.8592386,val
17733,Nc1ccc2c(c1)oc(=O)c1c(=O)oc3ccccc3c12,CS(C)=O,2.9507473,val
17743,Nc1ccc2c3cccc4cccc(c5cccc1c52)c43,CN(C)C=O,2.6415663,val
17744,Nc1ccc2c3cccc4cccc(c5cccc1c52)c43,CO,2.6509264,val
17749,Nc1ccc2cc(-c3ccc(C(F)(F)F)cc3)oc(=O)c2c1,CCCO,3.5686312,val
17757,Nc1ccc2ccc3cccc4ccc1c2c34,CCCCOCCCC,3.4280255,val
17761,Nc1ccc2nc(-c3ccccc3)c(=O)oc2c1,c1ccccc1,3.1479428,val
17776,Nc1cccc2cc3ccccc3cc12,C1CCCCC1,3.2838435,val
17787,Nc1ccccc1/C=C/C(F)(F)F,C1CCOC1,3.6475275,val
17790,Nc1ccccc1C(=O)O,CC#N,3.6131222,val
17794,Nc1ccccc1C(=O)O,CS(C)=O,3.5958128,val
17795,Nc1ccccc1C(=O)O,OCC(F)(F)F,3.6888373,val
17799,Nc1cnccn1,CS(C)=O,3.9382083,val
17801,Nc1n[n+]([O-])c2ccccc2[n+]1[O-],CC#N,2.7595608,val
17805,Nc1nc(-c2ccc(NC(=O)c3ccccc3)cc2)c(N=Nc2cccc([N+](=O)[O-])c2)s1,CS(C)=O,2.4956021,val
17808,Nc1nc(-c2ccc(NC(=O)c3ccccc3)cc2)c(N=Nc2ccccc2[N+](=O)[O-])s1,CS(C)=O,2.5145876,val
17816,Nc1ncnc2c1c(C#Cc1c3ccccc3cc3ccccc13)cn2[C@H]1C[C@H](O)[C@@H](CO)O1,CCO,3.0375516,val
17818,Nc1ncnc2c1c(C#Cc1c3ccccc3cc3ccccc13)cn2[C@H]1C[C@H](O)[C@@H](CO)O1,CO,3.0468235,val
17823,Nc1ncnc2c1c(C#Cc1ccc3ccccc3c1)cn2[C@H]1C[C@H](O)[C@@H](CO)O1,ClC(Cl)Cl,3.8412144,val
17832,O=C(/C=C/c1ccc(O)c(O)c1)O[C@H](Cc1ccc(O)c(O)c1)C(=O)O,C1CCOC1,3.8252387,val
17836,O=C(/C=C/c1ccc(O)c(O)c1)O[C@H](Cc1ccc(O)c(O)c1)C(=O)O,CN(C)C=O,3.753159,val
17838,O=C(/C=C/c1ccc(O)c(O)c1)O[C@H](Cc1ccc(O)c(O)c1)C(=O)O,CS(C)=O,3.7882872,val
17845,O=C(/C=C/c1cn(-c2ccccc2)nc1-c1ccccc1)c1c(O)c2ccccc2oc1=O,CO,3.1391025,val
17847,O=C(/C=C/c1cn(-c2ccccc2)nc1-c1ccccc1)c1c(O)c2ccccc2oc1=O,Cc1ccccc1,3.127065,val
17868,O=C(N/N=C/c1ccccc1O)c1cc2ccccc2cc1O,CN(C)C=O,3.4781237,val
17875,O=C(N/N=C/c1ccccc1O)c1ccc([N+](=O)[O-])cc1,CN(C)C=O,3.558643,val
17879,O=C(N/N=C/c1ccccc1O)c1cccc2ccccc12,CC#N,3.618216,val
17895,O=C(N/N=C/c1ccccc1O)c1ccccc1O,CCO,3.5676649,val
17912,O=C(O)/C=C/c1ccc2c(c1)c1ccccc1n2-c1ccc(C(F)(F)F)cc1,CC#N,3.4474547,val
17915,O=C(O)/C=C/c1ccc2ccccc2c1-c1cccc2c1C(=O)/C(=C1/Nc3ccccc3C1=O)N2,C1CCOC1,2.1723168,val
17922,O=C(O)C1=CC=C(c2ccc(-c3ccc(N(c4ccccc4)c4ccccc4)cc3)s2)CC1,CC#N,2.9225461,val
17923,O=C(O)C1=CC=C(c2ccc(-n3c4ccccc4c4ccccc43)cc2)CC1,CC#N,3.4892612,val
17924,O=C(O)C1=CC=C(c2ccc(N(c3ccccc3)c3ccccc3)cc2)CC1,C1CCOC1,3.3208618,val
17925,O=C(O)C1=CC=C(c2ccc(N(c3ccccc3)c3ccccc3)cc2)CC1,CC#N,3.3244412,val
17938,O=C(O)CCCCCNC(=O)COc1ccc(/C=C/c2ccc3n2[B-](F)(F)[N+]2=C(c4cccs4)C=CC2=C3)cc1,CO,1.9007009,val
17941,O=C(O)CCCNC(=O)c1ccc2ccc3c(N4CCCCC4)ccc4ccc1c2c43,C1CCOC1,3.3690696,val
17945,O=C(O)CCCNC(=O)c1ccc2ccc3c(N4CCCCC4)ccc4ccc1c2c43,CCCCCC,3.3841894,val
17948,O=C(O)CCCNC(=O)c1ccc2ccc3c(N4CCCCC4)ccc4ccc1c2c43,CO,3.361988,val
17952,O=C(O)CCCNC(=O)c1ccc2ccc3c(N4CCCCC4)ccc4ccc1c2c43,ClCCl,3.3549259,val
17956,O=C(O)CCCc1cc(C#Cc2ccccc2)c2ccc3c(C#Cc4ccccc4)cc(C#Cc4ccccc4)c4ccc1c2c34,CS(C)=O,2.7451575,val
17959,O=C(O)CCCc1ccc2ccc3cccc4ccc1c2c34,CO,3.563003,val
17961,O=C(O)CCc1ccc2n1[B-](F)(F)[N+]1=C(c3ccccc3)C=CC1=C2,CO,2.2159607,val
17965,O=C(O)CN1C(=O)/C(=C/c2ccc(-c3cc4c5c(c3)CCCN5CCC4)s2)SC1=S,CCO,2.4721293,val
17969,O=C(O)CN1C(=O)/C(=C/c2ccc(-c3ccc4c(c3)c3ccccc3n4-c3ccc(N(c4ccc(-n5c6ccccc6c6ccccc65)cc4)c4ccc(-n5c6ccccc6c6ccccc65)cc4)cc3)s2)SC1=S,C1CCOC1,2.6565285,val
17975,O=C(O)CN1C(=O)/C(=C/c2ccc(N(c3ccc(-c4cccc5c4[nH]c4ccccc45)cc3)c3ccc(-c4cccc5c4[nH]c4ccccc45)cc3)cc2)SC1=S,CCO,2.7027004,val
17979,O=C(O)CN1C(=O)/C(=C/c2ccc(N(c3ccc(N4c5ccccc5Sc5ccccc54)cc3)c3ccc(N4c5ccccc5Sc5ccccc54)cc3)cc2)SC1=S,ClCCl,2.6399646,val
17980,O=C(O)CN1C(=O)/C(=C/c2ccc(N(c3ccccc3)c3ccc(-c4cc5c6c(c4)CCCN6CCC5)cc3)cc2)SC1=S,CCO,2.6257935,val
17982,O=C(O)CN1C(=O)/C(=C/c2ccc(N(c3ccccc3)c3ccc(/C=C4/SC(=S)N(C(=O)O)C4=O)cc3)cc2)SC1=S,CO,2.6295886,val
17986,O=C(O)CN1C(=O)/C(=C/c2ccc(N(c3ccccc3)c3ccccc3)cc2)SC1=S,CCO,2.6815875,val
17989,O=C(O)CN1C(=O)/C(=C/c2ccc3c(c2)CC(O)CN3c2ccccc2)SC1=S,C1CCOC1,2.6174269,val
17992,O=C(O)CN1C(=O)/C(=C\C=C\c2ccc(N(c3ccccc3)c3ccccc3)cc2)SC1=S,CO,2.553061,val
17993,O=C(O)CN1C(=O)/C(=C\c2cc(-c3cccs3)c(/C=C/c3ccc(N(c4ccccc4)c4ccccc4)cc3)cc2-c2cccs2)SC1=S,ClCCl,2.6440377,val
18003,O=C(O)CN1C(=O)/C(=C\c2ccc(/C=C/c3ccc(N(c4ccccc4)c4ccccc4)cc3)cc2)SC1=S,ClCCl,2.6625385,val
18005,O=C(O)CN1C(=O)/C(=C\c2ccc(N(c3ccccc3)c3ccccc3)cc2)SC1=S,CCO,2.694414,val
18006,O=C(O)CN1C(=O)/C(=C\c2ccc(N(c3ccccc3)c3ccccc3)cc2)SC1=S,CO,2.6939402,val
18011,O=C(O)CN1C(=O)C(=Cc2ccc(-c3ccc4c5c(cccc35)-c3c-4c(-c4ccccc4)c4ccccc4c3-c3ccccc3)s2)SC1=S,ClCCl,2.5229578,val
18018,O=C(O)CN1C(=O)C(=Cc2ccc(N(c3ccccc3)c3ccc(-c4ccc5c(c4)[nH]c4ccccc45)cc3)cc2)SC1=S,CCO,2.6844912,val
18024,O=C(O)CN1C(=O)C(c2ccc(N(c3ccccc3)c3ccccc3)cc2)SC1=S,CC#N,2.7922328,val
18038,O=C(O)c1c2ccccc2nc2ccccc12,CC#N,3.4282236,val
18039,O=C(O)c1c2ccccc2nc2ccccc12,CCCCCO,3.4297872,val
18048,O=C(O)c1cc(-c2ccccc2)nc2ccccc12,CCO,3.5721498,val
18050,O=C(O)c1cc(C(=O)O)cc(-c2nc(-c3ccc(/C=C/c4ccc(N(c5ccccc5)c5ccccc5)cc4)s3)nc(-c3ccc(/C=C/c4ccc(N(c5ccccc5)c5ccccc5)cc4)s3)n2)c1,CN(C)C=O,2.9764948,val
18056,O=C(O)c1cc2c(cc3ccc4cccc5ccc2c3c45)[nH]1,CCOC(C)=O,3.0594625,val
18060,O=C(O)c1cc2c(ccc3ccccc32)oc1=O,CCO,3.3758218,val
18063,O=C(O)c1cc2ccc(O)cc2oc1=O,CC#N,3.4524758,val
18064,O=C(O)c1ccc(-c2c3nc(c(-c4ccc(N(c5ccccc5)c5ccccc5)cc4)c4ccc([nH]4)c(-c4ccc(N(c5ccccc5)c5ccccc5)cc4)c4nc(c(-c5ccc(C(=O)O)cc5)c5ccc2s5)C=C4)C=C3)cc1,C1CCOC1,2.687951,val
18067,O=C(O)c1ccc(-c2ccc(N(c3ccc(-c4ccc(C5=C6C=CC(c7ccccc7)=[N+]6[B-](F)(F)n6c5ccc6-c5ccccc5)s4)cc3)c3ccc(-c4ccc(C5=C6C=CC(c7ccccc7)=[N+]6[B-](F)(F)n6c5ccc6-c5ccccc5)s4)cc3)cc2)cc1,ClCCl,1.9840027,val
18071,O=C(O)c1ccc(-c2nc(-c3ccc(/C=C/c4ccc(N(c5ccccc5)c5ccccc5)cc4)s3)nc(-c3ccc(/C=C/c4ccc(N(c5ccccc5)c5ccccc5)cc4)s3)n2)cc1,CN(C)C=O,2.9836562,val
18073,O=C(O)c1ccc(-c2nc(-c3ccccc3)c3c4ccccc4ccn23)cc1,CC#N,3.18008,val
18076,O=C(O)c1ccc(/C=C/c2ccc(N(c3ccccc3)c3ccccc3)cc2)cc1,C1CCOC1,3.1819665,val
18080,O=C(O)c1ccc(C#Cc2ccc(N(c3ccccc3)c3ccccc3)cc2)cc1,C1CCOC1,3.401546,val
18103,O=C(O)c1ccc2cc3cc(C(=O)O)ccc3cc2c1,CN(C)C=O,3.1254601,val
18107,O=C(O)c1ccc2ccc3cccc4ccc1c2c34,Cc1ccccc1,3.3381128,val
18108,O=C(O)c1ccc2nc(-c3ccc(C=Cc4ccc(N(c5ccccc5)c5ccccc5)cc4)cc3)c(-c3ccc(C=Cc4ccc(N(c5ccccc5)c5ccccc5)cc4)cc3)nc2c1,ClC(Cl)Cl,2.8589158,val
18119,O=C(O)c1ccccc1Nc1ccccc1,CC#N,3.5818353,val
18124,O=C(ON1C(=O)C=CC1=O)c1cc2ccc(O)cc2oc1=O,CO,3.2703717,val
18135,O=C(c1cc(F)c(O)cc1F)c1cc(F)c(O)cc1F,CCO,3.997769,val
18140,O=C(c1ccc(C(=C(c2ccc(C(=O)c3ccc(-n4c5ccccc5c5ccccc54)cc3)cc2)c2ccc(C(=O)c3ccc(-n4c5ccccc5c5ccccc54)cc3)cc2)c2ccccc2)cc1)c1ccc(-n2c3ccccc3c3ccccc32)cc1,C1CCOC1,3.3696446,val
18142,O=C(c1ccc(Cl)cc1)c1nn(-c2ccc(N(c3ccccc3)c3ccccc3)cc2)nc1-c1ccccc1,C1CCOC1,3.5245664,val
18145,O=C(c1ccc(N2c3ccccc3Oc3ccccc32)cc1)c1ccc2sc3ccccc3c2c1,C1CCOC1,3.218888,val
18148,O=C(c1ccc(N2c3ccccc3[Si](c3ccccc3)(c3ccccc3)c3ccccc32)cc1)c1ccc(N2c3ccccc3[Si](c3ccccc3)(c3ccccc3)c3ccccc32)cc1,Cc1ccccc1,3.4425476,val
18153,O=C(c1ccccc1)c1cc2ccc1CCc1ccc(c(-c3ccc(N(c4ccccc4)c4ccccc4)cc3)c1)CC2,Cc1ccccc1,3.6343284,val
18158,O=C(c1ccccc1)c1ccc(COc2ccccc2)cc1,C1CCOC1,3.9621167,val
18162,O=C(c1ccccc1)c1nn(-c2ccc(N(c3ccccc3)c3ccccc3)cc2)nc1-c1ccccc1,C1CCOC1,3.5360725,val
18173,O=C(c1ccncc1)c1ccc(-n2c3ccccc3c3ccccc32)cc1,C1CCOC1,3.567163,val
18179,O=C1/C(=C/C=C/c2cc3c4c(c2)CCCN4CCC3)CC/C1=C\C=C\c1cc2c3c(c1)CCCN3CCC2,CC(C)=O,2.3858218,val
18183,O=C1/C(=C/C=C/c2cc3c4c(c2)CCCN4CCC3)CC/C1=C\C=C\c1cc2c3c(c1)CCCN3CCC2,CCCO,2.387003,val
18184,O=C1/C(=C/C=C/c2cc3c4c(c2)CCCN4CCC3)CC/C1=C\C=C\c1cc2c3c(c1)CCCN3CCC2,CCO,2.388319,val
18190,O=C1/C(=C/C=C/c2cc3c4c(c2)CCCN4CCC3)CC/C1=C\C=C\c1cc2c3c(c1)CCCN3CCC2,Cc1ccccc1,2.3692565,val
18193,O=C1/C(=C/C=C/c2cc3c4c(c2)CCCN4CCC3)CC/C1=C\C=C\c1cc2c3c(c1)CCCN3CCC2,S=C=S,2.3867881,val
18205,O=C1/C(=C2\Sc3ccc(S(=O)(=O)O)cc3C2=O)Sc2ccc(S(=O)(=O)O)cc21,CO,2.3082504,val
18218,O=C1/C(=C\c2ccc(N(c3ccccc3)c3ccccc3)cc2)S(=O)(=O)c2ccccc21,ClCCl,2.5560992,val
18236,O=C1C(=CC=CC=C2C=C(c3ccccc3)OC(c3ccccc3)=C2)C(=O)c2cscc21,ClCCl,2.1151123,val
18241,O=C1C(Cl)=C(N(Cc2ccccc2)Cc2ccccc2)C(=O)C(Cl)=C1N(Cc1ccccc1)Cc1ccccc1,ClC(Cl)Cl,2.1615438,val
18246,O=C1C2=C(O[B-](F)(F)[n+]3c2ccc2ccccc23)c2ccc(N3CCOCC3)c3cccc1c23,CO,2.7458005,val
18255,O=C1C2=C3c4sccc4C=CN3C(=O)C2=C2c3sccc3C=CN12,CN(C)C=O,2.1180513,val
18261,O=C1C=C(Nc2cc(F)ccc2F)C(=O)c2ccccc21,CO,2.7817018,val
18267,O=C1C=C(Nc2ccc([N+](=O)[O-])cc2)C(=O)c2ccccc21,CO,2.6773176,val
18285,O=C1C=C(Nc2ccccc2)CCC1,CO,4.131303,val
18288,O=C1C=C(Nc2ccccc2F)C(=O)c2ccccc21,CCCCCC,2.7688236,val
18295,O=C1C=CC2=Cc3ccccc3B(O)N12,CC#N,3.51923,val
18298,O=C1C=CC2=Cc3ccccc3B(O)N12,ClC(Cl)Cl,3.4830344,val
18302,O=C1C=Cc2cc3ccccc3c(=O)n21,CS(C)=O,3.4854548,val
18304,O=C1CC(=O)C(P(c2ccccc2)c2ccccc2)=C1P(c1ccccc1)c1ccccc1,ClCCl,2.9666533,val
18311,O=C1CC(c2cc(O)cc(O)c2)Oc2cc(O)cc(O)c21,CO,3.6377304,val
18316,O=C1CC(c2ccc([N+](=O)[O-])cc2)c2c(c3ccccc3c3nc4ccccc4nc23)O1,ClC(Cl)Cl,3.1045265,val
18323,O=C1CC(c2ccccc2)c2c(c3ccccc3c3nc4ccccc4nc23)O1,ClC(Cl)Cl,2.9153612,val
18325,O=C1CCC(=O)c2c1c1ccccc1c1nc3ccc4cnncc4c3nc21,CN(C)C=O,2.897933,val
18328,O=C1CCCC2=C1C(c1ccccc1)c1c(c3ccccc3oc1=O)N2,CS(C)=O,3.3413386,val
18333,O=C1CCCC2=C1CC1=C(CCCC1=O)N2NC(=O)c1ccc(O)cc1,ClC(Cl)Cl,3.3106763,val
18336,O=C1CCCC2=C1CC1=C(CCCC1=O)N2NC(=O)c1ccccc1,CC#N,3.3660524,val
18347,O=C1CCCc2c1[nH]c1cc3c(cc21)OCO3,CCOC(C)=O,3.722454,val
18354,O=C1Cc2cc3c(cc2CCCc2ccc(cc2)CCC3)CC(=O)Cc2ccc(c3nsnc23)C1,CC#N,3.0867615,val
18357,O=C1Cc2ccc(cc2)CC(=O)Cc2ccc(c3nsnc23)C1,CC#N,3.2277856,val
18364,O=C1NC(=O)/C(=C\c2ccc(-c3ccc(-c4ccc(N(c5ccccc5)c5ccccc5)cc4)c4nsnc34)s2)N1,ClC(Cl)Cl,2.3941407,val
18371,O=C1NC(=O)/C(=C\c2ccccc2O)S1,OCC(O)CO,3.5441008,val
18375,O=C1NC(=O)C(c2c[nH]c3ccccc23)=C1c1c[nH]c2ccccc12,CCCCOCCCC,2.7536952,val
18376,O=C1NC(=O)C(c2c[nH]c3ccccc23)=C1c1c[nH]c2ccccc12,CCOC(C)=O,2.7594178,val
18380,O=C1NC(=O)[C@H]([C@H]2C[C@H](O)[C@@H](CO)O2)C=C1C#Cc1ccc2c(c1)C(=O)c1ccccc1-2,O,3.3740835,val
18386,O=C1NC(=O)c2c1c1c3ccccc3[nH]c1c1[nH]c3ccccc3c21,CC(C)OC(C)C,3.1014426,val
18391,O=C1NC(=O)c2ccc(N3CCOCC3)c3cccc1c23,ClC(Cl)Cl,3.115275,val
18393,O=C1NC(=O)c2ccc3c4ccc5c6c(ccc(c7ccc1c2c73)c64)C(=O)N(c1ccc(O)cc1)C5=O,CN(C)C=O,2.311566,val
18394,O=C1NC(c2ccc(C=Cc3ccccc3)cc2)=C2C(=O)NC(c3ccc(C=Cc4ccccc4)cc3)=C12,ClCCl,2.4180963,val
18395,O=C1NC(c2ccc(Cl)cc2)=C2C(=O)OC(c3ccc(Cl)cc3)=C12,CS(C)=O,2.5403814,val
18396,O=C1NC(c2ccccc2)=C/C1=C\c1ccccc1,C1COCCO1,2.8799431,val
18419,O=C1Nc2ccccc2/C1=C/C(=O)c1ccc(Cl)cc1Cl,CC#N,3.7044888,val
18421,O=C1Nc2ccccc2/C1=C/C(=O)c1ccc(Cl)cc1Cl,CC(C)O,3.6924157,val
18422,O=C1Nc2ccccc2/C1=C/C(=O)c1ccc(Cl)cc1Cl,CCCCCC,3.7110982,val
18424,O=C1Nc2ccccc2/C1=C/C(=O)c1ccc(Cl)cc1Cl,CCOC(C)=O,3.703479,val
18425,O=C1Nc2ccccc2/C1=C/C(=O)c1ccc(Cl)cc1Cl,CN(C)C=O,3.6624022,val
18426,O=C1Nc2ccccc2/C1=C/C(=O)c1ccc(Cl)cc1Cl,CO,3.7022061,val
18435,O=C1Nc2ccccc2/C1=C/C(=O)c1ccc(O)cc1,CCCCO,3.7423043,val
18462,O=C1Nc2ccccc2C1=Cc1ccc(-c2ccccc2)cc1,CS(C)=O,3.4652908,val
18467,O=C1OC(=O)c2cc(Oc3ccccc3)c3c4ccc5c6c(cc(Oc7ccccc7)c(c7ccc1c2c73)c64)C(=O)OC5=O,C1CCOC1,2.2168014,val
18470,O=C1OC(=O)c2ccc(N(c3ccccc3)c3c4ccccc4cc4ccccc34)c3cccc1c23,C1CCOC1,2.7267647,val
18484,O=C1OC(=O)c2ccc3c4cccc5cccc(c6ccc1c2c63)c54,ClC(Cl)Cl,2.5714855,val
18490,O=C1OC(c2ccccc2)=N/C1=C\c1ccc(N(c2ccc(/C=C3\N=C(c4ccccc4)OC3=O)cc2)c2ccc(/C=C3/N=C(c4ccccc4)OC3=O)cc2)cc1,C1COCCO1,2.5386765,val
18491,O=C1OC(c2ccccc2)=N/C1=C\c1ccc(N(c2ccc(/C=C3\N=C(c4ccccc4)OC3=O)cc2)c2ccc(/C=C3/N=C(c4ccccc4)OC3=O)cc2)cc1,CC#N,2.5523067,val
18497,O=C1OC(c2ccccc2)=N/C1=C\c1ccc(N(c2ccc(/C=C3\N=C(c4ccccc4)OC3=O)cc2)c2ccc(/C=C3/N=C(c4ccccc4)OC3=O)cc2)cc1,CCCCCCC,2.550994,val
18498,O=C1OC(c2ccccc2)=N/C1=C\c1ccc(N(c2ccc(/C=C3\N=C(c4ccccc4)OC3=O)cc2)c2ccc(/C=C3/N=C(c4ccccc4)OC3=O)cc2)cc1,CCCCOCCCC,2.5483065,val
18501,O=C1OC(c2ccccc2)=N/C1=C\c1ccc(N(c2ccc(/C=C3\N=C(c4ccccc4)OC3=O)cc2)c2ccc(/C=C3/N=C(c4ccccc4)OC3=O)cc2)cc1,CN(C)C=O,2.5472648,val
18503,O=C1OC(c2ccccc2)=N/C1=C\c1ccc(N(c2ccc(/C=C3\N=C(c4ccccc4)OC3=O)cc2)c2ccc(/C=C3/N=C(c4ccccc4)OC3=O)cc2)cc1,Cc1ccccc1,2.5198522,val
18507,O=C1OC(c2ccccc2)=N/C1=C\c1ccc(N(c2ccccc2)c2ccccc2)cc1,C1COCCO1,2.6455166,val
18508,O=C1OC(c2ccccc2)=N/C1=C\c1ccc(N(c2ccccc2)c2ccccc2)cc1,CC#N,2.676972,val
18509,O=C1OC(c2ccccc2)=N/C1=C\c1ccc(N(c2ccccc2)c2ccccc2)cc1,CC(C)=O,2.6993926,val
18522,O=C1OC(c2ccccc2)=N/C1=C\c1ccccc1,C1COCCO1,3.4014292,val
18528,O=C1OCC2=C1C(c1ccccc1)c1cc3c(cc1N2CCO)CCC3,C1CCCCC1,3.9082987,val
18529,O=C1OCC2=C1C(c1ccccc1)c1cc3c(cc1N2CCO)CCC3,C1CCOC1,3.8988948,val
18536,O=C1OCC2=C1C(c1ccccc1)c1cc3c(cc1N2CCO)CCC3,CCCCO,3.9097018,val
18539,O=C1OCC2=C1C(c1ccccc1)c1cc3c(cc1N2CCO)CCC3,ClC(Cl)Cl,3.847045,val
18544,O=C1O[B-]2(OC1=O)OC(c1ccccc1)=CC(c1ccc3ccccc3c1)=[O+]2,CC#N,3.0262897,val
18550,O=C1[C@H]2[C@H]3C=C[C@H](C3)[C@H]2C(=O)N1c1ccc2cc3ccccc3cc2c1,ClC(Cl)Cl,3.0469317,val
18554,O=C1c2cc(-n3c4ccccc4c4ccccc43)ccc2S(=O)(=O)c2ccc(-n3c4ccccc4c4ccccc43)cc21,C1CCOC1,3.0445323,val
18558,O=C1c2cc(-n3c4ccccc4c4ccccc43)ccc2S(=O)(=O)c2ccc(-n3c4ccccc4c4ccccc43)cc21,ClCCl,3.03513,val
18562,O=C1c2cc3ccccc3cc2C2=Nc3cccc[n+]3[B-](F)(F)N12,ClCCl,3.0732727,val
18565,O=C1c2ccc(N(c3ccc(-c4ccccc4)cc3)c3ccc(-c4ccccc4)cc3)cc2C(=O)c2ccc(N(c3ccc(-c4ccccc4)cc3)c3ccc(-c4ccccc4)cc3)cc21,Cc1ccccc1,2.632378,val
18569,O=C1c2ccc3c4c(Oc5ccccc5)cc5c6c(ccc(c7c(Oc8ccccc8)cc(c2c37)C(=O)N1c1ccc(O)cc1)c64)C(=O)N(c1ccc(O)cc1)C5=O,C1CCOC1,2.1465902,val
18573,O=C1c2ccc3c4ccc5c6c(ccc(c7ccc(c2c37)C(=O)N1c1ccc(O)cc1)c64)C(=O)N(c1ccc(O)cc1)C5=O,C1CCOC1,2.2562065,val
18574,O=C1c2ccc3c4ccc5c6c(ccc(c7ccc(c2c37)C(=O)N1c1ccc(O)cc1)c64)C(=O)N(c1ccc(O)cc1)C5=O,CN(C)C=O,2.2352724,val
18586,O=C1c2ccc3c4ccc5c6c(ccc(c7ccc(c2c37)C(=O)N1c1ccncc1)c64)C(=O)N(c1ccncc1)C5=O,ClC(Cl)Cl,2.3461921,val
18605,O=C1c2ccccc2-c2c(-c3cc(Cl)ccc3O)[nH]c(=O)n21,CC#N,3.1890676,val
18627,O=C1c2ccccc2-c2ccc(N3CCN(c4ccccc4)CC3)c3cccc1c23,CC1COC(=O)O1,2.7761667,val
18631,O=C1c2ccccc2-c2ccc(N3CCN(c4ccccc4)CC3)c3cccc1c23,CCCO,2.7974663,val
18633,O=C1c2ccccc2-c2ccc(N3CCN(c4ccccc4)CC3)c3cccc1c23,CCOC(C)=O,2.791826,val
18640,O=C1c2ccccc2-c2ccc(N3CCOCC3)c3cccc1c23,CCCCCC,2.8388731,val
18648,O=C1c2ccccc2-c2ccc(N3CCOCC3)c3cccc1c23,ClCCl,2.7415133,val
18649,O=C1c2ccccc2-c2ccc(N3CCOCC3)c3cccc1c23,c1ccccc1,2.7738743,val
18650,O=C1c2ccccc2-c2ccc(NCCCl)c3cccc1c23,c1ccccc1,2.5286615,val
18651,O=C1c2ccccc2-c2ccc(Nc3nc(Cl)nc(Cl)n3)c3cccc1c23,CCOC(C)=O,3.0309694,val
18656,O=C1c2ccccc2-c2ccccc21,CC#N,3.309508,val
18658,O=C1c2ccccc2-c2ccccc21,c1ccccc1,3.2119331,val
18667,O=C1c2ccccc2C(=O)N1c1ccc(Cn2cncn2)cc1,CC#N,4.2520304,val
18670,O=C1c2ccccc2C(=O)N1c1ccc(Cn2cncn2)cc1,CN(C)C=O,4.215087,val
18672,O=C1c2ccccc2C(=O)N1c1ccc(Cn2cncn2)cc1,CS(C)=O,4.26685,val
18675,O=C1c2ccccc2C(=O)c2c(NCCNc3nc(Cl)nc(Cl)n3)cccc21,ClCCl,2.7427685,val
18686,O=C1c2ccccc2C2=Cc3cc4c(cc3B(O)N12)OCO4,CS(C)=O,3.1529462,val
18687,O=C1c2ccccc2C2=Cc3cc4c(cc3B(O)N12)OCO4,ClC(Cl)Cl,3.171254,val
18693,O=C1c2ccccc2C2=Cc3ccccc3B(O)N12,CC#N,3.3604705,val
18695,O=C1c2ccccc2C2=Cc3ccccc3B(O)N12,CS(C)=O,3.3579092,val
18696,O=C1c2ccccc2C2=Cc3ccccc3B(O)N12,ClC(Cl)Cl,3.3436768,val
18697,O=C1c2ccccc2C2=Nc3ccc4ccccc4[n+]3[B-](F)(F)N12,ClCCl,3.0790224,val
18701,O=C1c2ccccc2NC(c2ccccc2)N1Cc1ccccc1,CCCCCCCCCCCCCCCC,3.649153,val
18707,O=C1c2ccccc2NCN1Cc1ccccc1,CO,3.813096,val
18717,O=C1c2cccn2[B-](F)(F)[n+]2ccccc21,C1COCCO1,3.3067377,val
18719,O=C1c2cccn2[B-](F)(F)[n+]2ccccc21,CCOCC,3.3011386,val
18722,O=C1c2cccn2[B-](F)(F)[n+]2ccccc21,Cc1ccccc1,3.269635,val
18724,O=C1c2cccn2[B-](F)(F)[n+]2ccccc21,ClCCl,3.3109663,val
18732,O=CC1=Cc2c(-c3ccccc3)oc(-c3ccccc3)c2C=C(C=O)C1,CN(C)C=O,3.4917305,val
18745,O=Cc1c(O)c(-c2nc3ccccc3s2)cc2ccccc12,CCOC(C)=O,3.5345228,val
18748,O=Cc1c(O)c(-c2nc3ccccc3s2)cc2ccccc12,Cc1ccccc1,3.4955964,val
18752,O=Cc1c2c(cc3ccc(N4CCCC4)cc13)CCC2,ClCCl,3.1255941,val
18754,O=Cc1c2cc(OCc3ccccc3)ccc2n2c(-c3ccccc3)c(-c3ccccc3)c(-c3ccccc3)c(-c3ccccc3)c12,CS(C)=O,2.9125166,val
18755,O=Cc1c2ccccc2n2c(-c3ccccc3)c(-c3ccccc3)c(-c3ccccc3)c(-c3ccccc3)c12,CC#N,3.0473654,val
18768,O=Cc1cc(C=O)c2ccc3c(N4CCCCC4)cc(N4CCCCC4)c4ccc1c2c43,CCOC(C)=O,2.5126116,val
18771,O=Cc1cc(C=O)c2ccc3c(N4CCCCC4)cc(N4CCCCC4)c4ccc1c2c43,Cc1ccccc1,2.4576666,val
18772,O=Cc1cc(C=O)c2ccc3c(N4CCCCC4)cc(N4CCCCC4)c4ccc1c2c43,ClCCl,2.4621434,val
18781,O=Cc1cc(N2CCCCC2)c2ccc3c(C=O)cc(N4CCCCC4)c4ccc1c2c34,Cc1ccccc1,2.5367546,val
18782,O=Cc1cc(N2CCCCC2)c2ccc3c(C=O)cc(N4CCCCC4)c4ccc1c2c34,ClCCl,2.5256963,val
18797,O=Cc1cc(N2CCCCC2)c2ccc3c(N4CCCCC4)cc(N4CCCCC4)c4ccc1c2c43,CCO,2.6012416,val
18801,O=Cc1cc(N2CCCCC2)c2ccc3c(N4CCCCC4)cc(N4CCCCC4)c4ccc1c2c43,Cc1ccccc1,2.5434,val
18805,O=Cc1cc(O)c(C=O)cc1O,CC#N,3.1071444,val
18806,O=Cc1cc(O)c(C=O)cc1O,CC(C)=O,3.0869513,val
18811,O=Cc1cc(O)c(C=O)cc1O,CNC=O,3.0874815,val
18813,O=Cc1cc(O)c(C=O)cc1O,CS(C)=O,3.114187,val
18816,O=Cc1cc(O)ccc1O,C1COCCO1,3.4458666,val
18818,O=Cc1cc(O)ccc1O,CC(C)=O,3.429409,val
18822,O=Cc1cc(O)ccc1O,CN(C)P(=O)(N(C)C)N(C)C,3.3928797,val
18824,O=Cc1cc(O)ccc1O,CO,3.4412696,val
18841,O=Cc1ccc(-c2ccc(N3CCCCC3)c3ccccc23)c2ccccc12,CCCCCC,3.6235406,val
18844,O=Cc1ccc(-c2ccc(N3CCCCC3)c3ccccc23)c2ccccc12,Cc1ccccc1,3.5846946,val
18846,O=Cc1ccc(-c2ccc(O)c(-c3nc4ccccc4s3)c2)o1,CCO,3.3906898,val
18850,O=Cc1ccc(-c2cccs2)s1,CC#N,3.532945,val
18869,O=Cc1ccc(C2=C3C=c4c(oc5ccccc45)=[N+]3[B-](F)(F)n3c2cc2c4ccccc4oc23)cc1,CCOC(C)=O,2.154996,val
18872,O=Cc1ccc(C2=C3C=c4c(oc5ccccc45)=[N+]3[B-](F)(F)n3c2cc2c4ccccc4oc23)cc1,Cc1ccccc1,2.1592677,val
18876,O=Cc1ccc(N(c2ccc(C=O)cc2)c2ccc(-c3ccc4c(c3)C(=O)c3ccccc3C4=O)cc2)cc1,C1CCOC1,3.031778,val
18880,O=Cc1ccc(N(c2ccc(C=O)cc2)c2ccc(-c3ccc4c(c3)C(=O)c3ccccc3C4=O)cc2)cc1,Cc1ccccc1,3.0341458,val
18885,O=Cc1ccc2c(c1)Sc1ccccc1N2,ClCCl,3.2627385,val
18886,O=Cc1ccc2c(c1)c1ccccc1n2-c1cc2ccccc2c2ccccc12,CC#N,3.7009335,val
18895,O=Cc1ccc2ccc3cccc4ccc1c2c34,CCO,3.166362,val
18896,O=Cc1ccc2ccc3cccc4ccc1c2c34,CO,3.1683583,val
18897,O=Cc1ccc2ccc3cccc4ccc1c2c34,CS(C)=O,3.143643,val
18912,O=P(c1ccccc1)(c1ccccc1)c1ccc(-c2nc3ccccc3n2-c2cccc(P(=O)(c3ccccc3)c3ccccc3)c2)cc1,ClCCl,3.8959417,val
18917,O=P(c1ccccc1)(c1ccccc1)c1cccc(-n2c(-c3ccccc3P(=O)(c3ccccc3)c3ccccc3)nc3ccccc32)c1,ClCCl,4.12455,val
18920,O=P(c1ccccc1)(c1ccccc1)n1c2ccccc2c2cc(-n3c4ccccc4c4ccccc43)ccc21,C1CCOC1,3.774983,val
18924,O=P1(c2ccccc2)C(c2cc(C(F)(F)F)cc(C(F)(F)F)c2)=Cc2c3ccc4cccc5ccc(c6cc(-c7ccc(N(c8ccccc8)c8ccccc8)cc7)n1c26)c3c45,C1COCCO1,2.8721852,val
18925,O=P1(c2ccccc2)C(c2cc(C(F)(F)F)cc(C(F)(F)F)c2)=Cc2c3ccc4cccc5ccc(c6cc(-c7ccc(N(c8ccccc8)c8ccccc8)cc7)n1c26)c3c45,CC#N,2.8969588,val
18928,O=P1(c2ccccc2)C(c2cc(C(F)(F)F)cc(C(F)(F)F)c2)=Cc2c3ccc4cccc5ccc(c6cc(-c7ccc(N(c8ccccc8)c8ccccc8)cc7)n1c26)c3c45,Cc1ccccc1,2.9023793,val
18931,O=P1(c2ccccc2)C(c2cc(C(F)(F)F)cc(C(F)(F)F)c2)=Cc2c3ccc4cccc5ccc(c6cc(-c7ccccc7)n1c26)c3c45,CO,3.0513563,val
18935,O=P1(c2ccccc2)C(c2ccc(N(c3ccccc3)c3ccccc3)cc2)=Cc2cc3ccccc3cc21,C1CCOC1,2.8644536,val
18936,O=P1(c2ccccc2)C(c2ccc(N(c3ccccc3)c3ccccc3)cc2)=Cc2cc3ccccc3cc21,CC#N,2.879093,val
18937,O=P1(c2ccccc2)C(c2ccc(N(c3ccccc3)c3ccccc3)cc2)=Cc2cc3ccccc3cc21,Cc1ccccc1,2.8692791,val
18943,O=P1(c2ccccc2)C(c2ccc(N(c3ccccc3)c3ccccc3)cc2)=Cc2ccccc21,Cc1ccccc1,3.024783,val
18949,O=P1(c2ccccc2)C(c2cccs2)=C(c2cccs2)c2ccccc21,C1CCOC1,3.2009537,val
18952,O=P1(c2ccccc2)C2=C(c3ccccc31)C(c1ccccc1)(c1ccccc1)c1cc(N(c3ccccc3)c3ccccc3)ccc12,CC#N,2.8594441,val
18958,O=P1(c2ccccc2)C2=C(c3ccccc31)S(=O)(=O)c1ccccc12,ClCCl,3.233372,val
18964,O=P1(c2ccccc2)c2ccc(N3c4ccccc4Oc4ccccc43)cc2-c2cc(N3c4ccccc4Oc4ccccc43)ccc21,Cc1ccccc1,2.9919715,val
18968,O=P1(c2ccccc2)c2cccc3c4ccccc4c4ccc1n4c23,ClCCl,3.3248928,val
18981,O=S(=O)(/N=c1\oc2cccc3c4c(-c5ccccc5)oc5cccc(c(c1-c1ccccc1)c23)c54)C(F)(F)F,ClC(Cl)Cl,2.642924,val
18988,O=S(=O)(c1ccc(-c2ccc(-c3nc4c5ccccc5c5ccccc5c4n3-c3ccccc3)cc2)cc1)c1ccc(-c2ccc(-c3nc4c5ccccc5c5ccccc5c4n3-c3ccccc3)cc2)cc1,CCCCCC,3.5279114,val
18989,O=S(=O)(c1ccc(-c2ccc(-c3nc4c5ccccc5c5ccccc5c4n3-c3ccccc3)cc2)cc1)c1ccc(-c2ccc(-c3nc4c5ccccc5c5ccccc5c4n3-c3ccccc3)cc2)cc1,CCN(CC)CC,3.5266628,val
18992,O=S(=O)(c1ccc(-c2ccc(-n3c4ccccc4c4ccccc43)cc2)cc1)c1ccc(-c2ccc(-n3c4ccccc4c4ccccc43)cc2)cc1,Cc1ccccc1,3.6606367,val
19002,O=S(=O)(c1cccc(N2c3ccccc3Oc3ccccc32)c1)c1cccc(N2c3ccccc3Oc3ccccc32)c1,C1CCOC1,3.9462788,val
19006,O=S(=O)(c1cccc(N2c3ccccc3Sc3ccccc32)c1)c1cccc(N2c3ccccc3Sc3ccccc32)c1,Cc1ccccc1,4.159942,val
19024,O=S1(=O)C2=C(c3ccc(-c4ccc(N(c5ccccc5)c5ccccc5)cc4)cc31)C1(C3=C(c4ccccc41)S(=O)(=O)c1cc(-c4ccc(N(c5ccccc5)c5ccccc5)cc4)ccc13)c1ccccc12,ClCCl,2.8595169,val
19025,O=S1(=O)C2=C(c3ccc(N(c4ccccc4)c4ccccc4)cc31)C1(C3=C(c4ccccc41)S(=O)(=O)c1cc(N(c4ccccc4)c4ccccc4)ccc13)c1ccccc12,C1CCOC1,2.7854784,val
19033,O=S1(=O)c2cc(-n3c4ccccc4c4ccccc43)ccc2-c2ccc(-n3c4ccccc4c4ccccc43)cc21,ClC(Cl)Cl,3.3777802,val
19039,O=S1(=O)c2ccccc2-c2c1c1ccccc1p2-c1ccccc1,ClCCl,3.4701967,val
19057,O=[N+]([O-])c1cc2c(c([N+](=O)[O-])c1)-c1c(cc([N+](=O)[O-])cc1[N+](=O)[O-])C2=CC=c1c2cccc3cccc(c32)n1Cc1ccccc1,Cc1ccccc1,1.856384,val
19059,O=[N+]([O-])c1cc[nH]c1,O,4.3155007,val
19064,O=[N+]([O-])c1ccc(-c2ccc(/C=C/N(c3ccccc3)c3ccccc3)cc2)cc1,Cc1ccccc1,3.1003382,val
19066,O=[N+]([O-])c1ccc(-c2cnc3cc(O)c(-c4nc5ccccc5[nH]4)cc3c2)cc1,CCO,3.5314517,val
19089,O=[N+]([O-])c1ccc(-c2sc(N(c3ccccc3)c3ccccc3)nc2-c2ccccc2)s1,CCCCCC,2.7326913,val
19091,O=[N+]([O-])c1ccc(-c2sc(N(c3ccccc3)c3ccccc3)nc2-c2ccccc2)s1,Cc1ccccc1,2.707489,val
19098,O=[N+]([O-])c1ccc(-c2sc(N(c3ccccc3)c3ccccc3)nc2-c2cccs2)s1,ClCCl,2.662204,val
19102,O=[N+]([O-])c1ccc(-c2sc(N3CCCCC3)nc2-c2ccccc2)o1,CS(C)=O,2.6183848,val
19106,O=[N+]([O-])c1ccc(-c2sc(N3CCCCC3)nc2-c2ccccc2)s1,CCCCCC,2.6021118,val
19108,O=[N+]([O-])c1ccc(-c2sc(N3CCCCC3)nc2-c2ccccc2)s1,Cc1ccccc1,2.5382824,val
19110,O=[N+]([O-])c1ccc(-c2sc(N3CCOCC3)nc2-c2ccccc2)o1,CC#N,2.8003914,val
19113,O=[N+]([O-])c1ccc(-c2sc(N3CCOCC3)nc2-c2ccccc2)o1,Cc1ccccc1,2.7548015,val
19118,O=[N+]([O-])c1ccc(-c2sc(N3CCOCC3)nc2-c2ccccc2)s1,Cc1ccccc1,2.6628604,val
19119,O=[N+]([O-])c1ccc(-c2sc(N3CCOCC3)nc2-c2ccco2)s1,C1CCOC1,2.6876907,val
19121,O=[N+]([O-])c1ccc(-c2sc(N3CCOCC3)nc2-c2ccco2)s1,CCCCCC,2.7163582,val
19123,O=[N+]([O-])c1ccc(-c2sc(N3CCOCC3)nc2-c2ccco2)s1,Cc1ccccc1,2.6985188,val
19124,O=[N+]([O-])c1ccc(-c2sc(N3CCOCC3)nc2-c2ccco2)s1,ClCCl,2.6559563,val
19133,O=[N+]([O-])c1ccc(/C=C/C=C/c2ccccc2)cc1,CCCCCCC,3.3719168,val
19143,O=[N+]([O-])c1ccc(/C=C/N(c2ccccc2)c2ccccc2)cc1,CO,2.8640838,val
19145,O=[N+]([O-])c1ccc(/C=C/N(c2ccccc2)c2ccccc2)cc1,CS(C)=O,2.8399112,val
19153,O=[N+]([O-])c1ccc(/C=C/c2c[nH]c3ccccc23)cc1,CO,3.1834722,val
19155,O=[N+]([O-])c1ccc(/C=C/c2ccc(-c3cc4ccccc4s3)s2)cc1,C1CCCCC1,3.01012,val
19161,O=[N+]([O-])c1ccc(/C=C/c2ccc(-c3cc4ccccc4s3)s2)cc1,CS(C)=O,2.9865172,val
19187,O=[N+]([O-])c1ccc(F)cc1C1CC(c2cccc3ccccc23)=NN1c1ccccc1,C1CCOC1,3.303576,val
19190,O=[N+]([O-])c1ccc(F)cc1C1CC(c2cccc3ccccc23)=NN1c1ccccc1,CC(C)O,3.3009872,val
19196,O=[N+]([O-])c1ccc(F)cc1C1CC(c2cccc3ccccc23)=NN1c1ccccc1,O,3.278946,val
19198,O=[N+]([O-])c1ccc(N=Nc2c(-c3ccccc3)[nH]c3ccccc23)cc1,CO,2.8606617,val
19211,O=[N+]([O-])c1ccc(NCCNCc2c3ccccc3cc3ccccc23)c([N+](=O)[O-])c1,CC#N,3.3918655,val
19230,O=[N+]([O-])c1ccc([N+]2=CC3=C(O[B-]2(F)F)c2ccccc2SC3)cc1,ClCCl,2.8944745,val
19239,O=[N+]([O-])c1ccc2c(c1)-c1c3c(c4c([n+]1[B-](F)(F)O2)CCc1ccccc1-4)CCc1ccccc1-3,ClCCl,3.5107262,val
19244,O=[N+]([O-])c1ccc2nc(N=Nc3ccc(Cl)cc3)sc2c1,CO,3.513203,val
19252,O=[N+]([O-])c1cccc(/C=C/N(c2ccccc2)c2ccccc2)c1,Cc1ccccc1,3.3344646,val
19253,O=[N+]([O-])c1cccc(C=NNC(=Cc2ccc3ccccc3n2)c2ccccc2)c1,CCO,2.9254124,val
19262,O=[N+]([O-])c1ccccc1COc1ccccc1/C=N/N=C/c1ccccc1OCc1ccccc1[N+](=O)[O-],C1CCOC1,3.6860914,val
19282,O=c1[nH]c(=O)n([C@@H]2O[C@H](CO)[C@@H](O)[C@H]2O)c2ccsc12,CCOC(C)=O,4.2827697,val
19289,O=c1[nH]c(=O)n([C@H]2C[C@H](O)[C@@H](CO)O2)cc1-c1ccco1,CCOC(C)=O,4.3250427,val
19292,O=c1[nH]c2ccccc2[nH]1,C1CCOC1,4.3515844,val
19294,O=c1[nH]c2ccccc2[nH]1,CC(C)=O,4.3297644,val
19300,O=c1[nH]c2ccccc2[nH]1,CCO,4.356252,val
19303,O=c1c(-c2ccc(Cl)cc2)coc2cc(O)ccc12,O,3.9326012,val
19305,O=c1c(-c2ccc(O)cc2)coc2cc(O)cc(O)c12,CCO,3.8552337,val
19306,O=c1c(-c2ccc(O)cc2)coc2cc(O)ccc12,O,3.9236674,val
19308,O=c1c(-c2cccc(O)c2)coc2cc(O)ccc12,O,3.905677,val
19309,O=c1c(-c2cccc3ccccc23)coc2cc(O)ccc12,O,3.9921718,val
19312,O=c1c(=O)c2cccc3c2-c2c1cccc2c(=O)c3=O,CN(C)C=O,3.111467,val
19314,O=c1c(CCc2ccccc2)coc2cc(O)ccc12,O,3.745727,val
19320,O=c1c(Nc2ccccc2)c([O-])c1=[NH+]c1ccccc1,CCO,3.2029421,val
19321,O=c1c(Nc2ccccc2)c([O-])c1=[NH+]c1ccccc1,CCOCC,3.2377717,val
19323,O=c1c(Nc2ccccc2)c([O-])c1=[NH+]c1ccccc1,CO,3.2095742,val
19338,O=c1c2cc(F)c(N3CCOCC3)cc2oc2cc(N3CCOCC3)c(F)cc12,CCO,3.5195525,val
19352,O=c1c2ccc(N3CCCCC3)cc2oc2cc(N3CCCCC3)ccc12,CO,3.281962,val
19360,O=c1c2ccccc2[nH]c2ccccc12,O,2.9846392,val
19362,O=c1c2ccccc2c2c3c(cccc13)c(-c1ccccc1)c1c3cccc4cccc(c43)c12,CC#N,2.6229763,val
19376,O=c1c2ccccc2n2c3ccccc3c(=O)c3cc(-c4ccccc4)cc1c32,CCOC(C)=O,2.8783937,val
19378,O=c1c2ccccc2n2c3ccccc3c(=O)c3cc(-c4ccccc4)cc1c32,Cc1ccccc1,2.8475652,val
19381,O=c1c2ccccc2nc2ccc(-c3ccc(N(c4ccccc4)c4ccccc4)cc3)cn12,ClCCl,3.2391448,val
19387,O=c1c2ccccc2sc2ccc(-n3c4ccccc4c4ccccc43)cc12,CCCCCC,3.2693894,val
19390,O=c1c2ccccc2sc2ccc(-n3c4ccccc4c4ccccc43)cc12,ClCCl,3.2318501,val
19400,O=c1cc(C(F)(F)F)c2cc3c4c(c2o1)CCCN4CCC3,C1CCCCC1,3.0835543,val
19410,O=c1cc[nH]c(=O)[nH]1,CC#N,4.911887,val
19412,O=c1ccc(-c2cccc(Cl)c2)nn1-c1cccs1,CS(C)=O,3.983374,val
19414,O=c1ccc(-c2cccc(Cl)c2)nn1-c1cnc2ccccc2c1,CS(C)=O,3.5879564,val
19416,O=c1ccc(-c2ccccc2)nn1-c1nc2ccccc2s1,CS(C)=O,3.647716,val
19425,O=c1ccc2cc3ccoc3cc2o1,CO,4.1723523,val
19426,O=c1ccc2cc3ccoc3cc2o1,O,4.1373777,val
19428,O=c1ccc2ccccc2o1,O,4.2117395,val
19429,O=c1cccc2n1C[C@@H]1CNC[C@H]2C1,CC#N,4.2306404,val
19434,O=c1nc(-c2ccccc2)c2c(=O)nc(-c3ccccc3)c1=2,CCO,2.3284054,val
19437,O=c1oc2c(ccc3ccccc32)nc1-c1ccccc1,CC#N,3.3373477,val
19438,O=c1oc2c(ccc3ccccc32)nc1-c1ccccc1,CCCCCC,3.313633,val
19443,O=c1oc2cc3ccccc3cc2nc1-c1ccccc1,CC#N,3.3834975,val
19447,O=c1oc2ccc(Cl)cc2cc1-c1cc2cc(Cl)ccc2o1,CC#N,3.433908,val
19454,O=c1oc2ccc3ccccc3c2nc1-c1ccccc1,CC#N,3.2283318,val
19457,O=c1oc2ccc3ccccc3c2nc1-c1ccccc1,c1ccccc1,3.1837647,val
19458,O=c1oc2cccc3c4cccc5ccc6c7cc(F)ccc7c1c(c23)c6c54,C1CCOC1,2.9797893,val
19467,O=c1oc2ccccc2c2c1c(=O)oc1cc(O)cc(O)c12,CS(C)=O,3.0060785,val
19478,O=c1oc2ccccc2cc1-c1cc2ccccc2o1,O,3.407281,val
19481,O=c1oc2ccccc2cc1-c1ccc(-c2cc3ccccc3oc2=O)cc1,CCOC(C)=O,3.655055,val
19486,O=c1oc2ccccc2cc1-c1ccc([N+](=O)[O-])cc1,C1CCOC1,3.6580575,val
19487,O=c1oc2ccccc2cc1-c1ccc([N+](=O)[O-])cc1,CC#N,3.6677818,val
19488,O=c1oc2ccccc2cc1-c1ccc([N+](=O)[O-])cc1,CS(C)=O,3.636559,val
19493,O=c1oc2ccccc2cc1-c1nc2ccccc2o1,C1COCCO1,3.5119448,val
19500,O=c1oc2ccccc2cc1-c1nc2ccccc2o1,CN(C)C=O,3.4606051,val
19513,OB(O)c1ccc(-c2ccc(N(c3ccccc3)c3ccccc3)cc2)cc1,C1CCOC1,3.7834501,val
19515,OB(O)c1ccc(-c2ccc(N(c3ccccc3)c3ccccc3)cc2)cc1,CCOCC,3.8091452,val
19518,OC1(c2ccc(-c3cccs3)s2)CCC(c2ccccc2)CC1,C1CCOC1,3.8935852,val
19519,OC1(c2ccc(-c3cccs3)s2)CCC(c2ccccc2)CC1,CC#N,3.9370403,val
19522,OC1(c2ccc(-c3cccs3)s2)CCC(c2ccccc2)CC1,c1ccncc1,3.825093,val
19539,OC1(c2ccc(-c3cccs3)s2)CCCCC1,c1ccncc1,3.7558002,val
19543,OCC1O[C@@H](Cc2cc(O)cc(/C=C/c3ccc(O)c(O)c3)c2)[C@H](O)[C@@H](O)[C@@H]1O,C1COCCO1,3.9370222,val
19544,OCC1O[C@@H](Cc2cc(O)cc(/C=C/c3ccc(O)c(O)c3)c2)[C@H](O)[C@@H](O)[C@@H]1O,CC#N,3.9150097,val
19557,OCCCCc1ccc2ccc3cccc4ccc1c2c34,CO,3.616168,val
19563,OCCSc1cccc2[n+]1[B-](F)(F)n1c(c3cccc4cccc1c43)=N2,C1CCOC1,2.5850294,val
19569,OCc1cc(/N=N/c2ccc(-c3c4ccccc4cc4ccccc34)cc2F)ccc1O,CS(C)=O,3.1025295,val
19571,OCc1cc(/N=N/c2ccc(-c3cccs3)cc2F)ccc1O,CS(C)=O,3.103789,val
19576,OCc1cc(/N=N\c2ccc(C#Cc3ccc4ccc5cccc6ccc3c4c56)cc2F)ccc1O,CS(C)=O,3.346856,val
19577,OCc1cc2c(cc3ccc4cccc5ccc2c3c45)[nH]1,CCOC(C)=O,3.3666914,val
19586,Oc1c(-c2ccco2)cccc1-c1nc2ccccc2s1,ClCCl,3.7204363,val
19594,Oc1cc(-c2ccco2)ccc1-c1nc2ccccc2s1,ClCCl,3.5015101,val
19616,Oc1ccc(/N=C/c2ccccc2Oc2ccccc2)cc1,CCCCOC(C)=O,3.6438034,val
19617,Oc1ccc(/N=C/c2ccccc2Oc2ccccc2)cc1,CCCO,3.6361387,val
19621,Oc1ccc(/N=C/c2ccccc2Oc2ccccc2)cc1,CO,3.6422715,val
19622,Oc1ccc(/N=C/c2ccccc2Oc2ccccc2)cc1,CS(C)=O,3.6054208,val
19626,Oc1ccc(/N=C/c2ccccc2Oc2ccccc2)cc1,N#Cc1ccccc1,3.54819,val
19631,Oc1ccc(C=Nc2ccccc2)cc1,CCO,4.2027073,val
19636,Oc1ccc(N=Nc2ccc(Cl)cc2)c2cccnc12,CS(C)=O,3.162952,val
19640,Oc1ccc(N=Nc2nc(-c3ccccc3)cs2)c2cccnc12,CS(C)=O,2.3924737,val
19643,Oc1ccc(N=Nc2nc3ccccc3s2)c2cccnc12,CS(C)=O,2.4151,val
19644,Oc1ccc(N=Nn2cc(S)nn2)c2cccnc12,CO,2.795274,val
19649,Oc1ccc2ccc3cccc4ccc1c2c34,C1COCCO1,3.307461,val
19654,Oc1ccc2ccc3cccc4ccc1c2c34,CN(C)P(=O)(N(C)C)N(C)C,3.266335,val
19660,Oc1ccc2ccccc2c1-c1nn(-c2ccccc2)nc1C1=CCCCC1,CO,3.7437723,val
19671,Oc1ccc2ncccc2c1,CC#N,3.5843256,val
19675,Oc1cccc(-c2nc(-c3ccccc3)c(-c3ccccc3)[nH]2)c1,CO,3.9698243,val
19676,Oc1cccc(/N=C/c2ccccc2Oc2ccccc2)c1,C1CCCCC1,3.785355,val
19684,Oc1cccc(/N=C/c2ccccc2Oc2ccccc2)c1,CCCCO,3.7949471,val
19685,Oc1cccc(/N=C/c2ccccc2Oc2ccccc2)c1,CCCCOC(C)=O,3.8010042,val
19690,Oc1cccc(/N=C/c2ccccc2Oc2ccccc2)c1,CN(C)C=O,3.738056,val
19701,Oc1cccc(O)c1-c1nc2ccccc2o1,O,3.7916427,val
19705,Oc1ccccc1,C1CCCCC1,4.181595,val
19710,Oc1ccccc1-c1nc2c(ccc3c4ccccc4ccc32)[nH]1,CS(C)=O,3.6058624,val
19715,Oc1ccccc1-c1nc2ccccc2s1,CCO,3.6595573,val
19718,Oc1ccccc1-c1sc(-c2ccc(Cl)cc2)nc1O,C1COCCO1,3.407102,val
19727,Oc1ccccc1/C=N/N=C/c1ccccc1O,CC(C)CCCC(C)CCCC(C)CCCCC(C)CCCC(C)CCCC(C)C,3.4811099,val
19733,Oc1ccccc1/C=N/N=C/c1ccccc1O,CCO,3.4612541,val
19743,Oc1ccccc1/C=N/c1ccc(Cn2cncn2)cc1,CC#N,4.2426085,val
19752,Oc1ccccc1/C=N/c1ccc(Cn2cncn2)cc1,CO,4.2538857,val
19756,Oc1ccccc1/C=N/c1ccccc1/N=C/c1ccccc1O,CC#N,3.5906658,val
19761,Oc1ccccc1/N=C/c1ccccc1Oc1ccccc1,CC(C)=O,3.484698,val
19762,Oc1ccccc1/N=C/c1ccccc1Oc1ccccc1,CC(C)CO,3.4966607,val
19767,Oc1ccccc1/N=C/c1ccccc1Oc1ccccc1,CCCCCCCO,3.5042868,val
19771,Oc1ccccc1/N=C/c1ccccc1Oc1ccccc1,CCCO,3.4959838,val
19774,Oc1ccccc1/N=C/c1ccccc1Oc1ccccc1,CN(C)C=O,3.452848,val
19798,S=P1(c2ccccc2)C(c2ccccc2)=Cc2cc3ccccc3cc21,ClCCl,3.2454822,val
19805,[2H]CC1=C(n2ccc(=O)[nH]c2=O)O[C@H](CO[Si](C)(C)C(C)(C)C)[C@H]1O[Si](C)(C)C(C)(C)C,CO,4.874889,val
19807,[BH3-][P+]1(c2ccccc2)c2ccccc2-c2sc3ccccc3c21,CC#N,3.8613055,val
19821,[C-]#[N+]c1ccc(-c2ccc(N(C)C)cc2)cc1,CCOC(C)=O,3.7580779,val
19823,[C-]#[N+]c1ccc(-c2ccc(N(C)C)cc2)cc1,CO,3.7434416,val
19824,[C-]#[N+]c1ccc(-c2ccc(N(C)C)cc2)cc1,CS(C)=O,3.660984,val
19826,[C-]#[N+]c1ccc(-c2ccc(N(C)C)cc2)cc1,ClC(Cl)Cl,3.7218506,val
19830,[C-]#[N+]c1ccc(-c2ccc(N)cc2)cc1,C1CCCCC1,3.9400752,val
19831,[C-]#[N+]c1ccc(-c2ccc(N)cc2)cc1,C1CCOC1,3.942289,val
19832,[C-]#[N+]c1ccc(-c2ccc(N)cc2)cc1,C1COCCO1,3.9473407,val
19835,[C-]#[N+]c1ccc(-c2ccc(N)cc2)cc1,CCCCCC,3.947973,val
19841,[C-]#[N+]c1ccc(-c2ccc(N)cc2)cc1,ClC(Cl)Cl,3.9507785,val
19842,[C-]#[N+]c1ccc(-c2ccc(N)cc2)cc1,ClCCl,3.9569805,val
19853,[C-]#[N+]c1ccc(-c2ccc(NC)cc2)cc1,Cc1ccccc1,3.7851157,val
19861,[C-]#[N+]c1cccc2c(N)cccc12,CC(C)O,3.441061,val
19873,[NH2+]=C1c2cccn2[B-](F)(F)n2cccc21,CO,3.0323787,val
19875,[NH3+]C(Cc1ccc(O)c(O)c1)C(=O)[O-],O,4.5598264,val
19876,[NH3+]C(Cc1ccc(O)cc1)C(=O)[O-],O,4.475969,val
19880,[O-][n+]1c(/C=C/c2cc3cccc4c5cccc6cccc(c(c2)c34)c65)nc(N2CCOCC2)c2c1CCCC2,ClCCl,2.721096,val
19881,[O-][n+]1c(/C=C/c2ccc(/C=C/c3ccccc3)cc2)nc(N2CCOCC2)c2c1CCCC2,ClCCl,3.107205,val
19887,[O-][n+]1ccc(-c2ccc(N(c3ccccc3)c3ccccc3)cc2)cc1,ClCCl,3.501039,val
20222,[O-]c1ccccc1-c1[nH+]c2c3ccccc3c3ccccc3c2n1-c1ccccc1,Cc1ccccc1,2.9994485,val
20225,c1cc(-c2c3ccccc3cc3ccccc23)cc(-c2c3ccccc3cc3ccccc23)c1,C1CCOC1,3.3652232,val
20226,c1cc(-c2cc3ccc4cc(-c5ccncc5)cc5ccc(c2)c3c45)ccn1,Cc1ccccc1,3.653801,val
20235,c1cc(N2CCCC2)ccn1,CCCCCCC,4.196336,val
20236,c1cc(N2CCCC2)ccn1,CCO,4.168617,val
20244,c1cc2c3c(c1)-c1ccc4c5c(ccc(c15)B3c1ccc3c5c(ccc-2c15)CC3)CC4,Cc1ccccc1,2.642787,val
20251,c1cc2c3c(cccc3c1)-c1c-2c2c3ccccc3c3ccc4c5c6c(c7c8ccccc8c8ccc9c%10c%11c(c%12c%13ccccc%13c%13ccc%14c1c1c2c3c4c2c1c1c%14c%13c%12c%10c1c1c9c8c7c5c21)-c1cccc2cccc-%11c12)-c1cccc2cccc-6c12,C1CCOC1,2.4043689,val
20254,c1cc2c3c(cccc3c1)-c1c-2ccc2ccc3ccccc3c12,CCCCCCC,3.0538886,val
20258,c1cc2c3c(cccc3c1)C(N1CCOCCOCCOCCOCC1)=N2,CC#N,2.9855473,val
20267,c1cc2cc(-c3ccncc3)c3cccc4cc(-c5ccncc5)c(c1)c2c43,Cc1ccccc1,3.4019866,val
20270,c1cc2cc(c1)c1cccc(c1)c1ccc3c(c1)c1cc(ccc1[C@]14OCCO[C@]31OCCO4)c1cccc(c1)c1cccc2c1,ClC(Cl)Cl,3.559611,val
20305,c1cc2ccc3ccc4cc3c2cc1CCCCCCc1ccc2ccc3ccc-4cc3c2c1,Cc1ccccc1,3.496729,val
20308,c1cc2ccc3ccc4cc3c2cc1c1ccc2ccc3ccc(cc3c2c1)c1ccc2ccc3ccc4cc3c2c1,Cc1ccccc1,3.2286043,val
20312,c1cc2ccc3cccc4ccc(c1)c2c34,CCO,3.6888154,val
20314,c1cc2ccc3cccc4ccc(c1)c2c34,CO,3.6907947,val
20319,c1cc2cccc3c4cccc5cccc(c(c1)c23)c54,ClC(Cl)Cl,2.7496414,val
20320,c1cc2cccc3c4cccc5cccc(c(c1)c23)c54,ClCCl,2.7493935,val
20322,c1cc2cnc3c4sccc4c(c1)n23,CO,2.98317,val
20327,c1ccc(-c2[nH]c3ccccc3c2N=Nc2nc3ccccc3s2)cc1,ClC(Cl)Cl,2.4504302,val
20329,c1ccc(-c2c3c(c(-c4ccccc4)c4c2-c2ccccc2C4)-c2ccccc2C3)cc1,C1CCCCC1,3.6674225,val
20330,c1ccc(-c2c3c(c(-c4ccccc4)c4cc5ccccc5cc24)Cc2c(c(-c4ccccc4)c4cc5ccccc5cc4c2-c2ccccc2)C3)cc1,CC#N,3.1964793,val
20331,c1ccc(-c2c3c(c(-c4ccccc4)c4cc5ccccc5cc24)Cc2c(c(-c4ccccc4)c4cc5ccccc5cc4c2-c2ccccc2)C3)cc1,CCCCCC,3.1893284,val
20339,c1ccc(-c2c3ccccc3c(-c3ccc4oc5ccc(-c6c7ccccc7c(-c7ccccc7)c7ccccc67)cc5c4c3)c3ccccc23)cc1,ClCCl,3.2420504,val
20340,c1ccc(-c2c3ccccc3c(-c3cccc(-c4c5ccccc5c(-c5ccccc5)c5ccccc45)n3)c3ccccc23)cc1,ClCCl,3.082253,val
20345,c1ccc(-c2c3ccccc3c(-c3ncccn3)c3ccccc23)cc1,CCO,3.2724748,val
20350,c1ccc(-c2cc(-c3ccc(-c4nc(-c5ccccn5)c(-c5ccccn5)[nH]4)cc3)cc(-c3ccccn3)n2)nc1,CC(C)=O,3.513248,val
20355,c1ccc(-c2cc(-c3ccc(-c4nc(-c5ccccn5)c(-c5ccccn5)[nH]4)cc3)cc(-c3ccccn3)n2)nc1,CS(C)=O,3.4975843,val
20368,c1ccc(-c2cc(-c3ccc4ccc5c(-c6ccnc(-c7ccccn7)c6)ccc6ccc3c4c65)ccn2)nc1,CC#N,3.5065637,val
20377,c1ccc(-c2cc(-c3ccc4ccc5cccc6ccc3c4c56)ccn2)nc1,CC#N,3.5601628,val
20381,c1ccc(-c2cc(-c3ccc4ccc5cccc6ccc3c4c56)ccn2)nc1,CCCO,3.5552998,val
20386,c1ccc(-c2cc(-c3ccccc3)cc(-c3ccc4c(c3)C3(c5ccccc5-4)c4ccccc4-c4c3c3c5ccccc5c(-c5cc(-c6ccccc6)cc(-c6ccccc6)c5)cc3c3ccccc43)c2)cc1,C1CCOC1,3.640329,val
20388,c1ccc(-c2cc3c(-c4ccccc4)c4cccc5c(-c6ccccc6)cc6c(-c7ccccc7)c7cccc2c7c3c6c54)cc1,ClCCl,2.6617193,val
20392,c1ccc(-c2cc3cc4cc(-c5ccccc5)oc4cc3o2)cc1,ClCCl,3.5859866,val
20396,c1ccc(-c2cc3cc4ccccc4cc3p2-c2ccccc2)cc1,ClCCl,3.2137473,val
20401,c1ccc(-c2cc3ccc4cccc5ccc(c2)c3c45)nc1,Cc1ccccc1,3.5652938,val
20405,c1ccc(-c2cc3ccccc3p2-c2ccccc2)cc1,C1CCOC1,3.7236269,val
20417,c1ccc(-c2ccc(-c3ccc(N(c4ccccc4)c4ccccc4)cc3)c3nsnc23)cc1,CC(C)=O,2.843883,val
20418,c1ccc(-c2ccc(-c3ccc(N(c4ccccc4)c4ccccc4)cc3)c3nsnc23)cc1,CCCCCC,2.8722823,val
20421,c1ccc(-c2ccc(-c3ccc4c(c3)CCO4)cc2)cc1,C1CCCCC1,4.207541,val
20423,c1ccc(-c2ccc(-c3ccccc3)cc2)cc1,C1COCCO1,4.317266,val
20424,c1ccc(-c2ccc(-c3ccccc3)cc2)cc1,CCO,4.3269367,val
20426,c1ccc(-c2ccc(-c3nc(-n4c5ccccc5c5ccc6c7ccccc7n(-c7ccccc7)c6c54)nc(-n4c5ccccc5c5ccc6c7ccccc7n(-c7ccccc7)c6c54)n3)cc2)cc1,Cc1ccccc1,3.578855,val
20429,c1ccc(-c2ccc3c(c2)C(c2ccccc2)(c2ccccc2)c2cc(-c4ccccc4)ccc2N3)cc1,CC#N,3.9352112,val
20430,c1ccc(-c2ccc3c(c2)C(c2ccccc2)(c2ccccc2)c2cc(-c4ccccc4)ccc2N3)cc1,CCCCO,3.8487883,val
20436,c1ccc(-c2ccc3c(c2)C2(c4ccccc4-c4ccccc42)c2ccccc2-3)cc1,C1CCCCC1,3.9823103,val
20439,c1ccc(-c2ccc3c(c2)c2ccccc2n2c4ccccc4nc32)cc1,CC#N,3.6841846,val
20440,c1ccc(-c2ccc3c4ccc(-c5ccccc5)c5c(-c6ccccc6)ccc(c6ccc(-c7ccccc7)c2c36)c54)cc1,ClCCl,3.101428,val
20441,c1ccc(-c2ccc3c4ccc(-c5ccccc5)c5c(-c6ccccc6)ccc(c6cccc2c63)c54)cc1,ClCCl,3.0038598,val
20443,c1ccc(-c2cccc(N3c4cc(-c5ccccc5)ccc4B4c5ccc(N(c6ccccc6)c6ccccc6)cc5N(c5ccccc5)c5cccc3c54)c2)cc1,ClCCl,2.9197974,val
20444,c1ccc(-c2cccc3c2-c2ccccc2C32c3ccccc3-c3ccccc32)cc1,C1CCCCC1,4.1816278,val
20446,c1ccc(-c2cccc3cnc(-c4ccccc4)n23)cc1,ClCCl,3.708785,val
20448,c1ccc(-c2ccccc2)cc1,C1COCCO1,4.9005156,val
20450,c1ccc(-c2ccnc3c2ccc2c(-c4ccccc4)ccnc23)cc1,ClCCl,3.5025754,val
20451,c1ccc(-c2ccnc3ncnn23)cc1,ClCCl,3.8739538,val
20457,c1ccc(-c2cnn(-c3ccc(N(c4ccccc4)c4ccccc4)cc3)n2)cc1,C1CCOC1,3.6998775,val
20466,c1ccc(-c2nc(-c3ccc(-c4ccc(-n5c6ccccc6c6ccccc65)cc4)cn3)oc2-c2ccccc2)cc1,C1COCCO1,3.670415,val
20482,c1ccc(-c2nc(-c3ccc(-c4ccc(N(c5ccccc5)c5ccccc5)cc4)cn3)oc2-c2ccccc2)cc1,CCCCCC,3.560541,val
20487,c1ccc(-c2nc(-c3ccc(-c4ccc(N(c5ccccc5)c5ccccc5)cc4)cn3)oc2-c2ccccc2)cc1,c1ccccc1,3.5364249,val
20489,c1ccc(-c2nc(-c3ccc(-c4cncc5ccccc45)cc3)[nH]c2-c2ccccc2)cc1,C1CCOC1,3.4993286,val
20499,c1ccc(-c2nc(-c3ccc(-c4nc(-c5ccccc5)c(-c5ccccc5)[nH]4)s3)[nH]c2-c2ccccc2)cc1,C1CCOC1,3.2413104,val
20500,c1ccc(-c2nc(-c3ccc(-c4nc(-c5ccccc5)c(-c5ccccc5)[nH]4)s3)[nH]c2-c2ccccc2)cc1,CC#N,3.2235558,val
20506,c1ccc(-c2nc(-c3ccc(-c4nc(-c5ccccc5)c(-c5ccccc5)[nH]4)s3)[nH]c2-c2ccccc2)cc1,ClC(Cl)Cl,3.195594,val
20514,c1ccc(-c2nc(-c3ccccc3)c(-c3ccccc3)[nH]2)cc1,CO,4.108936,val
20523,c1ccc(-c2nc(-c3ccccc3)nc(-c3ccc(-c4ccc(N5c6ccccc6[Si](c6ccccc6)(c6ccccc6)c6ccccc65)cc4)cc3)n2)cc1,Cc1ccccc1,3.3057568,val
20525,c1ccc(-c2nc(-c3ccccc3)nc(-c3ccc(-c4ccc5c(c4)C4(c6ccccc6-c6ccccc64)c4ccccc4N5c4ccccc4)cc3)n2)cc1,c1cc(-c2cccc(-n3c4ccccc4c4ccccc43)c2)cc(-n2c3ccccc3c3ccccc32)c1,3.2070513,val
20529,c1ccc(-c2nc(-c3ccccc3)nc(-c3ccc(-n4c5ccc(-n6c7ccccc7c7ccccc76)cc5c5cc(-n6c7ccccc7c7ccccc76)ccc54)cc3)n2)cc1,Cc1ccccc1,3.4473808,val
20538,c1ccc(-c2nc(-c3ccccc3)nc(-c3ccc(-n4c5ccccc5c5cc6c7ccccc7n7c8ccccc8c(c54)c67)cc3)n2)cc1,Cc1ccccc1,3.27848,val
20541,c1ccc(-c2nc(-c3ccccc3)nc(-c3ccc(-n4c5ccccc5c5ccccc54)cc3)n2)cc1,Cc1ccccc1,3.414291,val
20546,c1ccc(-c2nc(-c3ccccc3)nc(-c3ccc(N4c5ccccc5CCc5ccccc54)cc3)n2)cc1,Cc1ccccc1,3.3275132,val
20559,c1ccc(-c2nc3c(c4c2-c2ccccc2CC4)-c2ccccc2CC3)cc1,CC#N,3.8646007,val
20563,c1ccc(-c2nc3c(c4c2-c2ccccc2CC4)-c2ccccc2CC3)cc1,CS(C)=O,3.7898283,val
20566,c1ccc(-c2nc3c(ccc4[nH]ccc43)o2)cc1,C1CCCCC1,3.8270054,val
20568,c1ccc(-c2nc3c(ccc4[nH]ccc43)o2)cc1,CC#N,3.828776,val
20573,c1ccc(-c2nc3c4ccccc4c4ccccc4c3n2-c2ccccc2)cc1,C1CCOC1,3.7935824,val
20580,c1ccc(-c2nc3nc4ccccc4nc3n2-c2ccccc2)cc1,CC#N,3.456143,val
20586,c1ccc(-c2ncc3ccccn23)cc1,CO,3.8314767,val
20590,c1ccc(-c2nn(-c3ccccc3)c3nc4ccc(-n5c6ccccc6c6ccccc65)cc4cc23)cc1,CC#N,3.025577,val
20594,c1ccc(-c2nn(-c3ccccc3)c3nc4ccc(-n5c6ccccc6c6ccccc65)cc4cc23)cc1,CN(C)C=O,2.9855182,val
20603,c1ccc(-c2nn(-c3ccccc3)c3nc4ccc(N(c5ccccc5)c5ccccc5)cc4cc23)cc1,C1CCOC1,2.823169,val
20606,c1ccc(-c2nn(-c3ccccc3)c3nc4ccc(N(c5ccccc5)c5ccccc5)cc4cc23)cc1,CCCCCl,2.8240902,val
20615,c1ccc(-c2nn(-c3ccccc3)c3nc4ccccc4cc23)cc1,CN(C)C=O,3.0309513,val
20620,c1ccc(-c2nn(-c3ccccn3)c3nc4ccccc4cc23)cc1,CCCCOCCCC,3.241254,val
20622,c1ccc(-c2nnc(-c3cc(-c4nnc(-c5ccccc5)o4)c(-n4c5ccccc5c5ccccc54)cc3-n3c4ccccc4c4ccccc43)o2)cc1,Cc1ccccc1,3.499773,val
20627,c1ccc(-c2nnc3ccccn23)cc1,ClCCl,4.468027,val
20636,c1ccc(-c2oc3ccc4c(ccc5oc(-c6ccccc6)c(-c6ccccc6)c54)c3c2-c2ccccc2)cc1,ClCCl,3.7076943,val
20637,c1ccc(-c2pc3ccccc3s2)cc1,CC#N,3.6491408,val
20639,c1ccc(-n2c(-c3ccc(-c4c5ccccc5c(-c5cccc(-n6c7ccccc7c7ccccc76)c5)c5ccccc45)cc3)nc3c4ccccc4c4ccccc4c32)cc1,ClCCl,3.2611732,val
20646,c1ccc(-n2c(-c3cccc(-c4c5ccccc5c(-c5cccc(-n6c7ccccc7c7ccccc76)c5)c5ccccc45)c3)nc3c4ccccc4c4ccccc4c32)cc1,ClCCl,3.4600172,val
20647,c1ccc(-n2c(-c3cccc4ccccc34)nc3c4cccc5ccc6cccc(c6c54)c32)cc1,C1CCOC1,3.5562444,val
20652,c1ccc(-n2c3ccccc3c3cc(-c4cccc(-n5c6ccccc6c6c7sc8ccccc8c7ccc65)c4)ccc32)cc1,ClCCl,3.577098,val
20655,c1ccc(-n2c3ccccc3c3cc(-c4ccn5nc(-c6ccc(-n7c8ccccc8c8ccccc87)cc6)nc5c4)ccc32)cc1,C1CCOC1,3.5017924,val
20657,c1ccc(-n2c3ccccc3c3cc(-n4ccc5cc(-c6ccc(C7(c8ccccc8)c8ccccc8-c8ccccc87)cc6)ccc54)ccc32)cc1,ClCCl,3.789967,val
20678,c1ccc(B2Nc3cc4c(cc3-c3occc32)NB(c2ccccc2)c2ccoc2-4)cc1,ClCCl,3.1126945,val
20679,c1ccc(B2Nc3cc4c(cc3-c3sc5ccccc5c32)NB(c2ccccc2)c2c-4sc3ccccc23)cc1,ClCCl,2.799525,val
20697,c1ccc(C2=C(c3ccccc3)c3ccc4c5c(ccc(c35)O2)OC(c2ccccc2)=C4c2ccccc2)cc1,ClCCl,2.4696603,val
20703,c1ccc(C2=C(c3ccccn3)[Si](c3ccccc3)(c3ccccc3)c3ccccc32)cc1,ClCCl,3.7904878,val
20705,c1ccc(C2=C3c4ccccc4C4=[N+]3[B-]3(Oc5ccccc54)Oc4ccccc4-c4c5ccccc5c2n43)cc1,ClCCl,1.8817794,val
20709,c1ccc(C2CCN3COc4c5ccccc5c5c6c7c(c2c3c46)C(c2ccccc2)CCN7CO5)cc1,CCOC(C)=O,3.1324537,val
20722,c1ccc(Cn2c3ccccc3c3c(-c4ccccc4)c4oc5ccccc5c4cc32)cc1,CCO,3.698412,val
20731,c1ccc(N(c2ccccc2)c2ccc(-c3cc4cc5oc(-c6ccc(N(c7ccccc7)c7ccccc7)cc6)cc5cc4o3)cc2)cc1,ClCCl,3.0895958,val
20734,c1ccc(N(c2ccccc2)c2ccc(-c3ccc(-c4ccc(-c5ccncn5)s4)cc3)cc2)cc1,CC#N,3.2502372,val
20748,c1ccc(N(c2ccccc2)c2ccc(-c3cccc4nc5ccccc5cc34)cc2)cc1,CCN(CC)CC,3.3293324,val
20757,c1ccc(N(c2ccccc2)c2ccc(-c3nc4c5ccccc5c5ccccc5c4[nH]3)cc2)cc1,CC(=O)O,3.2730885,val
20758,c1ccc(N(c2ccccc2)c2ccc(-c3nc4c5ccccc5c5ccccc5c4[nH]3)cc2)cc1,CCCCO,3.2765582,val
20759,c1ccc(N(c2ccccc2)c2ccc(-c3nc4c5ccccc5c5ccccc5c4[nH]3)cc2)cc1,CCO,3.274097,val
20760,c1ccc(N(c2ccccc2)c2ccc(-c3nc4c5ccccc5c5ccccc5c4n3-c3ccccc3)cc2)cc1,ClCCl,3.4619956,val
20761,c1ccc(N(c2ccccc2)c2ccc(-c3nc4ccccc4n3-c3ccccc3)cc2)cc1,CC#N,3.7020473,val
20762,c1ccc(N(c2ccccc2)c2ccc(-c3nc4ccccc4s3)cc2)cc1,CO,3.3730931,val
20767,c1ccc(N(c2ccccc2)c2ccc(-c3ncc(-c4cnc(-c5ccc(N(c6ccccc6)c6ccccc6)cc5)s4)s3)cc2)cc1,CO,2.987475,val
20769,c1ccc(N(c2ccccc2)c2ccc(-n3ccc4cc(-c5ccc(C6(c7ccccc7)c7ccccc7-c7ccccc76)cc5)ccc43)cc2)cc1,ClCCl,3.7817025,val
20778,c1ccc(N(c2ccccc2)c2ccc3c(ccc4nc5ccc6cc(N(c7ccccc7)c7ccccc7)ccc6c5nc43)c2)cc1,CN(C)C=O,2.7581644,val
20782,c1ccc(N(c2ccccc2)c2ccc3c4cccc5c(N(c6ccccc6)c6ccccc6)ccc(c6cccc2c63)c54)cc1,C1CCOC1,2.5192916,val
20786,c1ccc(N(c2ccccc2)c2ccc3ccc4c(N(c5ccccc5)c5ccccc5)ccc5ccc2c3c54)cc1,Cc1ccccc1,3.0577903,val
20795,c1ccc(N2c3ccc4ccccc4c3-c3c4ccccc4cn[n+]3[B-]2(c2ccccc2)c2ccccc2)cc1,Cc1ccccc1,2.5615544,val
20797,c1ccc(N2c3ccc4ccccc4c3-c3c4ccccc4nc[n+]3[B-]2(c2ccccc2)c2ccccc2)cc1,C1CCCCC1,2.2737982,val
20799,c1ccc(N2c3ccc4ccccc4c3-c3c4ccccc4nc[n+]3[B-]2(c2ccccc2)c2ccccc2)cc1,CC#N,2.2851899,val
20804,c1ccc(N2c3ccc4ccccc4c3-c3c4ccccc4nc[n+]3[B-]2(c2ccccc2)c2ccccc2)cc1,Cc1ccccc1,2.2554426,val
20805,c1ccc(N2c3ccc4ccccc4c3-c3c4ccccc4nc[n+]3[B-]2(c2ccccc2)c2ccccc2)cc1,ClC(Cl)Cl,2.2553132,val
20809,c1ccc(N2c3ccccc3Sc3cc(-c4cccc5nc6ccccc6cc45)ccc32)cc1,CCN(CC)CC,3.307792,val
20810,c1ccc(N=Nc2c(-c3ccccc3)[nH]c3ccccc23)cc1,CS(C)=O,3.1585088,val
20811,c1ccc(N=Nc2nc3ccccc3s2)cc1,CO,3.509747,val
20817,c1ccc(Nc2nc(Nc3ccccc3)nc(Nc3ccc4c5cccc6cccc(c7cccc3c74)c65)n2)cc1,C1COCCO1,2.6837564,val
20818,c1ccc(Nc2nc(Nc3ccccc3)nc(Nc3ccc4c5cccc6cccc(c7cccc3c74)c65)n2)cc1,CC#N,2.6986337,val
20822,c1ccc(Nc2nc(Nc3ccccc3)nc(Nc3ccc4cc5ccccc5cc4c3)n2)cc1,CC#N,3.0822177,val
20824,c1ccc(Nc2nc(Nc3ccccc3)nc(Nc3ccc4ccc5cccc6ccc3c4c56)n2)cc1,CC#N,3.6073854,val
20826,c1ccc(Nc2nc(Nc3ccccc3)nc(Nc3ccc4ccc5cccc6ccc3c4c56)n2)cc1,CO,3.6206698,val
20827,c1ccc(Nc2ncnc3ccc(-c4ccccc4)cc23)cc1,ClC(Cl)Cl,3.7476811,val
20844,c1ccc2c(-c3c4ccccc4c(-c4ccc(-n5c6ccccc6c6ccccc65)cc4)c4ccccc34)cccc2c1,ClCCl,3.3345942,val
20845,c1ccc2c(-c3cc(-c4c5ccccc5cc5ccccc45)cc(-c4c5ccccc5cc5ccccc45)c3)c3ccccc3cc2c1,C1CCOC1,3.2824502,val
20847,c1ccc2c(-c3cc4c(ccc5sccc54)s3)cccc2c1,ClCCl,3.7472785,val
20849,c1ccc2c(-c3ccc(-c4nnc(-c5ccc(-c6nnc(-c7ccc(-c8cccc9ccccc89)s7)o6)cc5)o4)s3)cccc2c1,C1COCCO1,3.505494,val
20850,c1ccc2c(-c3ccc(-c4nnc(-c5ccc(-c6nnc(-c7ccc(-c8cccc9ccccc89)s7)o6)cc5)o4)s3)cccc2c1,CC#N,3.5095277,val
20858,c1ccc2c(-c3ccc(-c4nnc(-c5ccc(-c6nnc(-c7ccc(-c8cccc9ccccc89)s7)o6)cc5)o4)s3)cccc2c1,Cc1ccccc1,3.4690547,val
20870,c1ccc2c(-n3c4ccccc4c4ccccc43)cccc2c1,CCO,3.8701906,val
20883,c1ccc2c(-n3cnc4ccccc43)cccc2c1,CO,4.3732386,val
20884,c1ccc2c(-n3cnc4ccccc43)cccc2c1,Cc1ccccc1,4.3351736,val
20893,c1ccc2c(c1)-c1cccc3c1B1N2c2ccccc2N1c1ccccc1-3,ClCCl,3.2682157,val
20898,c1ccc2c(c1)-c1ccccc1C21c2ccccc2-c2c1c1c3ccccc3ccc1c1ccccc21,C1CCOC1,3.2017376,val
20903,c1ccc2c(c1)-c1ccccc1C21c2ccccc2-c2ncccc21,CC1CCCO1,4.1586823,val
20907,c1ccc2c(c1)-c1ccccc1N1B3c4c(cccc4-c4ccccc41)-c1ccccc1N32,ClCCl,3.3177845,val
20921,c1ccc2c(c1)Cc1cc3c(cc1-2)Cc1ccccc1-3,C1CCCCC1,3.5839028,val
20927,c1ccc2c(c1)Nc1ccccc1S2,CC#N,3.939025,val
20929,c1ccc2c(c1)OB1Oc3ccccc3-c3c1c-2c1c2c3-c3ccccc3OB2Oc2ccccc2-1,ClCCl,2.955021,val
20930,c1ccc2c(c1)OP1(=NP(Oc3ccc4ccc5cccc6ccc3c4c56)(Oc3ccc4ccc5cccc6ccc3c4c56)=NP(Oc3ccc4ccc5cccc6ccc3c4c56)(Oc3ccc4ccc5cccc6ccc3c4c56)=N1)Oc1ccccc1-2,ClCCl,3.601378,val
20937,c1ccc2c(c1)Sc1ccccc1N2c1ccc2c(c1)C1(CC1)c1cc(N3c4ccccc4Sc4ccccc43)ccc1-2,Cc1ccccc1,3.6438,val
20940,c1ccc2c(c1)Sc1ccccc1N2c1ccc2c(ccc3nc4ccc5cc(N6c7ccccc7Sc7ccccc76)ccc5c4nc32)c1,C1CCCCC1,2.907482,val
20946,c1ccc2c(c1)[nH]c1c3[nH]c4ccccc4c3c3nsnc3c21,CN(C)C=O,3.0194604,val
20950,c1ccc2c(c1)[nH]c1ccccc12,CCCCCC,3.9576502,val
20951,c1ccc2c(c1)[nH]c1cccnc12,C1CCCCC1,3.7262857,val
20956,c1ccc2c(c1)[nH]c1cccnc12,Cc1ccccc1,3.6956646,val
20960,c1ccc2c(c1)[nH]c1ncccc12,CC#N,3.7819138,val
20963,c1ccc2c(c1)c1ccc3cccc4c3c1c2c1c2cccc3ccc5c6ccccc6c(c5c32)c41,ClCCl,2.6106699,val
20975,c1ccc2c(c1)c1ccccc1n2-c1ccc(-c2cc3cc4oc(-c5ccc(-n6c7ccccc7c7ccccc76)cc5)cc4cc3o2)cc1,ClCCl,3.2753386,val
20978,c1ccc2c(c1)c1ccccc1n2-c1ccc(-c2ccc(-c3ccc(-c4ccncn4)s3)cc2)cc1,CS(C)=O,3.4059093,val
20979,c1ccc2c(c1)c1ccccc1n2-c1ccc(-c2ccc(-c3ccc(-n4c5ccccc5c5ccccc54)nc3-n3c4ccccc4c4ccccc43)nn2)c(-n2c3ccccc3c3ccccc32)n1,CC#N,3.6388988,val
20982,c1ccc2c(c1)c1ccccc1n2-c1ccc(-c2ccc(-c3ccncn3)s2)cc1,CS(C)=O,3.4059343,val
20985,c1ccc2c(c1)c1ccccc1n2-c1ccc(-c2ccc(-n3c4ccccc4c4ccccc43)nc2-n2c3ccccc3c3ccccc32)nn1,ClCCl,3.6809225,val
20993,c1ccc2c(c1)cc1c3cc4ccccc4c4cccc(c5cccc2c51)c43,Cc1ccccc1,2.5884042,val
21003,c1ccc2c(c1)ccc1ccc3ccc4ccccc4c3c12,ClC(Cl)Cl,3.4769104,val
21004,c1ccc2c(c1)ccc1ccccc12,C1CCCCC1,4.1209354,val
21006,c1ccc2c(c1)ccc1ncc3ccc4cnccc4c3c12,CC#N,3.2443016,val
21021,c1ccc2c3c(ccc2c1)-c1cccc2c1c-3cc1ccccc12,CCCCCCC,2.9342093,val
21033,c1ccc2cc(-n3c4ccccc4c4ccccc43)ccc2c1,CO,3.901092,val
21035,c1ccc2cc(-n3c4ccccc4c4ccccc43)ccc2c1,ClC(Cl)Cl,3.894701,val
21042,c1ccc2cc(-n3cnc4ccccc43)ccc2c1,CO,4.4579916,val
21043,c1ccc2cc(-n3cnc4ccccc43)ccc2c1,Cc1ccccc1,4.419981,val
21047,c1ccc2cc3c(cc2c1)cc1c2cccc4c5cc6ccccc6cc5cc(c5cccc3c51)c42,Cc1ccccc1,2.3655338,val
21050,c1ccc2cc3c(cc2c1)cc1ccc2cc4c5cc6ccccc6cc5cc5ccc6cc3c1c2c6c54,Cc1ccccc1,2.3069217,val
21060,c1ccc2nc(-n3c4ccccc4c4ccccc43)c(-n3c4ccccc4c4ccccc43)nc2c1,Cc1ccccc1,3.1251013,val
21066,c1ccc2nc3cccc(-c4ccc(-n5c6ccccc6c6ccccc65)cc4)c3cc2c1,CC#N,3.4872322,val
21068,c1ccc2nc3cccc(-c4ccc(-n5c6ccccc6c6ccccc65)cc4)c3cc2c1,CC(C)OC(C)C,3.4985702,val
21095,c1ccncc1,ClC(Cl)Cl,4.4509068,val
21096,c1ccncc1,O,4.6032186,val
21099,c1cnc(-c2c3ccccc3c(-c3ncccn3)c3ccccc23)nc1,CCO,3.2512202,val
21105,c1cncc(-c2cccc3c2-c2ccccc2C32c3ccccc3-c3ccccc32)c1,C1CCCCC1,4.071205,val
21113,c1csc(-c2ccc(-c3ccc(-c4cccs4)s3)s2)c1,CCCCCCCCCCCCCC,3.3083668,val
21114,c1csc(-c2ccc(-c3ccc(-c4cccs4)s3)s2)c1,ClCCl,3.2152698,val
21118,c1csc(-c2ccc(N=Nc3nc4ccccc4s3)s2)c1,C1COCCO1,2.273585,val
21130,c1csc(-c2cnc(-c3cccs3)c3nonc23)c1,CO,2.677307,val
21137,c1csc(-c2cnc(-c3cccs3)c3nonc23)c1,OCc1ccccc1,2.6478634,val
21139,c1csc(-c2cnc(-c3cccs3)c3nonc23)c1,c1ccccc1,2.6439416,val
21143,c1csc(-c2nnc3ccccn23)c1,ClCCl,4.3762045,val
